time_s,is_control_reporting_time,reference_doc,uniform_full_power_doc,target_full_power_doc,target_full_power_outside_doc,feasibility_deficit,reference_minus_target_full_power,target_full_power_minus_reference,uniform_full_power_minus_reference,uniform_o2_mean,uniform_tempo_mean,uniform_dose_mean,uniform_reaction_progress_mean,o2_target_mean,tempo_target_mean,dose_target_mean,reaction_progress_target_mean,mpc_target_doc,mpc_tracking_error,target_region_control_mean
0,1,0.0113180351899,0,0,0,0.0113180351899,0.0113180351899,-0.0113180351899,-0.0113180351899,27.7116832733,0,0,0,27.7116985321,0,0,0,0,-0.0113180351899,0.98606128597
0.05,0,0.0200837198577,0,0,0,0.0200837198577,0.0200837198577,-0.0200837198577,-0.0200837198577,26.2116832733,0,0,0,26.2226467133,0,0,0,0,-0.0200837198577,0.98606128597
0.1,0,0.0200837198577,0,0,0,0.0200837198577,0.0200837198577,-0.0200837198577,-0.0200837198577,24.7116832733,0,0,0,24.7394618988,0,0,0,0,-0.0200837198577,0.98606128597
0.15,0,0.0200837198577,0,0,0,0.0200837198577,0.0200837198577,-0.0200837198577,-0.0200837198577,23.211687088,0,0,0,23.2605743408,0,0,0,0,-0.0200837198577,0.98606128597
0.2,0,0.0201932585345,0,0,0,0.0201932585345,0.0201932585345,-0.0201932585345,-0.0201932585345,21.711687088,0,0,0,21.7852401733,0,0,0,0,-0.0201932585345,0.98606128597
0.25,0,0.0209394557493,0,0,0,0.0209394557493,0.0209394557493,-0.0209394557493,-0.0209394557493,20.2116889954,0,0,0,20.3130054474,0,0,0,0,-0.0209394557493,0.98606128597
0.3,0,0.0216145177647,0,0,0,0.0216145177647,0.0216145177647,-0.0216145177647,-0.0216145177647,18.7116889954,0,0,0,18.8435554504,0,0,0,0,-0.0216145177647,0.98606128597
0.35,0,0.0231679800993,0,0,0,0.0231679800993,0.0231679800993,-0.0231679800993,-0.0231679800993,17.2116928101,0,0,0,17.3766536713,0,0,0,0,-0.0231679800993,0.98606128597
0.4,0,0.0253930269534,0,0,0,0.0253930269534,0.0253930269534,-0.0253930269534,-0.0253930269534,15.7116918564,0,0,0,15.9121131897,0,0,0,0,-0.0253930269534,0.98606128597
0.45,0,0.0285741570601,0,0,0,0.0285741570601,0.0285741570601,-0.0285741570601,-0.0285741570601,14.2116947174,0,0,0,14.4497833252,0,0,0,0,-0.0285741570601,0.98606128597
0.5,1,0.0317452645613,0,0,0,0.0317452645613,0.0317452645613,-0.0317452645613,-0.0317452645613,12.7116975784,0,0,0,12.9895410538,0,0,0,0,-0.0317452645613,0.98606128597
0.55,0,0.0369521632784,0,0,0,0.0369521632784,0.0369521632784,-0.0369521632784,-0.0369521632784,11.2117004395,0,0,0,11.5312757492,0,0,0,0.00482192002237,-0.032130243256,0.993358294127
0.6,0,0.041879776379,0,0,0,0.041879776379,0.041879776379,-0.041879776379,-0.041879776379,9.71170043945,0,0,0,10.0749015808,0,0,0,0.00964384004474,-0.0322359363343,0.993358294127
0.65,0,0.049617847643,0,0,0,0.049617847643,0.049617847643,-0.049617847643,-0.049617847643,8.21170043945,0,0,0,8.62033367157,0,0,0,0.0144657600671,-0.0351520875759,0.993358294127
0.7,0,0.0577712051235,0,0,0,0.0577712051235,0.0577712051235,-0.0577712051235,-0.0577712051235,6.71169996262,0,0,0,7.16750383377,0,0,0,0.0192876800895,-0.038483525034,0.993358294127
0.75,0,0.0679607059176,0,0,0,0.0679607059176,0.0679607059176,-0.0679607059176,-0.0679607059176,5.21170091629,0,0,0,5.71634674072,0,0,0,0.0241096001118,-0.0438511058058,0.993358294127
0.8,0,0.079302004813,0,0,0,0.079302004813,0.079302004813,-0.079302004813,-0.079302004813,3.71170067787,0,0,0,4.26680660248,0,0,0,0.0289315201342,-0.0503704846788,0.993358294127
0.85,0,0.0928196031163,0,0,0,0.0928196031163,0.0928196031163,-0.0928196031163,-0.0928196031163,2.21170043945,0,0,0,2.81883144379,0,0,0,0.0337534401566,-0.0590661629597,0.993358294127
0.9,0,0.108467206989,0,0,0,0.108467206989,0.108467206989,-0.108467206989,-0.108467206989,0.711700439453,0,0,0,1.37237417698,0,0,0,0.0385753601789,-0.0698918468097,0.993358294127
0.95,0,0.126002977448,0.022416414693,0.0187689848244,0,0.107233992624,0.107233992624,-0.107233992624,-0.103586562755,0,0,0.788299500942,0.0226715058088,0.587298810482,0,0.65990704298,0.0189789254218,0.0433972802013,-0.0826056972468,0.993358294127
1,1,0.144699600818,0.0636925920844,0.0553781799972,0,0.0893214208207,0.0893214208207,-0.0893214208207,-0.0810070087335,0,0,2.28829956055,0.0658114701509,0.472162693739,0,1.98831808567,0.0571840293705,0.0482192002237,-0.0964804005942,0.993358294127
1.05,0,0.164926908532,0.103226132691,0.0911971032619,0,0.0737298052702,0.0737298052702,-0.0737298052702,-0.0617007758412,0,0,3.78829932213,0.108951531351,0.385296404362,0,3.34360074997,0.0961619541049,0.0802301373333,-0.0846967711989,0.985006187975
1.1,0,0.186719856285,0.141090348363,0.126130342484,0,0.0605895138012,0.0605895138012,-0.0605895138012,-0.0456295079218,0,0,5.28829956055,0.152091488242,0.322001248598,0,4.72109031677,0.135778546333,0.112241074443,-0.0744787818418,0.985006187975
1.15,0,0.21055272519,0.177355781198,0.159968137741,0,0.0505845874488,0.0505845874488,-0.0505845874488,-0.0331969439924,0,0,6.78830003738,0.195231467485,0.27338385582,0,6.11192703247,0.175778985023,0.144252011552,-0.0663007136375,0.985006187975
1.2,0,0.235875073535,0.212089970708,0.192548364401,0,0.0433267091337,0.0433267091337,-0.0433267091337,-0.0237851028267,0,0,8.28830051422,0.238371506333,0.231914028525,0,7.508664608,0.215949252248,0.176262948662,-0.0596121248725,0.985006187975
1.25,0,0.260816980478,0.245357602835,0.22387984395,0,0.0369371365278,0.0369371365278,-0.0369371365278,-0.0154593776433,0,0,9.78830051422,0.281511425972,0.195779457688,0,8.90989017487,0.256248533726,0.208273885772,-0.0525430947064,0.985006187975
1.3,0,0.286210516884,0.277220726013,0.25398811698,0,0.0322223999041,0.0322223999041,-0.0322223999041,-0.00898979087047,0,0,11.2883005142,0.324651658535,0.163758322597,0,10.3148069382,0.296653926373,0.240284822881,-0.0459256940024,0.985006187975
1.35,0,0.314766124207,0.307738363743,0.283061206341,0,0.0317049178664,0.0317049178664,-0.0317049178664,-0.00702776046441,0,0,12.7883033752,0.367791324854,0.140433341265,0,11.7283058167,0.337306261063,0.272295759991,-0.0424703642164,0.985006187975
1.4,0,0.341943237567,0.336967498064,0.311134248972,0,0.0308089885952,0.0308089885952,-0.0308089885952,-0.0049757395031,0,0,14.2883052826,0.41093146801,0.125027522445,0,13.1498250961,0.37818929553,0.3043066971,-0.0376365404667,0.985006187975
1.45,0,0.363281591975,0.364962637424,0.338134527206,0,0.0251470647681,0.0251470647681,-0.0251470647681,0.00168104544992,0,0,15.7883081436,0.454071193933,0.112720131874,0,14.5750160217,0.419178038836,0.33631763421,-0.0269639577646,0.985006187975
1.5,1,0.393948572566,0.391775339842,0.364084929228,0,0.0298636433379,0.0298636433379,-0.0298636433379,-0.00217323272388,0,0,17.2883090973,0.497211456299,0.102284900844,0,16.0030727386,0.46024915576,0.36832857132,-0.0256200012461,0.985006187975
1.55,0,0.418135141925,0.417456507683,0.389018684626,0,0.0291164572996,0.0291164572996,-0.0291164572996,-0.000678634242422,0,0,18.7883110046,0.540351688862,0.0932418331504,0,17.4336185455,0.501391887665,0.390292322636,-0.0278428192896,0.984856895157
1.6,0,0.443375298178,0.442052960396,0.41296762228,0,0.0304076758982,0.0304076758982,-0.0304076758982,-0.00132233778256,0,0,20.2883110046,0.583491742611,0.0852181091905,0,18.8662910461,0.542595922947,0.412256073952,-0.0311192242266,0.984856895157
1.65,0,0.466653045707,0.465611070395,0.435965776443,0,0.0306872692636,0.0306872692636,-0.0306872692636,-0.00104197531258,0,0,21.7883148193,0.626631200314,0.0779986605048,0,20.3008499146,0.583854198456,0.434219825268,-0.0324332204393,0.984856895157
1.7,0,0.494181557642,0.488174498081,0.458046734333,0,0.0361348233087,0.0361348233087,-0.0361348233087,-0.00600705956055,0,0,23.2883148193,0.669771254063,0.0714265927672,0,21.7370986938,0.625161170959,0.456183576584,-0.0379979810579,0.984856895157
1.75,0,0.515093171547,0.5097848773,0.479244053364,0,0.0358491181829,0.0358491181829,-0.0358491181829,-0.00530829424641,0,0,24.7883167267,0.71291154623,0.0654067695141,0,23.1749000549,0.666512846947,0.4781473279,-0.0369458436467,0.984856895157
1.8,0,0.539196076375,0.530483305454,0.499591559172,0,0.0396045172036,0.0396045172036,-0.0396045172036,-0.00871277092102,0,0,26.2883167267,0.756051599979,0.0599058046937,0,24.6141643524,0.707906723022,0.500111079216,-0.0390849971593,0.984856895157
1.85,0,0.560829723506,0.550307750702,0.519120514393,0,0.0417092091134,0.0417092091134,-0.0417092091134,-0.0105219728044,0,0,27.7883167267,0.799190998077,0.0548294372857,0,26.0547618866,0.749338984489,0.522074830532,-0.0387548929742,0.984856895157
1.9,0,0.581964464452,0.569294631481,0.537861287594,0,0.0441031768579,0.0441031768579,-0.0441031768579,-0.0126698329705,0,0,29.2883167267,0.842331111431,0.0501074977219,0,27.4965820312,0.790806412697,0.544038581848,-0.0379258826036,0.984856895157
1.95,0,0.601450372341,0.587480485439,0.555843770504,0,0.0456066018369,0.0456066018369,-0.0456066018369,-0.0139698869016,0,0,30.7883167267,0.885471522808,0.0456927195191,0,28.939540863,0.832306623459,0.566002333164,-0.0354480391767,0.984856895157
2,1,0.620757979813,0.604898333549,0.573096871376,0,0.0476611084371,0.0476611084371,-0.0476611084371,-0.0158596462637,0,0,32.288318634,0.928611636162,0.0415494926274,0,30.3835639954,0.873837590218,0.58796608448,-0.0327918953329,0.984856895157
2.05,0,0.638257940507,0.621580243111,0.589649021626,0,0.0486089188816,0.0486089188816,-0.0486089188816,-0.0166776973965,0,0,33.788318634,0.971751928329,0.0376552641392,0,31.8285942078,0.915397524834,0.60227034688,-0.0359875936272,0.982102607694
2.1,0,0.655009290151,0.637558102608,0.605527043343,0,0.0494822468083,0.0494822468083,-0.0494822468083,-0.0174511875432,0,0,35.288318634,1.01489150524,0.0339769981802,0,33.2745628357,0.956984817982,0.61657460928,-0.0384346808713,0.982102607694
2.15,0,0.670172583777,0.652861177921,0.62075728178,1.53711585682e-08,0.0494153019965,0.0494153019965,-0.0494153019965,-0.0173114058555,0,0,36.788318634,1.05803179741,0.030493112281,0,34.7214241028,0.998597562313,0.630878871679,-0.0392937120975,0.982102607694
2.2,0,0.683529618425,0.667518675327,0.635365009308,6.81698324456e-08,0.0481646091176,0.0481646091176,-0.0481646091176,-0.0160109430981,0,0,38.288318634,1.10117197037,0.0271931421012,0,36.1691360474,1.04023504257,0.645183134079,-0.0383464843465,0.982102607694
2.25,0,0.701049659371,0.681556761265,0.649374485016,1.4762848366e-07,0.0516751743556,0.0516751743556,-0.0516751743556,-0.0194928981067,0,0,39.7883224487,1.14431107044,0.0240546967834,0,37.6176490784,1.08189547062,0.659487396479,-0.0415622628928,0.982102607694
2.3,0,0.714649876708,0.69500207901,0.662809491158,2.50216260156e-07,0.0518403855508,0.0518403855508,-0.0518403855508,-0.0196477976983,0,0,41.2883224487,1.1874512434,0.0210658144206,0,39.0669288635,1.12357795238,0.673791658878,-0.04085821783,0.982102607694
2.35,0,0.728404446691,0.707880198956,0.675692617893,3.73327594616e-07,0.0527118287974,0.0527118287974,-0.0527118287974,-0.0205242477351,0,0,42.7883224487,1.23059117794,0.0182167608291,0,40.5169334412,1.1652816534,0.688095921278,-0.0403085254126,0.982102607694
2.4,0,0.742720488142,0.720214724541,0.688045680523,5.14752230174e-07,0.054674807619,0.054674807619,-0.054674807619,-0.0225057636012,0,0,44.2883224487,1.27373123169,0.0154943699017,0,41.9676361084,1.20700526237,0.702400183678,-0.0403203044642,0.982102607694
2.45,0,0.753878975761,0.73202753067,0.699889957905,6.72529267831e-07,0.0539890178559,0.0539890178559,-0.0539890178559,-0.0218514450906,0,0,45.7883224487,1.31687176228,0.0128917116672,0,43.4190063477,1.24874830246,0.716704446077,-0.0371745296834,0.982102607694
2.5,1,0.767050901003,0.743341863155,0.711245656013,8.44882663387e-07,0.0558052449899,0.0558052449899,-0.0558052449899,-0.023709037848,0,0,47.288318634,1.36001193523,0.0104006147012,0,44.8710136414,1.29050993919,0.731008708477,-0.0360421925263,0.982102607694
2.55,0,0.775761646417,0.754179000854,0.722132325172,1.03019624476e-06,0.0536293212445,0.0536293212445,-0.0536293212445,-0.0215826455624,0,0,48.788318634,1.4031522274,0.00801404751837,0,46.3236427307,1.3322892189,0.740321934223,-0.0354397121937,0.976080265697
2.6,0,0.785979898845,0.764558494091,0.732569277287,1.22697701954e-06,0.053410621558,0.053410621558,-0.053410621558,-0.0214214047535,0,0,50.288318634,1.44629251957,0.00573814613745,0,47.7768745422,1.3740862608,0.749635159969,-0.0363447388752,0.976080265697
2.65,0,0.796198151272,0.774499475956,0.74259775877,1.43385136653e-06,0.0536003925024,0.0536003925024,-0.0536003925024,-0.0216986753164,0,0,51.788318634,1.48943245411,0.00425105309114,0,49.2313728333,1.4159232378,0.758948385715,-0.0372497655569,0.976080265697
2.7,0,0.804129434255,0.784020841122,0.752258658409,1.64954496995e-06,0.0518707758462,0.0518707758462,-0.0518707758462,-0.0201085931336,0,0,53.288318634,1.53257262707,0.00397611130029,0,50.6877212524,1.45782029629,0.768261611462,-0.0358678227936,0.976080265697
2.75,0,0.811206453282,0.793140113354,0.761544644833,1.87288185316e-06,0.0496618084493,0.0496618084493,-0.0496618084493,-0.0180663399282,0,0,54.788318634,1.57571148872,0.00375469541177,0,52.1449775696,1.49974799156,0.777574837208,-0.0336316160741,0.976080265697
2.8,0,0.818256953655,0.801873981953,0.770467638969,2.1027724415e-06,0.0477893146859,0.0477893146859,-0.0477893146859,-0.0163829717027,0,0,56.288318634,1.61885178089,0.00356604927219,0,53.6030158997,1.54170143604,0.786888062954,-0.0313688907014,0.976080265697
2.85,0,0.830056399486,0.810239613056,0.779041230679,2.33820810536e-06,0.0510151688076,0.0510151688076,-0.0510151688076,-0.01981678643,0,0,57.7883300781,1.66199243069,0.00339450431056,0,55.061756134,1.58367824554,0.7962012887,-0.0338551107861,0.976080265697
2.9,0,0.840569780499,0.818252086639,0.787279248238,2.5782553621e-06,0.0532905322617,0.0532905322617,-0.0532905322617,-0.0223176938599,0,0,59.2883300781,1.70513164997,0.0032428316772,0,56.5211296082,1.62567639351,0.805514514446,-0.035055266053,0.976080265697
2.95,0,0.850887812875,0.825925707817,0.795194864273,2.82205201074e-06,0.0556929486023,0.0556929486023,-0.0556929486023,-0.0249621050583,0,0,60.7883300781,1.74827253819,0.00310836755671,0,57.9811096191,1.66769444942,0.814827740192,-0.036060072683,0.976080265697
3,1,0.855044739473,0.833275198936,0.802800416946,3.06880224343e-06,0.0522443225271,0.0522443225271,-0.0522443225271,-0.021769540537,0,0,62.2883300781,1.79141247272,0.002980948193,0,59.4416427612,1.7097312212,0.824140965939,-0.0309037735349,0.976080265697
3.05,0,0.858466360888,0.84031522274,0.810108661652,3.31776982421e-06,0.048357699236,0.048357699236,-0.048357699236,-0.0181511381474,0,0,63.7883300781,1.83455181122,0.00285925413482,0,60.9027023315,1.75178575516,0.830209088326,-0.0282572725621,0.967960791609
3.1,0,0.86917776483,0.847057402134,0.817131459713,3.56828013537e-06,0.0520463051166,0.0520463051166,-0.0520463051166,-0.0221203626957,0,0,65.2883300781,1.87769293785,0.00274806562811,0,62.3642654419,1.79385685921,0.836277210712,-0.0329005541172,0.967960791609
3.15,0,0.879422301643,0.853515267372,0.823880791664,3.81970858143e-06,0.0555415099787,0.0555415099787,-0.0555415099787,-0.0259070342706,0,0,66.7883300781,1.92083215714,0.00265279994346,0,63.8263130188,1.8359439373,0.842345333099,-0.0370769685434,0.967960791609
3.2,0,0.879422301643,0.8596996665,0.830367267132,4.07148581871e-06,0.049055034511,0.049055034511,-0.049055034511,-0.0197226351427,0,0,68.2883300781,1.96397328377,0.0025625389535,0,65.28881073,1.8780465126,0.848413455486,-0.0310088461565,0.967960791609
3.25,0,0.880452325495,0.865623533726,0.836601436138,4.32308388554e-06,0.0438508893566,0.0438508893566,-0.0438508893566,-0.014828791769,0,0,69.7883300781,2.00711131096,0.00247620465234,0,66.7517547607,1.92016375065,0.854481577873,-0.0259707476215,0.967960791609
3.3,0,0.886873060765,0.871297597885,0.842593610287,4.57402757092e-06,0.0442794504779,0.0442794504779,-0.0442794504779,-0.0155754628795,0,0,71.2883300781,2.05025291443,0.00239324546419,0,68.2151107788,1.96229469776,0.86054970026,-0.0263233605044,0.967960791609
3.35,0,0.893109666309,0.876731753349,0.84835344553,4.82387622469e-06,0.0447562207792,0.0447562207792,-0.0447562207792,-0.0163779129598,0,0,72.7883300781,2.09339165688,0.00231329910457,0,69.6788635254,2.00443887711,0.866617822647,-0.026491843662,0.967960791609
3.4,0,0.898678715134,0.881936490536,0.853890419006,5.07223376189e-06,0.0447882961277,0.0447882961277,-0.0447882961277,-0.0167422245983,0,0,74.2883300781,2.13653326035,0.00223609502427,0,71.1429977417,2.04659605026,0.872685945034,-0.0259927701,0.967960791609
3.45,0,0.901556803703,0.886921167374,0.859213411808,5.31873547516e-06,0.0423433918945,0.0423433918945,-0.0423433918945,-0.0146356363289,0,0,75.7883300781,2.17967224121,0.00216141552664,0,72.6075134277,2.08876562119,0.878754067421,-0.0228027362816,0.967960791609
3.5,1,0.90489798593,0.891695678234,0.864331066608,5.56305485588e-06,0.0405669193212,0.0405669193212,-0.0405669193212,-0.0132023076955,0,0,77.2883300781,2.22281146049,0.0020890799351,0,74.0723876953,2.13094711304,0.884822189808,-0.0200757961217,0.967960791609
3.55,0,0.911413636153,0.896268427372,0.869252026081,5.80489768254e-06,0.0421616100718,0.0421616100718,-0.0421616100718,-0.0151452087809,0,0,78.7883300781,2.26595282555,0.00202496745624,0,75.5375976562,2.1731402874,0.888785809278,-0.0226278268744,0.961291849961
3.6,0,0.918997836961,0.900648474693,0.873983979225,6.04399656368e-06,0.0450138577356,0.0450138577356,-0.0450138577356,-0.0183493622675,0,0,80.2883300781,2.30909132957,0.00196985015646,0,77.0031585693,2.21534490585,0.892749428749,-0.0262484082117,0.961291849961
3.65,0,0.919065100595,0.904843568802,0.878534674644,6.28011412118e-06,0.0405304259506,0.0405304259506,-0.0405304259506,-0.0142215317932,0,0,81.7883300781,2.35223317146,0.00191745208576,0,78.4690475464,2.25756072998,0.89671304822,-0.0223520523754,0.961291849961
3.7,0,0.921657016048,0.908861637115,0.882911324501,6.51303935228e-06,0.0387456915465,0.0387456915465,-0.0387456915465,-0.012795378932,0,0,83.2883300781,2.39537096024,0.00186715100426,0,79.9352493286,2.29978704453,0.90067666769,-0.0209803483572,0.961291849961
3.75,0,0.926500804577,0.912709474564,0.887120783329,6.75896035318e-06,0.0393800212477,0.0393800212477,-0.0393800212477,-0.0137913300131,0,0,84.7883300781,2.43851280212,0.0018186441157,0,81.401763916,2.34202289581,0.904640287161,-0.0218605174159,0.961291849961
3.8,0,0.927375412863,0.916394710541,0.891170084476,7.03644218447e-06,0.0362053283868,0.0362053283868,-0.0362053283868,-0.0109807023225,0,0,86.2883300781,2.48165154457,0.00177173339762,0,82.8685684204,2.38426947594,0.908603906631,-0.0187715062318,0.961291849961
3.85,0,0.928169017471,0.919925332069,0.895065069199,7.33416618459e-06,0.0331039482726,0.0331039482726,-0.0331039482726,-0.00824368540182,0,0,87.7883300781,2.52479314804,0.00172627251595,0,84.3356628418,2.4265255928,0.912567526102,-0.0156014913692,0.961291849961
3.9,0,0.935661491505,0.923305630684,0.898812413216,7.64947708376e-06,0.0368490782898,0.0368490782898,-0.0368490782898,-0.0123558608216,0,0,89.2883300781,2.56793189049,0.00168214610312,0,85.8030319214,2.46879124641,0.916531145573,-0.0191303459328,0.961291849961
3.95,0,0.936208681482,0.926544308662,0.902417600155,7.98069777375e-06,0.0337910813267,0.0337910813267,-0.0337910813267,-0.00966437281913,0,0,90.7883300781,2.61107087135,0.00163925986271,0,87.2706756592,2.51106548309,0.920494765043,-0.0157139164383,0.961291849961
4,1,0.936208681482,0.929645657539,0.905886530876,8.32652494864e-06,0.0303221506054,0.0303221506054,-0.0303221506054,-0.00656302394218,0,0,92.2883300781,2.65421247482,0.00159753253683,0,88.7385864258,2.55334854126,0.924458384514,-0.0117502969677,0.961291849961
4.05,0,0.936208681482,0.932616770267,0.909224629402,8.68584447744e-06,0.0269840520794,0.0269840520794,-0.0269840520794,-0.00359191121406,0,0,93.7883148193,2.69735002518,0.00155689567327,0,90.2067565918,2.59564065933,0.927054089308,-0.00915459217376,0.958244578277
4.1,0,0.944322862404,0.935461640358,0.912436962128,9.05765591597e-06,0.0318859002766,0.0318859002766,-0.0318859002766,-0.0088612220463,0,0,95.2883148193,2.74049210548,0.00151728698984,0,91.6751785278,2.63794088364,0.929649794102,-0.0146730683026,0.958244578277
4.15,0,0.950693723606,0.938186645508,0.915528535843,9.44102066569e-06,0.035165187763,0.035165187763,-0.035165187763,-0.0125070780981,0,0,96.7883148193,2.78363060951,0.00147865246981,0,93.1438293457,2.68024921417,0.932245498896,-0.0184482247103,0.958244578277
4.2,0,0.952338466392,0.940796017647,0.918504238129,9.8350819826e-06,0.0338342282633,0.0338342282633,-0.0338342282633,-0.0115424487452,0,0,98.2883148193,2.82677268982,0.00144094240386,0,94.6127319336,2.72256565094,0.93484120369,-0.0174972627024,0.958244578277
4.25,0,0.952338466392,0.943295836449,0.921368479729,1.02390013126e-05,0.0309699866633,0.0309699866633,-0.0309699866633,-0.00904262994334,0,0,99.7883148193,2.86991143227,0.00140411267057,0,96.0818557739,2.76488995552,0.937436908484,-0.0149015579085,0.958244578277
4.3,0,0.952338466392,0.945690214634,0.924125790596,1.06519864858e-05,0.028212675796,0.028212675796,-0.028212675796,-0.00664825175807,0,0,101.288314819,2.91304922104,0.00136812240817,0,97.5512237549,2.80722212791,0.940032613277,-0.0123058531146,0.958244578277
4.35,0,0.952338466392,0.947983145714,0.926780283451,1.1073279893e-05,0.0255581829409,0.0255581829409,-0.0255581829409,-0.00435532067821,0,0,102.788291931,2.95619177818,0.00133293378167,0,99.0208053589,2.84956121445,0.942628318071,-0.00971014832065,0.958244578277
4.4,0,0.957590752476,0.950180053711,0.929336071014,1.15021475722e-05,0.0282546814612,0.0282546814612,-0.0282546814612,-0.00741069876466,0,0,104.288291931,2.99932980537,0.00129851233214,0,100.490592957,2.89190745354,0.945224022865,-0.0123667296103,0.958244578277
4.45,0,0.959962213076,0.952283024788,0.931796729565,1.19378801173e-05,0.0281654835114,0.0281654835114,-0.0281654835114,-0.00767918828819,0,0,105.788291931,3.04247236252,0.00126482616179,0,101.960601807,2.9342610836,0.947819727659,-0.0121424854169,0.958244578277
4.5,1,0.962051662072,0.954297602177,0.934166491032,1.23797990454e-05,0.0278851710401,0.0278851710401,-0.0278851710401,-0.00775405989509,0,0,107.288291931,3.08561038971,0.00123184500262,0,103.43081665,2.97662162781,0.950415432453,-0.0116362296186,0.958244578277
4.55,0,0.962893639849,0.956227421761,0.936448514462,1.28272431539e-05,0.0264451253873,0.0264451253873,-0.0264451253873,-0.00666621808827,0,0,108.788291931,3.1287522316,0.0011995411478,0,104.901229858,3.01898813248,0.952117073536,-0.0107765663129,0.95597707071
4.6,0,0.962893639849,0.958076238632,0.938646376133,1.32795767058e-05,0.0242472637159,0.0242472637159,-0.0242472637159,-0.00481740121663,0,0,110.288291931,3.17189025879,0.00117089878768,0,106.371833801,3.06136226654,0.953818714619,-0.00907492523014,0.95597707071
4.65,0,0.963675050837,0.959846198559,0.940763652325,1.37361867019e-05,0.0229113985126,0.0229113985126,-0.0229113985126,-0.00382885227848,0,0,111.788291931,3.2150285244,0.00114842096809,0,107.842666626,3.10374331474,0.955520355701,-0.00815469513584,0.95597707071
4.7,0,0.963675050837,0.961541414261,0.942803263664,1.41964883369e-05,0.020871787173,0.020871787173,-0.020871787173,-0.00213363657643,0,0,113.288291931,3.25817012787,0.00112725212239,0,109.313667297,3.14613032341,0.957221996784,-0.00645305405308,0.95597707071
4.75,0,0.966431951983,0.963165104389,0.944768309593,1.46599049913e-05,0.0216636423896,0.0216636423896,-0.0216636423896,-0.00326684759365,0,0,114.788269043,3.30130982399,0.00110701844096,0,110.784866333,3.1885240078,0.958923637867,-0.00750831411586,0.95597707071
4.8,0,0.97021946031,0.964720487595,0.946661531925,1.51258927872e-05,0.0235579283848,0.0235579283848,-0.0235579283848,-0.00549897271543,0,0,116.288269043,3.34445142746,0.00108752097003,0,112.256240845,3.23092293739,0.96062527895,-0.0095941813603,0.95597707071
4.85,0,0.970525289247,0.96620965004,0.948485672474,1.55939233082e-05,0.0220396167733,0.0220396167733,-0.0220396167733,-0.00431563920749,0,0,117.788269043,3.38758897781,0.00106864038389,0,113.727806091,3.27332901955,0.962326920033,-0.00819836921466,0.95597707071
4.9,0,0.971514057071,0.967636466026,0.950243413448,1.60634917847e-05,0.0212706436223,0.0212706436223,-0.0212706436223,-0.00387759104433,0,0,119.288269043,3.43072986603,0.00105029682163,0,115.199546814,3.31574058533,0.964028561115,-0.00748549595537,0.95597707071
4.95,0,0.972348894489,0.969002962112,0.951937496662,1.65341134561e-05,0.0204113978273,0.0204113978273,-0.0204113978273,-0.00334593237697,0,0,120.788269043,3.47387075424,0.00103243347257,0,116.671455383,3.35815739632,0.965730202198,-0.00661869229137,0.95597707071
5,1,0.97308545082,0.970311582088,0.953570246696,1.70053190232e-05,0.0195152041237,0.0195152041237,-0.0195152041237,-0.00277386873168,0,0,122.288269043,3.51701188087,0.00101500726305,0,118.14352417,3.40058040619,0.967431843281,-0.00565360753936,0.95597707071
5.05,0,0.974462464704,0.971565306187,0.955143749714,1.74766646523e-05,0.0193187149897,0.0193187149897,-0.0193187149897,-0.00289715851688,0,0,123.788269043,3.5601503849,0.0009979843162,0,119.615776062,3.44300913811,0.968548488617,-0.00591397608661,0.955293061215
5.1,0,0.97734276355,0.972766518593,0.956660807133,1.79576636583e-05,0.020681956417,0.020681956417,-0.020681956417,-0.00457624495691,0,0,125.288269043,3.60328817368,0.000981336808763,0,121.088172913,3.48544311523,0.969665133953,-0.00767762959665,0.955293061215
5.15,0,0.98085594706,0.973915457726,0.958123266697,1.84593718586e-05,0.022732680363,0.022732680363,-0.022732680363,-0.00694048933443,0,0,126.788269043,3.64642953873,0.000965041865129,0,122.56073761,3.52788281441,0.970781779289,-0.0100741677707,0.955293061215
5.2,0,0.98085594706,0.975017488003,0.95953309536,1.8974980776e-05,0.0213228517002,0.0213228517002,-0.0213228517002,-0.00583845905718,0,0,128.288238525,3.68957042694,0.000949079520069,0,124.033470154,3.57032680511,0.971898424625,-0.00895752243456,0.955293061215
5.25,0,0.98085594706,0.97607177496,0.960892438889,1.95026204892e-05,0.0199635081714,0.0199635081714,-0.0199635081714,-0.00478417210039,0,0,129.788238525,3.73271155357,0.000933432485908,0,125.506340027,3.61277699471,0.973015069962,-0.00784087709841,0.955293061215
5.3,0,0.984758089523,0.977082371712,0.962203145027,2.00410358957e-05,0.0225549444958,0.0225549444958,-0.0225549444958,-0.0076757178112,0,0,131.288238525,3.77584910393,0.000918085628655,0,126.979370117,3.65523171425,0.974131715298,-0.0106263742252,0.955293061215
5.35,0,0.988980314507,0.978050112724,0.963467240334,2.05892392842e-05,0.0255130741733,0.0255130741733,-0.0255130741733,-0.0109302017825,0,0,132.788238525,3.8189895153,0.000903025269508,0,128.452545166,3.69769120216,0.975248360634,-0.013731953873,0.955293061215
5.4,0,0.988980314507,0.978977203369,0.964686155319,2.11463957385e-05,0.0242941591876,0.0242941591876,-0.0242941591876,-0.0100031111377,0,0,134.288238525,3.86213135719,0.000888239126652,0,129.925872803,3.74015617371,0.97636500597,-0.0126153085368,0.955293061215
5.45,0,0.988980314507,0.979864656925,0.965861737728,2.1711750378e-05,0.0231185767787,0.0231185767787,-0.0231185767787,-0.00911565758163,0,0,135.788238525,3.90527224541,0.000873716082424,0,131.399337769,3.78262591362,0.977481651306,-0.0114986632007,0.955293061215
5.5,1,0.989736390735,0.980714261532,0.9669957757,2.22846301767e-05,0.0227406150349,0.0227406150349,-0.0227406150349,-0.00902212920268,0,0,137.288238525,3.94840979576,0.000859445717651,0,132.872940063,3.82510018349,0.978598296642,-0.0111380940922,0.955293061215
5.55,0,0.989736390735,0.981529176235,0.968089580536,2.28643875744e-05,0.0216468101986,0.0216468101986,-0.0216468101986,-0.00820721449931,0,0,138.788238525,3.99154806137,0.000845419010147,0,134.346679688,3.86757922173,0.979331248999,-0.0104051417359,0.954155763927
5.6,0,0.989736390735,0.982308506966,0.969144701958,2.34504241234e-05,0.0205916887768,0.0205916887768,-0.0205916887768,-0.00742788376887,0,0,140.288238525,4.03468847275,0.000831626821309,0,135.820571899,3.91006278992,0.980064201355,-0.00967218937952,0.954155763927
5.65,0,0.989736390735,0.983055472374,0.970162808895,2.40421741182e-05,0.0195735818394,0.0195735818394,-0.0195735818394,-0.00668091836054,0,0,141.788238525,4.0778298378,0.000818061060272,0,137.294586182,3.95255041122,0.980797153711,-0.00893923702319,0.954155763927
5.7,0,0.990428828648,0.983771264553,0.971145093441,2.4639080948e-05,0.0192837352066,0.0192837352066,-0.0192837352066,-0.0066575640945,0,0,143.288238525,4.12097072601,0.000804714334663,0,138.768737793,3.99504303932,0.981530106068,-0.00889872257991,0.954155763927
5.75,0,0.991131877936,0.984456241131,0.972092807293,2.52406207437e-05,0.0190390706429,0.0190390706429,-0.0190390706429,-0.00667563680499,0,0,144.788238525,4.16410827637,0.000791579368524,0,140.243011475,4.03753948212,0.982263058424,-0.00886881951182,0.954155763927
5.8,0,0.991834927224,0.98511248827,0.973007440567,2.58462787315e-05,0.018827486657,0.018827486657,-0.018827486657,-0.00672243895422,0,0,146.288223267,4.20724916458,0.000778649409767,0,141.717407227,4.08004045486,0.98299601078,-0.00883891644369,0.954155763927
5.85,0,1,0.985741078854,0.973889887333,2.64555674221e-05,0.0261101126671,0.0261101126671,-0.0261101126671,-0.0142589211464,0,0,147.788223267,4.25039100647,0.000765917997342,0,143.191955566,4.12254619598,0.983728963137,-0.0162710368633,0.954155763927
5.9,0,1,0.986343443394,0.974741756916,2.70680102403e-05,0.025258243084,0.025258243084,-0.025258243084,-0.0136565566063,0,0,149.288223267,4.29352903366,0.000753379310481,0,144.666595459,4.1650557518,0.984461915493,-0.015538084507,0.954155763927
5.95,0,1,0.986919701099,0.975563883781,2.76831488009e-05,0.0244361162186,0.0244361162186,-0.0244361162186,-0.0130802989006,0,0,150.788223267,4.33666944504,0.000741027644835,0,146.141372681,4.20756912231,0.985194867849,-0.0148051321507,0.954155763927
6,1,1,0.98747241497,0.976357460022,2.83005338133e-05,0.023642539978,0.023642539978,-0.023642539978,-0.0125275850296,0,0,152.288223267,4.37980747223,0.000728857645299,0,147.616271973,4.25008678436,0.985927820206,-0.0140721797943,0.954155763927
6.05,0,1,0.988001585007,0.977123498917,2.89197269012e-05,0.0228765010834,0.0228765010834,-0.0228765010834,-0.0119984149933,0,0,153.788223267,4.42294740677,0.000716864131391,0,149.091293335,4.29260826111,0.986409235001,-0.0135907649994,0.953005319088
6.1,0,1,0.988507628441,0.977863073349,2.9540316973e-05,0.022136926651,0.022136926651,-0.022136926651,-0.0114923715591,0,0,155.288223267,4.46609020233,0.000705042271875,0,150.566436768,4.33513355255,0.986890649796,-0.0131093502045,0.953005319088
6.15,0,1,0.988993406296,0.978577017784,3.0161894756e-05,0.0214229822159,0.0214229822159,-0.0214229822159,-0.0110065937042,0,0,156.788223267,4.50923013687,0.00069338735193,0,152.041687012,4.37766265869,0.98737206459,-0.0126279354095,0.953005319088
6.2,0,1,0.98945748806,0.979266226292,3.07840673486e-05,0.0207337737083,0.0207337737083,-0.0207337737083,-0.01054251194,0,0,158.288223267,4.5523686409,0.000681894831359,0,153.517028809,4.42019557953,0.987853479385,-0.0121465206146,0.953005319088
6.25,0,1,0.989902615547,0.97993183136,3.14064454869e-05,0.0200681686401,0.0200681686401,-0.0200681686401,-0.0100973844528,0,0,159.788223267,4.59550619125,0.000670560577419,0,154.992507935,4.46273326874,0.98833489418,-0.0116651058197,0.953005319088
6.3,0,1,0.990329682827,0.980574786663,3.20286781061e-05,0.0194252133369,0.0194252133369,-0.0194252133369,-0.009670317173,0,0,161.288223267,4.63864612579,0.000659380573779,0,156.468078613,4.50527381897,0.988816308975,-0.0111836910248,0.953005319088
6.35,0,1,0.99073779583,0.981195449829,3.26620356645e-05,0.0188045501709,0.0188045501709,-0.0188045501709,-0.00926220417023,0,0,162.788223267,4.68178939819,0.00064835062949,0,157.943771362,4.5478181839,0.98929772377,-0.0107022762299,0.953005319088
6.4,0,1,0.991128325462,0.981794893742,3.33088792104e-05,0.0182051062584,0.0182051062584,-0.0182051062584,-0.00887167453766,0,0,164.288223267,4.72492933273,0.000637467310298,0,159.419570923,4.59036540985,0.989779138565,-0.0102208614349,0.953005319088
6.45,0,1,0.991503298283,0.982373833656,3.39654434356e-05,0.0176261663437,0.0176261663437,-0.0176261663437,-0.00849670171738,0,0,165.788223267,4.76806688309,0.000626726774499,0,160.895477295,4.6329164505,0.99026055336,-0.00973944664001,0.953005319088
6.5,1,1,0.991862177849,0.982933104038,3.46305423591e-05,0.0170668959618,0.0170668959618,-0.0170668959618,-0.00813782215118,0,0,167.288223267,4.81120681763,0.000616125704255,0,162.371490479,4.67547178268,0.990741968155,-0.00925803184509,0.953005319088
6.55,0,1,0.992205560207,0.983473360538,3.53033356078e-05,0.0165266394615,0.0165266394615,-0.0165266394615,-0.00779443979263,0,0,168.788223267,4.85435056686,0.000605660723522,0,163.847595215,4.71802949905,0.991058379412,-0.0089416205883,0.95235044839
6.6,0,1,0.99253475666,0.983995139599,3.59831064998e-05,0.0160048604012,0.0160048604012,-0.0160048604012,-0.00746524333954,0,0,170.288223267,4.8974905014,0.000595328572672,0,165.323806763,4.76059103012,0.991374790668,-0.00862520933151,0.95235044839
6.65,0,1,0.992850184441,0.984499275684,3.66692474927e-05,0.0155007243156,0.0155007243156,-0.0155007243156,-0.00714981555939,0,0,171.788208008,4.94062805176,0.000585126224905,0,166.800125122,4.80315637589,0.991691201925,-0.00830879807472,0.95235044839
6.7,0,1,0.99315226078,0.984986364841,3.73611910618e-05,0.0150136351585,0.0150136351585,-0.0150136351585,-0.00684773921967,0,0,173.288208008,4.98376607895,0.000575050711632,0,168.276535034,4.84572505951,0.992007613182,-0.00799238681793,0.95235044839
6.75,0,1,0.993441164494,0.985456943512,3.80584024242e-05,0.014543056488,0.014543056488,-0.014543056488,-0.00655883550644,0,0,174.788208008,5.02690553665,0.000565099180676,0,169.753036499,4.88829660416,0.992324024439,-0.00767597556114,0.95235044839
6.8,0,1,0.993717551231,0.985911667347,3.87603868148e-05,0.014088332653,0.014088332653,-0.014088332653,-0.00628244876862,0,0,176.288208008,5.07004928589,0.000555268663447,0,171.229629517,4.93087148666,0.992640435696,-0.00735956430435,0.95235044839
6.85,0,1,0.993983149529,0.986351072788,3.94666749344e-05,0.0136489272118,0.0136489272118,-0.0136489272118,-0.0060168504715,0,0,177.788208008,5.11318969727,0.000545556715224,0,172.706344604,4.97344970703,0.992956846952,-0.00704315304756,0.95235044839
6.9,0,1,0.994237005711,0.986775517464,4.01768193115e-05,0.0132244825363,0.0132244825363,-0.0132244825363,-0.0057629942894,0,0,179.288208008,5.15632629395,0.000535960658453,0,174.183120728,5.01602983475,0.993273258209,-0.00672674179077,0.95235044839
6.95,0,1,0.994480192661,0.987185835838,4.08903870266e-05,0.0128141641617,0.0128141641617,-0.0128141641617,-0.00551980733871,0,0,180.788208008,5.19946622849,0.000526477990206,0,175.660018921,5.058614254,0.993589669466,-0.00641033053398,0.95235044839
7,1,1,0.994713127613,0.987582504749,4.16069633502e-05,0.0124174952507,0.0124174952507,-0.0124174952507,-0.00528687238693,0,0,182.288208008,5.24261045456,0.000517106207553,0,177.136993408,5.10120153427,0.993906080723,-0.00609391927719,0.95235044839
7.05,0,1,0.994936823845,0.987965762615,4.23261408287e-05,0.0120342373848,0.0120342373848,-0.0120342373848,-0.00506317615509,0,0,183.788208008,5.28574991226,0.000507843156811,0,178.614044189,5.1437921524,0.994114154577,-0.00588584542274,0.951932688748
7.1,0,1,0.995151221752,0.988336026669,4.30475338362e-05,0.0116639733315,0.0116639733315,-0.0116639733315,-0.00484877824783,0,0,185.288208008,5.32888746262,0.000498686393257,0,180.091201782,5.18638563156,0.994322228432,-0.0056777715683,0.951932688748
7.15,0,1,0.995355069637,0.988694250584,4.37707603851e-05,0.0113057494164,0.0113057494164,-0.0113057494164,-0.0046449303627,0,0,186.78817749,5.37202596664,0.000489633821417,0,181.568435669,5.2289814949,0.994530302286,-0.00546969771385,0.951932688748
7.2,0,1,0.995551764965,0.989040374756,4.44954675913e-05,0.0109596252441,0.0109596252441,-0.0109596252441,-0.00444823503494,0,0,188.28817749,5.41516447067,0.000480683287606,0,183.045761108,5.27158117294,0.994738376141,-0.00526162385941,0.951932688748
7.25,0,1,0.995739102364,0.989374876022,4.52212771052e-05,0.0106251239777,0.0106251239777,-0.0106251239777,-0.00426089763641,0,0,189.78817749,5.45830917358,0.000471832667245,0,184.523178101,5.31418180466,0.994946449995,-0.00505355000496,0.951932688748
7.3,0,1,0.995918571949,0.989698469639,4.59478542325e-05,0.0103015303612,0.0103015303612,-0.0103015303612,-0.00408142805099,0,0,191.28817749,5.50144863129,0.000463080010377,0,186.000656128,5.35678672791,0.995154523849,-0.00484547615051,0.951932688748
7.35,0,1,0.99609130621,0.990011155605,4.66748715553e-05,0.00998884439468,0.00998884439468,-0.00998884439468,-0.00390869379044,0,0,192.78817749,5.54458665848,0.000454423367046,0,187.478256226,5.39939451218,0.995362597704,-0.00463740229607,0.951932688748
7.4,0,1,0.99625658989,0.990313529968,4.74019871035e-05,0.00968647003174,0.00968647003174,-0.00968647003174,-0.00374341011047,0,0,194.28817749,5.58772611618,0.000445860845502,0,188.955947876,5.44200563431,0.995570671558,-0.00442932844162,0.951932688748
7.45,0,1,0.996414244175,0.990605890751,4.8128891649e-05,0.00939410924911,0.00939410924911,-0.00939410924911,-0.00358575582504,0,0,195.78817749,5.63086366653,0.000437390699517,0,190.433685303,5.48461866379,0.995778745413,-0.00422125458717,0.951932688748
7.5,1,1,0.996566414833,0.990888595581,4.88573896291e-05,0.00911140441895,0.00911140441895,-0.00911140441895,-0.00343358516693,0,0,197.28817749,5.67400789261,0.000429010979133,0,191.911499023,5.52723503113,0.995986819267,-0.00401318073273,0.951932688748
7.55,0,1,0.996711373329,0.991161882877,4.95994245284e-05,0.00883811712265,0.00883811712265,-0.00883811712265,-0.00328862667084,0,0,198.78817749,5.71714782715,0.000420720141847,0,193.389404297,5.56985330582,0.996123731136,-0.00387626886368,0.951599926194
7.6,0,1,0.996849477291,0.991426408291,5.03495721205e-05,0.00857359170914,0.00857359170914,-0.00857359170914,-0.00315052270889,0,0,200.28817749,5.7602853775,0.000412516383221,0,194.867401123,5.61247444153,0.996260643005,-0.00373935699463,0.951599926194
7.65,0,1,0.996982634068,0.991681933403,5.11066646141e-05,0.00831806659698,0.00831806659698,-0.00831806659698,-0.00301736593246,0,0,201.78817749,5.80342435837,0.000404398102546,0,196.345458984,5.65509843826,0.996397554874,-0.00360244512558,0.951599926194
7.7,0,1,0.997109889984,0.991929352283,5.18699671375e-05,0.00807064771652,0.00807064771652,-0.00807064771652,-0.00289011001587,0,0,203.28817749,5.84656953812,0.000397392839659,0,197.823608398,5.69772386551,0.996534466743,-0.00346553325653,0.951599926194
7.75,0,1,0.997231960297,0.992168545723,5.26388757862e-05,0.00783145427704,0.00783145427704,-0.00783145427704,-0.00276803970337,0,0,204.78817749,5.88970851898,0.00039386737626,0,199.301818848,5.74035358429,0.996671378613,-0.00332862138748,0.951599926194
7.8,0,1,0.9973487854,0.992399990559,5.34128703293e-05,0.00760000944138,0.00760000944138,-0.00760000944138,-0.00265121459961,0,0,206.28817749,5.93284654617,0.000390836008592,0,200.78012085,5.78298568726,0.996808290482,-0.00319170951843,0.951599926194
7.85,0,1,0.997460663319,0.992624044418,5.41914851055e-05,0.00737595558167,0.00737595558167,-0.00737595558167,-0.00253933668137,0,0,207.78817749,5.97598361969,0.000388015992939,0,202.258514404,5.82562017441,0.996945202351,-0.00305479764938,0.951599926194
7.9,0,1,0.997568666935,0.992840647697,5.49742944713e-05,0.00715935230255,0.00715935230255,-0.00715935230255,-0.00243133306503,0,0,209.28817749,6.01912355423,0.000385322724469,0,203.736968994,5.86825704575,0.99708211422,-0.00291788578033,0.951599926194
7.95,0,1,0.997670590878,0.993050634861,5.57608691452e-05,0.00694936513901,0.00694936513901,-0.00694936513901,-0.00232940912247,0,0,210.78817749,6.06226825714,0.000382718979381,0,205.215484619,5.91089630127,0.997219026089,-0.00278097391129,0.951599926194
8,1,1,0.997768759727,0.993253469467,5.65508307773e-05,0.00674653053284,0.00674653053284,-0.00674653053284,-0.00223124027252,0,0,212.28817749,6.10540771484,0.000380184908863,0,206.694091797,5.95353794098,0.997355937958,-0.00264406204224,0.951599926194
8.05,0,1,0.997863709927,0.993449985981,5.73437973799e-05,0.00655001401901,0.00655001401901,-0.00655001401901,-0.00213629007339,0,0,213.78817749,6.14854574203,0.000377708260203,0,208.17276001,5.99618148804,0.997446066141,-0.00255393385887,0.951272148085
8.1,0,1,0.997954010963,0.993639886379,5.81394087931e-05,0.00636011362076,0.00636011362076,-0.00636011362076,-0.00204598903656,0,0,215.28817749,6.19168424606,0.000375281029847,0,209.651473999,6.03882884979,0.997536194324,-0.00246380567551,0.951272148085
8.15,0,1,0.998039603233,0.993824005127,5.89373121329e-05,0.00617599487305,0.00617599487305,-0.00617599487305,-0.00196039676666,0,0,216.78817749,6.23482942581,0.000372897455236,0,211.130310059,6.08147716522,0.997626322508,-0.00237367749214,0.951272148085
8.2,0,1,0.998123109341,0.99400216341,5.97371617914e-05,0.00599783658981,0.00599783658981,-0.00599783658981,-0.00187689065933,0,0,218.28817749,6.277967453,0.000370553374523,0,212.609191895,6.12412881851,0.997716450691,-0.00228354930878,0.951272148085
8.25,0,1,0.998202085495,0.994174540043,6.05386485404e-05,0.00582545995712,0.00582545995712,-0.00582545995712,-0.001797914505,0,0,219.78817749,6.32110548019,0.000368245498976,0,214.088150024,6.16678285599,0.997806578875,-0.00219342112541,0.951272148085
8.3,0,1,0.998278319836,0.994341373444,6.13414304098e-05,0.0056586265564,0.0056586265564,-0.0056586265564,-0.00172168016434,0,0,221.28817749,6.36424446106,0.000365971209249,0,215.567169189,6.20943832397,0.997896707058,-0.00210329294205,0.951272148085
8.35,0,1,0.998350858688,0.994502961636,6.21451981715e-05,0.00549703836441,0.00549703836441,-0.00549703836441,-0.00164914131165,0,0,222.78817749,6.40738201141,0.000363728380762,0,217.046234131,6.25209712982,0.997986835241,-0.00201316475868,0.951272148085
8.4,0,1,0.998420596123,0.994659423828,6.29496717011e-05,0.00534057617188,0.00534057617188,-0.00534057617188,-0.00157940387726,0,0,224.28817749,6.450527668,0.000361515267286,0,218.525421143,6.29475736618,0.998076963425,-0.00192303657532,0.951272148085
8.45,0,1,0.998486876488,0.994810760021,6.37545308564e-05,0.00518923997879,0.00518923997879,-0.00518923997879,-0.00151312351227,0,0,225.78817749,6.49366521835,0.00035933041363,0,220.004638672,6.3374209404,0.998167091608,-0.00183290839195,0.951272148085
8.5,1,1,0.998550474644,0.994957447052,6.4559506427e-05,0.005042552948,0.005042552948,-0.005042552948,-0.00144952535629,0,0,227.28817749,6.53680562973,0.000357172393706,0,221.483917236,6.38008451462,0.998257219791,-0.00174278020859,0.951272148085
8.55,0,1,0.998611748219,0.995099365711,6.53642928228e-05,0.00490063428879,0.00490063428879,-0.00490063428879,-0.00138825178146,0,0,228.78817749,6.57994604111,0.000355040217983,0,222.963272095,6.42275238037,0.998316550255,-0.00168344974518,0.95088102816
8.6,0,1,0.998671114445,0.995236933231,6.61686353851e-05,0.00476306676865,0.00476306676865,-0.00476306676865,-0.00132888555527,0,0,230.28817749,6.62308740616,0.000352932867827,0,224.442687988,6.46542167664,0.998375880718,-0.00162411928177,0.95088102816
8.65,0,1,0.998726248741,0.995370090008,6.69811633998e-05,0.00462990999222,0.00462990999222,-0.00462990999222,-0.00127375125885,0,0,231.78817749,6.66622781754,0.000350849353708,0,225.922164917,6.50809288025,0.998435211182,-0.00156478881836,0.95088102816
8.7,0,1,0.998780369759,0.99549895525,6.78020660416e-05,0.00450104475021,0.00450104475021,-0.00450104475021,-0.00121963024139,0,0,233.28817749,6.70936393738,0.000348788918927,0,227.401733398,6.55076599121,0.998494541645,-0.00150545835495,0.95088102816
8.75,0,1,0.998832285404,0.99562394619,6.862905866e-05,0.00437605381012,0.00437605381012,-0.00437605381012,-0.00116771459579,0,0,234.78817749,6.75250291824,0.000346750864992,0,228.881317139,6.5934419632,0.998553872108,-0.00144612789154,0.95088102816
8.8,0,1,0.998881936073,0.995744824409,6.94613772794e-05,0.00425517559052,0.00425517559052,-0.00425517559052,-0.0011180639267,0,0,236.28817749,6.79564428329,0.000344734435203,0,230.360992432,6.63611984253,0.998613202572,-0.00138679742813,0.95088102816
8.85,0,1,0.998928308487,0.995862066746,7.0298454375e-05,0.00413793325424,0.00413793325424,-0.00413793325424,-0.00107169151306,0,0,237.78817749,6.83878564835,0.00034273910569,0,231.840744019,6.67879867554,0.998672533035,-0.00132746696472,0.95088102816
8.9,0,1,0.998973786831,0.995975553989,7.11398242856e-05,0.00402444601059,0.00402444601059,-0.00402444601059,-0.0010262131691,0,0,239.28817749,6.88192653656,0.000340764236171,0,233.320510864,6.72148132324,0.998731863499,-0.00126813650131,0.95088102816
8.95,0,1,0.999017000198,0.99608540535,7.19850722817e-05,0.00391459465027,0.00391459465027,-0.00391459465027,-0.000982999801636,0,0,240.78817749,6.92506742477,0.000338809302775,0,234.800354004,6.76416444778,0.998791193962,-0.0012088060379,0.95088102816
9,1,1,0.999058187008,0.996191978455,7.28338200133e-05,0.00380802154541,0.00380802154541,-0.00380802154541,-0.000941812992096,0,0,242.28817749,6.96820306778,0.000336873868946,0,236.280273438,6.80685138702,0.998850524426,-0.00114947557449,0.95088102816
9.05,0,1,0.999098598957,0.996295213699,7.36857255106e-05,0.00370478630066,0.00370478630066,-0.00370478630066,-0.000901401042938,0,0,243.78817749,7.0113492012,0.00033495738171,0,237.760238647,6.8495388031,0.998889607191,-0.00111039280891,0.950328404523
9.1,0,1,0.99913662672,0.996395051479,7.45404322515e-05,0.00360494852066,0.00360494852066,-0.00360494852066,-0.000863373279572,0,0,245.28817749,7.05448484421,0.000333059433615,0,239.240264893,6.89222860336,0.998928689957,-0.00107131004333,0.950328404523
9.15,0,1,0.999172568321,0.996492028236,7.53976346459e-05,0.00350797176361,0.00350797176361,-0.00350797176361,-0.000827431678772,0,0,246.78817749,7.09762573242,0.000331179529894,0,240.720336914,6.93492078781,0.998967772722,-0.00103222727776,0.950328404523
9.2,0,1,0.999207675457,0.996585965157,7.62570052757e-05,0.00341403484344,0.00341403484344,-0.00341403484344,-0.000792324542999,0,0,248.28817749,7.14076519012,0.000329317437718,0,242.200469971,6.97761392593,0.999006855488,-0.000993144512176,0.950328404523
9.25,0,1,0.999240994453,0.996676743031,7.71182458266e-05,0.00332325696945,0.00332325696945,-0.00332325696945,-0.00075900554657,0,0,249.78817749,7.18390226364,0.000327472633217,0,243.68069458,7.02031040192,0.999045938253,-0.000954061746597,0.950328404523
9.3,0,1,0.999273777008,0.996765017509,7.79810579843e-05,0.00323498249054,0.00323498249054,-0.00323498249054,-0.000726222991943,0,0,251.28817749,7.2270488739,0.000325644825352,0,245.160934448,7.06300592422,0.999085021019,-0.000914978981018,0.950328404523
9.35,0,1,0.999304354191,0.996850371361,7.88451652625e-05,0.00314962863922,0.00314962863922,-0.00314962863922,-0.000695645809174,0,0,252.78817749,7.27018404007,0.000323833635775,0,246.641281128,7.10570573807,0.999124103785,-0.000875896215439,0.950328404523
9.4,0,1,0.999332845211,0.996933162212,7.97102838987e-05,0.00306683778763,0.00306683778763,-0.00306683778763,-0.000667154788971,0,0,254.28817749,7.31332492828,0.000322038744343,0,248.121627808,7.14840650558,0.99916318655,-0.00083681344986,0.950328404523
9.45,0,1,0.999361813068,0.997013568878,8.05761446827e-05,0.00298643112183,0.00298643112183,-0.00298643112183,-0.00063818693161,0,0,255.78817749,7.35646486282,0.000320259889122,0,249.602020264,7.19110965729,0.999202269316,-0.00079773068428,0.950328404523
9.5,1,1,0.999388635159,0.99709135294,8.1442471128e-05,0.00290864706039,0.00290864706039,-0.00290864706039,-0.000611364841461,0,0,257.28817749,7.39960002899,0.000318496720865,0,251.082519531,7.23381519318,0.999241352081,-0.000758647918701,0.950328404523
9.55,0,1,0.999413967133,0.99716681242,8.23090158519e-05,0.00283318758011,0.00283318758011,-0.00283318758011,-0.000586032867432,0,0,258.78817749,7.44274568558,0.000316748919431,0,252.563049316,7.27652168274,0.999267107248,-0.000732892751694,0.949467086701
9.6,0,1,0.999439179897,0.997239947319,8.31755314721e-05,0.00276005268097,0.00276005268097,-0.00276005268097,-0.000560820102692,0,0,260.28817749,7.48588180542,0.000315016251989,0,254.043609619,7.31923055649,0.999292862415,-0.000707137584686,0.949467086701
9.65,0,1,0.999462425709,0.997310817242,8.4041741502e-05,0.00268918275833,0.00268918275833,-0.00268918275833,-0.000537574291229,0,0,261.78817749,7.52902364731,0.0003132984275,0,255.524261475,7.36193943024,0.999318617582,-0.000681382417679,0.949467086701
9.7,0,1,0.999485194683,0.997379541397,8.49093485158e-05,0.00262045860291,0.00262045860291,-0.00262045860291,-0.000514805316925,0,0,263.28817749,7.5721654892,0.00031159518403,0,257.004974365,7.40465211868,0.999344372749,-0.000655627250671,0.949467086701
9.75,0,1,0.999507546425,0.997446119785,8.57865161379e-05,0.00255388021469,0.00255388021469,-0.00255388021469,-0.000492453575134,0,0,264.78817749,7.61530447006,0.000309906317852,0,258.485687256,7.4473657608,0.999370127916,-0.000629872083664,0.949467086701
9.8,0,1,0.999527335167,0.997510790825,8.66693735588e-05,0.00248920917511,0.00248920917511,-0.00248920917511,-0.000472664833069,0,0,266.28817749,7.65844583511,0.000308231479721,0,259.966491699,7.49008178711,0.999395883083,-0.000604116916657,0.949467086701
9.85,0,1,0.999547481537,0.997573494911,8.75570767676e-05,0.00242650508881,0.00242650508881,-0.00242650508881,-0.000452518463135,0,0,267.78817749,7.70158624649,0.000306570524117,0,261.44732666,7.53279829025,0.99942163825,-0.000578361749649,0.949467086701
9.9,0,1,0.999566495419,0.997634232044,8.84490655153e-05,0.00236576795578,0.00236576795578,-0.00236576795578,-0.000433504581451,0,0,269.28817749,7.74472093582,0.000304923189105,0,262.928222656,7.57551717758,0.999447393417,-0.000552606582642,0.949467086701
9.95,0,1,0.999585270882,0.997693121433,8.93448959687e-05,0.00230687856674,0.00230687856674,-0.00230687856674,-0.000414729118347,0,0,270.78817749,7.78786420822,0.00030328927096,0,264.40914917,7.61823892593,0.999473148584,-0.000526851415634,0.949467086701
10,1,1,0.99960321188,0.997750401497,9.02441970538e-05,0.00224959850311,0.00224959850311,-0.00224959850311,-0.00039678812027,0,0,272.28817749,7.83100271225,0.000301668478642,0,265.890136719,7.66096067429,0.999498903751,-0.000501096248627,0.949467086701
10.05,0,1,0.999619543552,0.997805833817,9.11466049729e-05,0.00219416618347,0.00219416618347,-0.00219416618347,-0.000380456447601,0,0,273.78817749,7.87414455414,0.000300060783047,0,267.371185303,7.70368480682,0.999515873194,-0.000484126806259,0.948234903338
10.1,0,1,0.999635159969,0.997859656811,9.20518286875e-05,0.00214034318924,0.00214034318924,-0.00214034318924,-0.00036484003067,0,0,275.28817749,7.91728687286,0.000298465805827,0,268.852264404,7.7464094162,0.999532842636,-0.000467157363892,0.948234903338
10.15,0,1,0.999651491642,0.99791175127,9.29595480557e-05,0.00208824872971,0.00208824872971,-0.00208824872971,-0.000348508358002,0,0,276.78817749,7.96042108536,0.000296883401461,0,270.333435059,7.78913736343,0.999549812078,-0.000450187921524,0.948234903338
10.2,0,1,0.999665617943,0.997962474823,9.38694429351e-05,0.002037525177,0.002037525177,-0.002037525177,-0.00033438205719,0,0,278.28817749,8.00356769562,0.000295313424431,0,271.814605713,7.83186578751,0.999566781521,-0.000433218479156,0.948234903338
10.25,0,1,0.999679684639,0.998011648655,9.47812877712e-05,0.00198835134506,0.00198835134506,-0.00198835134506,-0.000320315361023,0,0,279.78817749,8.04670333862,0.000293755641906,0,273.295837402,7.8745970726,0.999583750963,-0.000416249036789,0.948234903338
10.3,0,1,0.999693572521,0.998059093952,9.56947769737e-05,0.00194090604782,0.00194090604782,-0.00194090604782,-0.00030642747879,0,0,281.28817749,8.08984470367,0.000292209850159,0,274.777130127,7.91732883453,0.999600720406,-0.000399279594421,0.948234903338
10.35,0,1,0.999706447124,0.99810552597,9.66096558841e-05,0.00189447402954,0.00189447402954,-0.00189447402954,-0.000293552875519,0,0,282.78817749,8.13298606873,0.000290675932774,0,276.258453369,7.96006393433,0.999617689848,-0.000382310152054,0.948234903338
10.4,0,1,0.999718785286,0.998150348663,9.75256771198e-05,0.00184965133667,0.00184965133667,-0.00184965133667,-0.00028121471405,0,0,284.28817749,8.17612552643,0.000289153656922,0,277.739837646,8.00279808044,0.99963465929,-0.000365340709686,0.948234903338
10.45,0,1,0.999730587006,0.998193979263,9.84425787465e-05,0.00180602073669,0.00180602073669,-0.00180602073669,-0.000269412994385,0,0,285.78817749,8.21926784515,0.000287642906187,0,279.221282959,8.04553604126,0.999651628733,-0.000348371267319,0.948234903338
10.5,1,1,0.999741852283,0.998236119747,9.93601206574e-05,0.00176388025284,0.00176388025284,-0.00176388025284,-0.000258147716522,0,0,287.28817749,8.26241016388,0.000286143505946,0,280.702728271,8.08827495575,0.999668598175,-0.000331401824951,0.948234903338
10.55,0,1,0.99975246191,0.998277246952,0.000100278070022,0.00172275304794,0.00172275304794,-0.00172275304794,-0.000247538089752,0,0,288.78817749,8.30554485321,0.000284655194264,0,282.184234619,8.13101482391,0.999679780006,-0.000320219993591,0.946880288853
10.6,0,1,0.99976336956,0.998317062855,0.000101196186733,0.00168293714523,0.00168293714523,-0.00168293714523,-0.000236630439758,0,0,290.28817749,8.34869098663,0.000283177971141,0,283.665802002,8.17375659943,0.999690961838,-0.000309038162231,0.946880288853
10.65,0,1,0.999773621559,0.99835562706,0.000102114245237,0.00164437294006,0.00164437294006,-0.00164437294006,-0.000226378440857,0,0,291.78817749,8.39182472229,0.000281711632852,0,285.147399902,8.21650028229,0.999702143669,-0.000297856330872,0.946880288853
10.7,0,1,0.999782621861,0.998393177986,0.000103032019979,0.00160682201385,0.00160682201385,-0.00160682201385,-0.000217378139496,0,0,293.288146973,8.43496799469,0.000280255946564,0,286.629058838,8.25924301147,0.9997133255,-0.000286674499512,0.946880288853
10.75,0,1,0.999791681767,0.998429715633,0.000103954262158,0.00157028436661,0.00157028436661,-0.00157028436661,-0.00020831823349,0,0,294.788146973,8.47811126709,0.000278810883174,0,288.110748291,8.30199050903,0.999724507332,-0.000275492668152,0.946880288853
10.8,0,1,0.99980121851,0.998464941978,0.000104883656604,0.00153505802155,0.00153505802155,-0.00153505802155,-0.000198781490326,0,0,296.288146973,8.52124881744,0.000277376209851,0,289.592468262,8.34473800659,0.999735689163,-0.000264310836792,0.946880288853
10.85,0,1,0.999809205532,0.998499393463,0.000105817816802,0.00150060653687,0.00150060653687,-0.00150060653687,-0.000190794467926,0,0,297.788146973,8.56439208984,0.000275951839285,0,291.074249268,8.3874874115,0.999746870995,-0.000253129005432,0.946880288853
10.9,0,1,0.999817013741,0.998532652855,0.000106756095192,0.00146734714508,0.00146734714508,-0.00146734714508,-0.00018298625946,0,0,299.288146973,8.60753440857,0.000274537596852,0,292.556091309,8.43023777008,0.999758052826,-0.000241947174072,0.946880288853
10.95,0,1,0.999824643135,0.998565077782,0.000107698047941,0.00143492221832,0.00143492221832,-0.00143492221832,-0.000175356864929,0,0,300.788146973,8.65066719055,0.00027313339524,0,294.03793335,8.47299098969,0.999769234657,-0.000230765342712,0.946880288853
11,1,1,0.999832332134,0.998596489429,0.000108643260319,0.00140351057053,0.00140351057053,-0.00140351057053,-0.000167667865753,0,0,302.288146973,8.69381427765,0.00027173908893,0,295.519866943,8.51574325562,0.999780416489,-0.000219583511353,0.946880288853
11.05,0,1,0.999839782715,0.998627126217,0.000109591441287,0.00137287378311,0.00137287378311,-0.00137287378311,-0.000160217285156,0,0,303.788146973,8.73694896698,0.0002703545033,0,297.001800537,8.55849838257,0.999787807465,-0.0002121925354,0.945664043312
11.1,0,1,0.999846339226,0.998656868935,0.000110542263428,0.00134313106537,0.00134313106537,-0.00134313106537,-0.000153660774231,0,0,305.288146973,8.78009223938,0.000268979580142,0,298.483795166,8.6012544632,0.999795198441,-0.000204801559448,0.945664043312
11.15,0,1,0.999852597713,0.998685717583,0.000111495457531,0.0013142824173,0.0013142824173,-0.0013142824173,-0.00014740228653,0,0,306.788146973,8.82323455811,0.000267614144832,0,299.965820312,8.64401245117,0.999802589417,-0.000197410583496,0.945664043312
11.2,0,1,0.999859035015,0.998713612556,0.00011245074711,0.00128638744354,0.00128638744354,-0.00128638744354,-0.000140964984894,0,0,308.288146973,8.86637115479,0.000266258080956,0,301.447906494,8.68677043915,0.999809980392,-0.000190019607544,0.945664043312
11.25,0,1,0.999865293503,0.998740911484,0.000113407862955,0.00125908851624,0.00125908851624,-0.00125908851624,-0.000134706497192,0,0,309.788146973,8.90951442719,0.000264911301201,0,302.930023193,8.72953224182,0.999817371368,-0.000182628631592,0.945664043312
11.3,0,1,0.999870479107,0.998767316341,0.000114366572234,0.0012326836586,0.0012326836586,-0.0012326836586,-0.000129520893097,0,0,311.288146973,8.95265674591,0.000263573630946,0,304.41217041,8.77229309082,0.999824762344,-0.00017523765564,0.945664043312
11.35,0,1,0.999876558781,0.998793005943,0.000115326634841,0.0012069940567,0.0012069940567,-0.0012069940567,-0.00012344121933,0,0,312.788146973,8.99579143524,0.000262245011982,0,305.894378662,8.81505680084,0.99983215332,-0.000167846679688,0.945664043312
11.4,0,1,0.999881625175,0.998818099499,0.000116287796118,0.00118190050125,0.00118190050125,-0.00118190050125,-0.000118374824524,0,0,314.288146973,9.03893756866,0.000260925356997,0,307.376586914,8.85782051086,0.999839544296,-0.000160455703735,0.945664043312
11.45,0,1,0.999885976315,0.998842358589,0.000117249845061,0.00115764141083,0.00115764141083,-0.00115764141083,-0.000114023685455,0,0,315.788146973,9.08207035065,0.00025961449137,0,308.858886719,8.90058708191,0.999846935272,-0.000153064727783,0.945664043312
11.5,1,1,0.999890804291,0.998865902424,0.000118212563393,0.00113409757614,0.00113409757614,-0.00113409757614,-0.000109195709229,0,0,317.288146973,9.12521362305,0.000258312327787,0,310.341186523,8.94335365295,0.999854326248,-0.000145673751831,0.945664043312
11.55,0,1,0.999895870686,0.998888790607,0.00011917570373,0.00111120939255,0.00111120939255,-0.00111120939255,-0.000104129314423,0,0,318.788146973,9.16835784912,0.000257018749835,0,311.823577881,8.98612213135,0.99985922575,-0.000140774250031,0.944556980163
11.6,0,1,0.999900519848,0.998910963535,0.000120139076898,0.00108903646469,0.00108903646469,-0.00108903646469,-9.94801521301e-05,0,0,320.288146973,9.2114944458,0.000255733670201,0,313.305938721,9.02889156342,0.999864125252,-0.00013587474823,0.944556980163
11.65,0,1,0.999904513359,0.998932719231,0.000121102471894,0.00106728076935,0.00106728076935,-0.00106728076935,-9.54866409302e-05,0,0,321.788146973,9.25463867188,0.000254457030678,0,314.788391113,9.07166385651,0.999869024754,-0.000130975246429,0.944556980163
11.7,0,1,0.999908328056,0.998953819275,0.000122065648611,0.0010461807251,0.0010461807251,-0.0010461807251,-9.16719436646e-05,0,0,323.288146973,9.29778194427,0.000253188627539,0,316.270843506,9.11443519592,0.999873924255,-0.000126075744629,0.944556980163
11.75,0,1,0.999912321568,0.998974323273,0.000123034245917,0.00102567672729,0.00102567672729,-0.00102567672729,-8.76784324646e-05,0,0,324.788146973,9.34091377258,0.000251928460784,0,317.753356934,9.15720939636,0.999878823757,-0.000121176242828,0.944556980163
11.8,0,1,0.999915957451,0.998994290829,0.000124008758576,0.0010057091713,0.0010057091713,-0.0010057091713,-8.40425491333e-05,0,0,326.288146973,9.38406085968,0.000250676413998,0,319.235900879,9.19998264313,0.999883723259,-0.000116276741028,0.944556980163
11.85,0,1,0.999919831753,0.999013602734,0.000124987520394,0.000986397266388,0.000986397266388,-0.000986397266388,-8.01682472229e-05,0,0,327.788146973,9.42719459534,0.000249432341661,0,320.718475342,9.24275970459,0.999888622761,-0.000111377239227,0.944556980163
11.9,0,1,0.999923288822,0.999032378197,0.000125969949295,0.000967621803284,0.000967621803284,-0.000967621803284,-7.67111778259e-05,0,0,329.288146973,9.47033786774,0.00024819621467,0,322.20111084,9.28553676605,0.999893522263,-0.000106477737427,0.944556980163
11.95,0,1,0.999926388264,0.999050736427,0.000126955666929,0.000949263572693,0.000949263572693,-0.000949263572693,-7.36117362976e-05,0,0,330.788146973,9.51348209381,0.000246967887506,0,323.683746338,9.32831668854,0.999898421764,-0.000101578235626,0.944556980163
12,1,1,0.999928832054,0.999068617821,0.000127944353153,0.00093138217926,0.00093138217926,-0.00093138217926,-7.11679458618e-05,0,0,332.288146973,9.55661678314,0.000245747243753,0,325.166442871,9.37109565735,0.999903321266,-9.66787338257e-05,0.944556980163
12.05,0,1,0.999931633472,0.999085903168,0.000128935673274,0.000914096832275,0.000914096832275,-0.000914096832275,-6.83665275574e-05,0,0,333.788146973,9.59976100922,0.000244534341618,0,326.649169922,9.41387748718,0.999906551838,-9.34481620789e-05,0.943472848127
12.1,0,1,0.999935090542,0.999102711678,0.000129929379909,0.000897288322449,0.000897288322449,-0.000897288322449,-6.49094581604e-05,0,0,335.288146973,9.64290428162,0.000243328977376,0,328.131958008,9.45665931702,0.99990978241,-9.0217590332e-05,0.943472848127
12.15,0,1,0.999937832355,0.999119281769,0.00013092518202,0.000880718231201,0.000880718231201,-0.000880718231201,-6.21676445007e-05,0,0,336.788146973,9.68603801727,0.000242131078267,0,329.614746094,9.4994430542,0.999913012981,-8.69870185852e-05,0.943472848127
12.2,0,1,0.999940276146,0.999135136604,0.000131922861328,0.000864863395691,0.000864863395691,-0.000864863395691,-5.97238540649e-05,0,0,338.288146973,9.72918510437,0.000240940542426,0,331.097595215,9.54222774506,0.999916243553,-8.37564468383e-05,0.943472848127
12.25,0,1,0.99994289875,0.999150574207,0.000132922185003,0.000849425792694,0.000849425792694,-0.000849425792694,-5.71012496948e-05,0,0,339.788146973,9.77231693268,0.000239757326199,0,332.580474854,9.58501434326,0.999919474125,-8.05258750916e-05,0.943472848127
12.3,0,1,0.999945521355,0.999165832996,0.000133922905661,0.000834167003632,0.000834167003632,-0.000834167003632,-5.44786453247e-05,0,0,341.288146973,9.81546020508,0.000238581342273,0,334.06338501,9.62779998779,0.999922704697,-7.72953033448e-05,0.943472848127
12.35,0,1,0.999947607517,0.999180436134,0.000134924819577,0.000819563865662,0.000819563865662,-0.000819563865662,-5.23924827576e-05,0,0,342.788146973,9.85860538483,0.00023741251789,0,335.546325684,9.67058944702,0.999925935268,-7.40647315979e-05,0.943472848127
12.4,0,1,0.999950349331,0.999194860458,0.00013592770847,0.000805139541626,0.000805139541626,-0.000805139541626,-4.96506690979e-05,0,0,344.288146973,9.90174007416,0.000236250736634,0,337.029296875,9.71337795258,0.99992916584,-7.08341598511e-05,0.943472848127
12.45,0,1,0.999951720238,0.999208688736,0.000136931354064,0.000791311264038,0.000791311264038,-0.000791311264038,-4.82797622681e-05,0,0,345.788146973,9.94488525391,0.000235095998505,0,338.512298584,9.75616931915,0.999932396412,-6.76035881042e-05,0.943472848127
12.5,1,1,0.999954164028,0.999222278595,0.00013793555263,0.000777721405029,0.000777721405029,-0.000777721405029,-4.58359718323e-05,0,0,347.288146973,9.98802852631,0.00023394812888,0,339.995361328,9.79895973206,0.999935626984,-6.43730163574e-05,0.943472848127
12.55,0,1,0.99995559454,0.999235570431,0.000138940129546,0.000764429569244,0.000764429569244,-0.000764429569244,-4.44054603577e-05,0,0,348.788146973,10.0311613083,0.000232807156863,0,341.478424072,9.84175491333,0.99993776083,-6.22391700744e-05,0.942342700601
12.6,0,1,0.999957978725,0.999248504639,0.000139944837429,0.000751495361328,0.000751495361328,-0.000751495361328,-4.20212745667e-05,0,0,350.288146973,10.0743074417,0.000231672966038,0,342.961547852,9.88454723358,0.999939894676,-6.01053237915e-05,0.942342700601
12.65,0,1,0.999959409237,0.9992608428,0.000140949516208,0.00073915719986,0.00073915719986,-0.00073915719986,-4.0590763092e-05,0,0,351.788146973,10.1174402237,0.000230545396334,0,344.444702148,9.92734241486,0.999942028522,-5.79714775085e-05,0.942342700601
12.7,0,1,0.999961614609,0.999273002148,0.000141958720633,0.000726997852325,0.000726997852325,-0.000726997852325,-3.83853912354e-05,0,0,353.288146973,10.1605844498,0.00022942450596,0,345.927886963,9.9701385498,0.999944162369,-5.58376312256e-05,0.942342700601
12.75,0,1,0.999962866306,0.999284923077,0.000142973629409,0.00071507692337,0.00071507692337,-0.00071507692337,-3.71336936951e-05,0,0,354.788146973,10.2037296295,0.000228310149396,0,347.411102295,10.0129375458,0.999946296215,-5.37037849426e-05,0.942342700601
12.8,0,1,0.999964594841,0.999296545982,0.000143992525409,0.000703454017639,0.000703454017639,-0.000703454017639,-3.54051589966e-05,0,0,356.288146973,10.2468633652,0.00022720231209,0,348.894378662,10.0557355881,0.999948430061,-5.15699386596e-05,0.942342700601
12.85,0,1,0.999965786934,0.999307751656,0.000145014899317,0.000692248344421,0.000692248344421,-0.000692248344421,-3.42130661011e-05,0,0,357.788146973,10.2900085449,0.000226100921282,0,350.377655029,10.098534584,0.999950563908,-4.94360923767e-05,0.942342700601
12.9,0,1,0.999967038631,0.99931883812,0.000146040329128,0.000681161880493,0.000681161880493,-0.000681161880493,-3.29613685608e-05,0,0,359.288146973,10.3331518173,0.000225005831453,0,351.860961914,10.1413354874,0.999952697754,-4.73022460937e-05,0.942342700601
12.95,0,1,0.999969124794,0.999329507351,0.000147068567458,0.000670492649078,0.000670492649078,-0.000670492649078,-3.08752059937e-05,0,0,360.788146973,10.3762836456,0.000223917042604,0,353.344299316,10.1841373444,0.9999548316,-4.51683998108e-05,0.942342700601
13,1,1,0.999969780445,0.999339938164,0.000148099308717,0.000660061836243,0.000660061836243,-0.000660061836243,-3.02195549011e-05,0,0,362.288146973,10.4194316864,0.000222834496526,0,354.827667236,10.2269392014,0.999956965446,-4.30345535278e-05,0.942342700601
13.05,0,1,0.999970853329,0.999350070953,0.000149132261868,0.000649929046631,0.000649929046631,-0.000649929046631,-2.91466712952e-05,0,0,363.788146973,10.462562561,0.000221758105909,0,356.311096191,10.269744873,0.999958389997,-4.16100025177e-05,0.941179343373
13.1,0,1,0.999972939491,0.999359965324,0.000150167237734,0.000640034675598,0.000640034675598,-0.000640034675598,-2.7060508728e-05,0,0,365.288146973,10.5057086945,0.000220687812543,0,357.794555664,10.3125486374,0.999959814548,-4.01854515075e-05,0.941179343373
13.15,0,1,0.999973475933,0.999369502068,0.000151203988935,0.000630497932434,0.000630497932434,-0.000630497932434,-2.6524066925e-05,0,0,366.788146973,10.5488519669,0.000219623558223,0,359.278015137,10.3553562164,0.9999612391,-3.87609004975e-05,0.941179343373
13.2,0,1,0.999974668026,0.999378979206,0.00015224229719,0.000621020793915,0.000621020793915,-0.000621020793915,-2.53319740295e-05,0,0,368.288146973,10.5919866562,0.000218565270188,0,360.761535645,10.3981618881,0.999962663651,-3.73363494873e-05,0.941179343373
13.25,0,1,0.999976038933,0.999388337135,0.000153281944222,0.000611662864685,0.000611662864685,-0.000611662864685,-2.39610671997e-05,0,0,369.788146973,10.6351308823,0.000217512919335,0,362.245056152,10.4409704208,0.999964088202,-3.59117984772e-05,0.941179343373
13.3,0,1,0.999977111816,0.999397158623,0.000154322711751,0.000602841377258,0.000602841377258,-0.000602841377258,-2.28881835938e-05,0,0,371.288146973,10.678276062,0.000216466403799,0,363.728607178,10.4837799072,0.999965512753,-3.4487247467e-05,0.941179343373
13.35,0,1,0.999977469444,0.999405801296,0.000155364439706,0.000594198703766,0.000594198703766,-0.000594198703766,-2.25305557251e-05,0,0,372.788208008,10.7214069366,0.000215425694478,0,365.212219238,10.5265903473,0.999966937304,-3.30626964569e-05,0.941179343373
13.4,0,1,0.999978482723,0.99941432476,0.000156406895258,0.000585675239563,0.000585675239563,-0.000585675239563,-2.15172767639e-05,0,0,374.28817749,10.7645559311,0.000214390747715,0,366.695861816,10.5694007874,0.999968361855,-3.16381454468e-05,0.941179343373
13.45,0,1,0.99997985363,0.999422609806,0.000157449903782,0.000577390193939,0.000577390193939,-0.000577390193939,-2.01463699341e-05,0,0,375.78817749,10.8076858521,0.000213361461647,0,368.179534912,10.6122140884,0.999969786406,-3.02135944367e-05,0.941179343373
13.5,1,1,0.999980926514,0.999430656433,0.000158493261551,0.000569343566895,0.000569343566895,-0.000569343566895,-1.90734863281e-05,0,0,377.28817749,10.8508310318,0.000212337836274,0,369.663208008,10.6550264359,0.999971210957,-2.87890434265e-05,0.941179343373
13.55,0,1,0.999981105328,0.999438345432,0.000159536808496,0.000561654567719,0.000561654567719,-0.000561654567719,-1.88946723938e-05,0,0,378.78817749,10.8939762115,0.000211319755181,0,371.146942139,10.6978416443,0.999972140789,-2.7859210968e-05,0.939973969125
13.6,0,1,0.999982118607,0.999446213245,0.000160582581884,0.000553786754608,0.000553786754608,-0.000553786754608,-1.78813934326e-05,0,0,380.28817749,10.9371099472,0.000210307232919,0,372.630645752,10.740655899,0.999973070621,-2.69293785096e-05,0.939973969125
13.65,0,1,0.999983370304,0.999453544617,0.000161634539836,0.000546455383301,0.000546455383301,-0.000546455383301,-1.66296958923e-05,0,0,381.78817749,10.980255127,0.000209300153074,0,374.114471436,10.7834730148,0.999974000454,-2.5999546051e-05,0.939973969125
13.7,0,1,0.999983668327,0.999460935593,0.000162690514117,0.000539064407349,0.000539064407349,-0.000539064407349,-1.63316726685e-05,0,0,383.28817749,11.0234003067,0.000208298486541,0,375.598266602,10.8262891769,0.999974930286,-2.50697135925e-05,0.939973969125
13.75,0,1,0.999984741211,0.999468147755,0.000163749849889,0.000531852245331,0.000531852245331,-0.000531852245331,-1.52587890625e-05,0,0,384.78817749,11.0665302277,0.000207302189665,0,377.082122803,10.8691091537,0.999975860119,-2.4139881134e-05,0.939973969125
13.8,0,1,0.999984920025,0.999475061893,0.000164812270668,0.000524938106537,0.000524938106537,-0.000524938106537,-1.50799751282e-05,0,0,386.28817749,11.1096782684,0.000206311233342,0,378.565979004,10.9119272232,0.999976789951,-2.32100486756e-05,0.939973969125
13.85,0,1,0.999985098839,0.999481856823,0.000165877412655,0.000518143177032,0.000518143177032,-0.000518143177032,-1.49011611938e-05,0,0,387.78817749,11.1528091431,0.00020532553026,0,380.049835205,10.9547491074,0.999977719784,-2.22802162171e-05,0.939973969125
13.9,0,1,0.999986112118,0.999488532543,0.000166945028468,0.000511467456818,0.000511467456818,-0.000511467456818,-1.38878822327e-05,0,0,389.28817749,11.1959543228,0.00020434500766,0,381.533752441,10.9975690842,0.999978649616,-2.13503837585e-05,0.939973969125
13.95,0,1,0.999987185001,0.999494850636,0.000168014856172,0.000505149364471,0.000505149364471,-0.000505149364471,-1.28149986267e-05,0,0,390.788238525,11.2390995026,0.000203369665542,0,383.017700195,11.0403928757,0.999979579449,-2.04205513e-05,0.939973969125
14,1,1,0.999987483025,0.999501347542,0.000169086706592,0.000498652458191,0.000498652458191,-0.000498652458191,-1.25169754028e-05,0,0,392.288238525,11.2822332382,0.000202399445698,0,384.501739502,11.0832147598,0.999980509281,-1.94907188416e-05,0.939973969125
14.05,0,1,0.999988377094,0.999507308006,0.000170160317793,0.000492691993713,0.000492691993713,-0.000492691993713,-1.16229057312e-05,0,0,393.788238525,11.3253774643,0.000201434304472,0,385.985717773,11.126039505,0.999981158972,-1.88410282135e-05,0.938813690026
14.1,0,1,0.999988555908,0.99951338768,0.00017123548605,0.000486612319946,0.000486612319946,-0.000486612319946,-1.14440917969e-05,0,0,395.288238525,11.368522644,0.000200474169105,0,387.469726562,11.1688623428,0.999981808662,-1.81913375854e-05,0.938813690026
14.15,0,1,0.999988734722,0.999519169331,0.000172312022187,0.000480830669403,0.000480830669403,-0.000480830669403,-1.12652778625e-05,0,0,396.788238525,11.4116544724,0.000199519010494,0,388.953796387,11.211689949,0.999982458353,-1.75416469574e-05,0.938813690026
14.2,0,1,0.999988913536,0.999524950981,0.000173389737029,0.00047504901886,0.00047504901886,-0.00047504901886,-1.10864639282e-05,0,0,398.288238525,11.4548015594,0.000198568784981,0,390.437927246,11.2545156479,0.999983108044,-1.68919563294e-05,0.938813690026
14.25,0,1,0.999989748001,0.999530494213,0.000174468441401,0.000469505786896,0.000469505786896,-0.000469505786896,-1.02519989014e-05,0,0,399.788238525,11.4979333878,0.000197623448912,0,391.922027588,11.2973451614,0.999983757734,-1.62422657013e-05,0.938813690026
14.3,0,1,0.999989926815,0.99953597784,0.000175547917024,0.000464022159576,0.000464022159576,-0.000464022159576,-1.0073184967e-05,0,0,401.288238525,11.5410766602,0.000196682944079,0,393.406219482,11.3401727676,0.999984407425,-1.55925750732e-05,0.938813690026
14.35,0,1,0.999990999699,0.999541163445,0.00017662801838,0.000458836555481,0.000458836555481,-0.000458836555481,-9.00030136108e-06,0,0,402.788238525,11.5842227936,0.000195747226826,0,394.890350342,11.3830032349,0.999985057116,-1.49428844451e-05,0.938813690026
14.4,0,1,0.999991357327,0.999546468258,0.000177708541742,0.000453531742096,0.000453531742096,-0.000453531742096,-8.64267349243e-06,0,0,404.288238525,11.6273555756,0.000194816268049,0,396.374542236,11.4258327484,0.999985706806,-1.42931938172e-05,0.938813690026
14.45,0,1,0.999992012978,0.999551594257,0.000178789312486,0.000448405742645,0.000448405742645,-0.000448405742645,-7.9870223999e-06,0,0,405.788238525,11.6704998016,0.000193890067749,0,397.858795166,11.468665123,0.999986356497,-1.36435031891e-05,0.938813690026
14.5,1,1,0.999992191792,0.999556481838,0.000179875351023,0.000443518161774,0.000443518161774,-0.000443518161774,-7.80820846558e-06,0,0,407.288238525,11.7136468887,0.000192968480405,0,399.343048096,11.5114965439,0.999987006187,-1.2993812561e-05,0.938813690026
14.55,0,1,0.999992370605,0.999561429024,0.000180966017069,0.000438570976257,0.000438570976257,-0.000438570976257,-7.62939453125e-06,0,0,408.788238525,11.7567768097,0.000192051506019,0,400.827331543,11.5543298721,0.99998742938,-1.25706195832e-05,0.93766732114
14.6,0,1,0.999992549419,0.999566018581,0.000182060233783,0.00043398141861,0.00043398141861,-0.00043398141861,-7.45058059692e-06,0,0,410.288238525,11.7999248505,0.000191139159142,0,402.311645508,11.5971641541,0.999987852573,-1.21474266053e-05,0.93766732114
14.65,0,1,0.999992549419,0.999570667744,0.000183157564607,0.000429332256317,0.000429332256317,-0.000429332256317,-7.45058059692e-06,0,0,411.788238525,11.8430557251,0.000190231323359,0,403.795959473,11.639998436,0.999988275766,-1.17242336273e-05,0.93766732114
14.7,0,1,0.999992728233,0.999575316906,0.00018425770395,0.000424683094025,0.000424683094025,-0.000424683094025,-7.2717666626e-06,0,0,413.288238525,11.8862028122,0.000189328027773,0,405.28036499,11.6828346252,0.999988698959,-1.13010406494e-05,0.93766732114
14.75,0,1,0.999993443489,0.999579668045,0.00018536040443,0.000420331954956,0.000420331954956,-0.000420331954956,-6.55651092529e-06,0,0,414.788238525,11.9293460846,0.000188429155969,0,406.76473999,11.7256727219,0.999989122152,-1.08778476715e-05,0.93766732114
14.8,0,1,0.999993562698,0.999583959579,0.000186465389561,0.000416040420532,0.000416040420532,-0.000416040420532,-6.43730163574e-06,0,0,416.288238525,11.9724779129,0.000187534751603,0,408.249145508,11.7685098648,0.999989545345,-1.04546546936e-05,0.93766732114
14.85,0,1,0.999993741512,0.999588251114,0.000187572455616,0.000411748886108,0.000411748886108,-0.000411748886108,-6.25848770142e-06,0,0,417.788238525,12.0156240463,0.000186644727364,0,409.733581543,11.8113498688,0.999989968538,-1.00314617157e-05,0.93766732114
14.9,0,1,0.999993741512,0.99959230423,0.000188681398868,0.000407695770264,0.000407695770264,-0.000407695770264,-6.25848770142e-06,0,0,419.288238525,12.0587692261,0.000185759025044,0,411.218048096,11.8541889191,0.999990391731,-9.60826873775e-06,0.93766732114
14.95,0,1,0.999994814396,0.999596238136,0.000189791971934,0.000403761863708,0.000403761863708,-0.000403761863708,-5.18560409546e-06,0,0,420.788269043,12.1019010544,0.000184877644642,0,412.702545166,11.8970298767,0.999990814924,-9.18507575987e-06,0.93766732114
15,1,1,0.99999499321,0.999600172043,0.000190904014744,0.000399827957153,0.000399827957153,-0.000399827957153,-5.00679016113e-06,0,0,422.288269043,12.1450471878,0.000184000557056,0,414.187042236,11.9398698807,0.999991238117,-8.76188278198e-06,0.93766732114
15.05,0,1,0.999995172024,0.999604105949,0.000192017338122,0.000395894050598,0.000395894050598,-0.000395894050598,-4.82797622681e-06,0,0,423.788269043,12.1881780624,0.000183127689525,0,415.671600342,11.982711792,0.999991506338,-8.49366188049e-06,0.936586564875
15.1,0,1,0.999995172024,0.999607920647,0.000193131781998,0.000392079353333,0.000392079353333,-0.000392079353333,-4.82797622681e-06,0,0,425.288269043,12.2313251495,0.000182259056601,0,417.156158447,12.025554657,0.999991774559,-8.225440979e-06,0.936586564875
15.15,0,1,0.999995827675,0.999611616135,0.000194247113541,0.000388383865356,0.000388383865356,-0.000388383865356,-4.17232513428e-06,0,0,426.788269043,12.2744693756,0.000181394556421,0,418.640808105,12.0683984756,0.99999204278,-7.95722007751e-06,0.936586564875
15.2,0,1,0.999995827675,0.999615192413,0.000195363187231,0.00038480758667,0.00038480758667,-0.00038480758667,-4.17232513428e-06,0,0,428.288269043,12.3176031113,0.000180534188985,0,420.125427246,12.1112422943,0.999992311001,-7.68899917603e-06,0.936586564875
15.25,0,1,0.999996185303,0.999618709087,0.000196479842998,0.000381290912628,0.000381290912628,-0.000381290912628,-3.81469726562e-06,0,0,429.788269043,12.3607444763,0.000179677939741,0,421.610015869,12.1540880203,0.999992579222,-7.42077827454e-06,0.936586564875
15.3,0,1,0.999996185303,0.999622046947,0.000197596862563,0.000377953052521,0.000377953052521,-0.000377953052521,-3.81469726562e-06,0,0,431.288269043,12.4038915634,0.000178825735929,0,423.094696045,12.1969347,0.999992847443,-7.15255737305e-06,0.936586564875
15.35,0,1,0.999996185303,0.999625444412,0.000198720212211,0.000374555587769,0.000374555587769,-0.000374555587769,-3.81469726562e-06,0,0,432.788269043,12.4470233917,0.000177977562998,0,424.579345703,12.2397823334,0.999993115664,-6.88433647156e-06,0.936586564875
15.4,0,1,0.999996364117,0.999628663063,0.000199847490876,0.000371336936951,0.000371336936951,-0.000371336936951,-3.6358833313e-06,0,0,434.288269043,12.4901714325,0.00017713336274,0,426.064056396,12.2826280594,0.999993383884,-6.61611557007e-06,0.936586564875
15.45,0,1,0.999996364117,0.999631822109,0.000200978131033,0.000368177890778,0.000368177890778,-0.000368177890778,-3.6358833313e-06,0,0,435.788269043,12.5333032608,0.000176293149707,0,427.548828125,12.3254776001,0.999993652105,-6.34789466858e-06,0.936586564875
15.5,1,1,0.999996364117,0.999634981155,0.000202111754334,0.000365018844604,0.000365018844604,-0.000365018844604,-3.6358833313e-06,0,0,437.288269043,12.5764503479,0.000175456836587,0,429.033599854,12.3683271408,0.999993920326,-6.07967376709e-06,0.936586564875
15.55,0,1,0.999996542931,0.999638140202,0.000203248113394,0.000361859798431,0.000361859798431,-0.000361859798431,-3.45706939697e-06,0,0,438.788269043,12.6195907593,0.000174624437932,0,430.518432617,12.4111776352,0.999994122982,-5.87701797483e-06,0.935510639133
15.6,0,1,0.999996542931,0.999641120434,0.000204386931728,0.000358879566193,0.000358879566193,-0.000358879566193,-3.45706939697e-06,0,0,440.288269043,12.6627264023,0.000173795910086,0,432.003204346,12.4540281296,0.999994325638,-5.67436218257e-06,0.935510639133
15.65,0,1,0.999996542931,0.999644160271,0.000205527976505,0.000355839729309,0.000355839729309,-0.000355839729309,-3.45706939697e-06,0,0,441.788269043,12.7058696747,0.000172971209395,0,433.488037109,12.4968805313,0.999994528294,-5.47170639043e-06,0.935510639133
15.7,0,1,0.999996542931,0.999646961689,0.000206671043998,0.000353038311005,0.000353038311005,-0.000353038311005,-3.45706939697e-06,0,0,443.288330078,12.7490167618,0.000172150292201,0,434.972869873,12.539732933,0.999994730949,-5.26905059817e-06,0.935510639133
15.75,0,1,0.999997258186,0.999649763107,0.000207815945032,0.0003502368927,0.0003502368927,-0.0003502368927,-2.74181365967e-06,0,0,444.788330078,12.7921504974,0.000171333158505,0,436.457763672,12.5825862885,0.999994933605,-5.06639480591e-06,0.935510639133
15.8,0,1,0.999997258186,0.999652385712,0.000208962490433,0.00034761428833,0.00034761428833,-0.00034761428833,-2.74181365967e-06,0,0,446.288330078,12.8352928162,0.000170519764652,0,437.942657471,12.6254396439,0.999995136261,-4.86373901365e-06,0.935510639133
15.85,0,1,0.999997377396,0.999655127525,0.000210110476473,0.00034487247467,0.00034487247467,-0.00034487247467,-2.62260437012e-06,0,0,447.788330078,12.8784255981,0.000169710081536,0,439.427642822,12.6682958603,0.999995338917,-4.66108322139e-06,0.935510639133
15.9,0,1,0.999997377396,0.999657809734,0.00021125972853,0.000342190265656,0.000342190265656,-0.000342190265656,-2.62260437012e-06,0,0,449.288330078,12.9215726852,0.000168904080056,0,440.912597656,12.711151123,0.999995541573,-4.45842742924e-06,0.935510639133
15.95,0,1,0.99999755621,0.999660551548,0.000212410042877,0.000339448451996,0.000339448451996,-0.000339448451996,-2.44379043579e-06,0,0,450.788330078,12.9647169113,0.000168101731106,0,442.397521973,12.7540082932,0.999995744228,-4.25577163699e-06,0.935510639133
16,1,1,0.99999755621,0.999662995338,0.000213561317651,0.00033700466156,0.00033700466156,-0.00033700466156,-2.44379043579e-06,0,0,452.288330078,13.0078516006,0.000167302991031,0,443.882537842,12.7968645096,0.999995946884,-4.05311584473e-06,0.935510639133
16.05,0,1,0.99999755621,0.999665498734,0.00021471332002,0.000334501266479,0.000334501266479,-0.000334501266479,-2.44379043579e-06,0,0,453.788330078,13.050989151,0.000166507830727,0,445.367553711,12.839723587,0.999996078014,-3.92198562627e-06,0.934525845134
16.1,0,1,0.99999755621,0.99966776371,0.000215865919017,0.000332236289978,0.000332236289978,-0.000332236289978,-2.44379043579e-06,0,0,455.288330078,13.0941362381,0.000165716264746,0,446.852600098,12.8825817108,0.999996209145,-3.79085540769e-06,0.934525845134
16.15,0,1,0.99999755621,0.999670147896,0.000217024266021,0.000329852104187,0.000329852104187,-0.000329852104187,-2.44379043579e-06,0,0,456.788330078,13.1372699738,0.000164928220329,0,448.337646484,12.9254417419,0.999996340275,-3.65972518923e-06,0.934525845134
16.2,0,1,0.999998629093,0.999672472477,0.000218186614802,0.000327527523041,0.000327527523041,-0.000327527523041,-1.37090682983e-06,0,0,458.288330078,13.1804180145,0.000164143682923,0,449.822723389,12.9683017731,0.999996471405,-3.52859497066e-06,0.934525845134
16.25,0,1,0.999998629093,0.999674797058,0.000219352339627,0.000325202941895,0.000325202941895,-0.000325202941895,-1.37090682983e-06,0,0,459.788330078,13.2235498428,0.000163362623425,0,451.307861328,13.0111637115,0.999996602535,-3.3974647522e-06,0.934525845134
16.3,0,1,0.999998629093,0.999676823616,0.000220521047595,0.000323176383972,0.000323176383972,-0.000323176383972,-1.37090682983e-06,0,0,461.288330078,13.2666969299,0.000162585012731,0,452.79296875,13.0540237427,0.999996733665,-3.26633453374e-06,0.934525845134
16.35,0,1,0.999998629093,0.999679028988,0.000221692505875,0.000320971012115,0.000320971012115,-0.000320971012115,-1.37090682983e-06,0,0,462.788330078,13.3098363876,0.000161810850841,0,454.278137207,13.0968875885,0.999996864796,-3.13520431516e-06,0.934525845134
16.4,0,1,0.999998688698,0.999681293964,0.000222866423428,0.000318706035614,0.000318706035614,-0.000318706035614,-1.31130218506e-06,0,0,464.288330078,13.352971077,0.000161040050443,0,455.763305664,13.1397504807,0.999996995926,-3.0040740967e-06,0.934525845134
16.45,0,1,0.999998688698,0.999683320522,0.000224042640184,0.000316679477692,0.000316679477692,-0.000316679477692,-1.31130218506e-06,0,0,465.788330078,13.3961172104,0.000160272655194,0,457.248535156,13.1826162338,0.999997127056,-2.87294387813e-06,0.934525845134
16.5,1,1,0.999998688698,0.99968534708,0.000225220879656,0.000314652919769,0.000314652919769,-0.000314652919769,-1.31130218506e-06,0,0,467.288330078,13.4392642975,0.000159508606885,0,458.733764648,13.225479126,0.999997258186,-2.74181365967e-06,0.934525845134
16.55,0,1,0.999998867512,0.999687433243,0.000226401010877,0.000312566757202,0.000312566757202,-0.000312566757202,-1.13248825073e-06,0,0,468.788360596,13.4823970795,0.000158747890964,0,460.218963623,13.2683448792,0.999997341633,-2.65836715696e-06,0.933563363762
16.6,0,1,0.999998867512,0.999689280987,0.000227582815569,0.000310719013214,0.000310719013214,-0.000310719013214,-1.13248825073e-06,0,0,470.288360596,13.5255374908,0.000157990434673,0,461.704223633,13.3112106323,0.999997425079,-2.57492065425e-06,0.933563363762
16.65,0,1,0.999998867512,0.999691188335,0.000228766119108,0.000308811664581,0.000308811664581,-0.000308811664581,-1.13248825073e-06,0,0,471.788360596,13.5686712265,0.000157236267114,0,463.189544678,13.3540792465,0.999997508526,-2.49147415166e-06,0.933563363762
16.7,0,1,0.999998867512,0.999693036079,0.000229950761423,0.000306963920593,0.000306963920593,-0.000306963920593,-1.13248825073e-06,0,0,473.288360596,13.6118164062,0.000156485344633,0,464.674835205,13.3969449997,0.999997591972,-2.40802764895e-06,0.933563363762
16.75,0,1,0.999998986721,0.999695003033,0.000231136538787,0.000304996967316,0.000304996967316,-0.000304996967316,-1.01327896118e-06,0,0,474.788360596,13.654961586,0.000155737623572,0,466.160125732,13.4398136139,0.999997675419,-2.32458114624e-06,0.933563363762
16.8,0,1,0.999998986721,0.999696791172,0.000232323320233,0.000303208827972,0.000303208827972,-0.000303208827972,-1.01327896118e-06,0,0,476.288360596,13.69810009,0.000154993118485,0,467.645477295,13.4826822281,0.999997758865,-2.24113464353e-06,0.933563363762
16.85,0,1,0.999998986721,0.999698519707,0.000233510960243,0.000301480293274,0.000301480293274,-0.000301480293274,-1.01327896118e-06,0,0,477.788360596,13.7412366867,0.000154251785716,0,469.130889893,13.5255537033,0.999997842312,-2.15768814082e-06,0.933563363762
16.9,0,1,0.999998986721,0.999700188637,0.00023470238375,0.00029981136322,0.00029981136322,-0.00029981136322,-1.01327896118e-06,0,0,479.288360596,13.7843837738,0.000153513625264,0,470.616271973,13.5684223175,0.999997925758,-2.07424163823e-06,0.933563363762
16.95,0,1,0.999998986721,0.999701857567,0.000235898551182,0.000298142433167,0.000298142433167,-0.000298142433167,-1.01327896118e-06,0,0,480.788360596,13.8275165558,0.000152778549818,0,472.101654053,13.6112947464,0.999998009205,-1.99079513552e-06,0.933563363762
17,1,1,0.999999642372,0.999703466892,0.000237098254729,0.000296533107758,0.000296533107758,-0.000296533107758,-3.57627868652e-07,0,0,482.288360596,13.8706665039,0.00015204657393,0,473.58706665,13.6541671753,0.999998092651,-1.90734863281e-06,0.933563363762
17.05,0,1,0.999999642372,0.999705195427,0.000238301072386,0.000294804573059,0.000294804573059,-0.000294804573059,-3.57627868652e-07,0,0,483.788360596,13.9137983322,0.0001513176976,0,475.072601318,13.6970396042,0.999998140335,-1.85966491695e-06,0.932653593585
17.1,0,1,0.999999642372,0.999706685543,0.000239506713115,0.00029331445694,0.00029331445694,-0.00029331445694,-3.57627868652e-07,0,0,485.288360596,13.9569444656,0.000150591891725,0,476.558013916,13.7399110794,0.999998188019,-1.81198120119e-06,0.932653593585
17.15,0,1,0.999999642372,0.999708175659,0.000240714958636,0.00029182434082,0.00029182434082,-0.00029182434082,-3.57627868652e-07,0,0,486.788360596,14.0000810623,0.000149869098095,0,478.043518066,13.7827863693,0.999998235703,-1.76429748533e-06,0.932653593585
17.2,0,1,0.999999642372,0.999709665775,0.000241925605224,0.000290334224701,0.000290334224701,-0.000290334224701,-3.57627868652e-07,0,0,488.288360596,14.0432195663,0.000149149316712,0,479.529052734,13.8256607056,0.999998283386,-1.71661376958e-06,0.932653593585
17.25,0,1,0.999999642372,0.999711155891,0.000243138405494,0.000288844108582,0.000288844108582,-0.000288844108582,-3.57627868652e-07,0,0,489.788360596,14.0863628387,0.000148432533024,0,481.014556885,13.8685369492,0.99999833107,-1.66893005371e-06,0.932653593585
17.3,0,1,0.999999642372,0.999712586403,0.000244353199378,0.000287413597107,0.000287413597107,-0.000287413597107,-3.57627868652e-07,0,0,491.288360596,14.1295080185,0.000147718717926,0,482.500152588,13.9114112854,0.999998378754,-1.62124633785e-06,0.932653593585
17.35,0,1,0.999999642372,0.99971395731,0.000245569797698,0.000286042690277,0.000286042690277,-0.000286042690277,-3.57627868652e-07,0,0,492.788360596,14.1726446152,0.000147007856867,0,483.985656738,13.954287529,0.999998426437,-1.57356262209e-06,0.932653593585
17.4,0,1,0.999999642372,0.99971550703,0.00024678799673,0.000284492969513,0.000284492969513,-0.000284492969513,-3.57627868652e-07,0,0,494.288360596,14.2157831192,0.000146299920743,0,485.471252441,13.9971647263,0.999998474121,-1.52587890623e-06,0.932653593585
17.45,0,1,0.999999642372,0.999716758728,0.00024800770916,0.000283241271973,0.000283241271973,-0.000283241271973,-3.57627868652e-07,0,0,495.788360596,14.2589168549,0.000145594865899,0,486.956878662,14.0400438309,0.999998521805,-1.47819519047e-06,0.932653593585
17.5,1,1,0.999999761581,0.999718248844,0.000249228643952,0.000281751155853,0.000281751155853,-0.000281751155853,-2.38418579102e-07,0,0,497.288391113,14.302063942,0.000144892706885,0,488.4425354,14.0829210281,0.999998569489,-1.43051147461e-06,0.932653593585
17.55,0,1,0.999999761581,0.999719500542,0.000250450713793,0.000280499458313,0.000280499458313,-0.000280499458313,-2.38418579102e-07,0,0,498.788391113,14.345208168,0.000144193414599,0,489.928161621,14.1258001328,0.999998605251,-1.39474868777e-06,0.931736803189
17.6,0,1,0.999999761581,0.999720692635,0.00025167374406,0.000279307365417,0.000279307365417,-0.000279307365417,-2.38418579102e-07,0,0,500.288391113,14.3883476257,0.000143496959936,0,491.413848877,14.1686811447,0.999998641014,-1.35898590092e-06,0.931736803189
17.65,0,1,0.999999761581,0.999721884727,0.000252902507782,0.000278115272522,0.000278115272522,-0.000278115272522,-2.38418579102e-07,0,0,501.788391113,14.4314823151,0.000142803313793,0,492.899536133,14.2115621567,0.999998676777,-1.32322311397e-06,0.931736803189
17.7,0,1,0.999999761581,0.999723255634,0.000254135142313,0.000276744365692,0.000276744365692,-0.000276744365692,-2.38418579102e-07,0,0,503.288391113,14.4746294022,0.000142112490721,0,494.385253906,14.2544412613,0.99999871254,-1.28746032713e-06,0.931736803189
17.75,0,1,0.999999940395,0.999724566936,0.000255371123785,0.000275433063507,0.000275433063507,-0.000275433063507,-5.96046447754e-08,0,0,504.788391113,14.5177612305,0.000141424432513,0,495.87097168,14.2973232269,0.999998748302,-1.25169754028e-06,0.931736803189
17.8,0,1,0.999999940395,0.999725759029,0.000256610219367,0.000274240970612,0.000274240970612,-0.000274240970612,-5.96046447754e-08,0,0,506.288391113,14.5609111786,0.000140739124618,0,497.356719971,14.3402070999,0.999998784065,-1.21593475344e-06,0.931736803189
17.85,0,1,0.999999940395,0.999726831913,0.000257852079812,0.000273168087006,0.000273168087006,-0.000273168087006,-5.96046447754e-08,0,0,507.788391113,14.6040458679,0.000140056581586,0,498.842498779,14.3830909729,0.999998819828,-1.1801719666e-06,0.931736803189
17.9,0,1,0.999999940395,0.999728024006,0.000259096472291,0.00027197599411,0.00027197599411,-0.00027197599411,-5.96046447754e-08,0,0,509.288391113,14.647192955,0.000139376759762,0,500.328277588,14.4259729385,0.999998855591,-1.14440917964e-06,0.931736803189
17.95,0,1,0.999999940395,0.999729037285,0.000260343280388,0.000270962715149,0.000270962715149,-0.000270962715149,-5.96046447754e-08,0,0,510.788391113,14.6903276443,0.000138699659146,0,501.814086914,14.4688577652,0.999998891354,-1.1086463928e-06,0.931736803189
18,1,1,0.999999940395,0.999730288982,0.000261592213064,0.000269711017609,0.000269711017609,-0.000269711017609,-5.96046447754e-08,0,0,512.288391113,14.733464241,0.000138025206979,0,503.299957275,14.5117425919,0.999998927116,-1.07288360596e-06,0.931736803189
18.05,0,1,0.999999940395,0.999731302261,0.000262843153905,0.000268697738647,0.000268697738647,-0.000268697738647,-5.96046447754e-08,0,0,513.788391113,14.7766113281,0.000137353446917,0,504.785766602,14.5546302795,0.99999896884,-1.03116035466e-06,0.930887199672
18.1,0,1,0.999999940395,0.99973231554,0.000264095899183,0.000267684459686,0.000267684459686,-0.000267684459686,-5.96046447754e-08,0,0,515.288391113,14.8197574615,0.000136684320751,0,506.271636963,14.5975151062,0.999999010563,-9.89437103249e-07,0.930887199672
18.15,0,1,0.999999940395,0.999733328819,0.00026535030338,0.000266671180725,0.000266671180725,-0.000266671180725,-5.96046447754e-08,0,0,516.788391113,14.8628921509,0.000136017843033,0,507.757537842,14.6404027939,0.999999052286,-9.47713851951e-07,0.930887199672
18.2,0,1,0.999999940395,0.999734342098,0.000266606191872,0.000265657901764,0.000265657901764,-0.000265657901764,-5.96046447754e-08,0,0,518.288391113,14.9060277939,0.000135353941005,0,509.243377686,14.6832904816,0.999999094009,-9.05990600542e-07,0.930887199672
18.25,0,1,0.999999940395,0.999735295773,0.000267863331828,0.000264704227448,0.000264704227448,-0.000264704227448,-5.96046447754e-08,0,0,519.788391113,14.9491643906,0.000134692672873,0,510.7293396,14.7261781693,0.999999135733,-8.64267349243e-07,0.930887199672
18.3,0,1,0.999999940395,0.999736249447,0.000269121810561,0.000263750553131,0.000263750553131,-0.000263750553131,-5.96046447754e-08,0,0,521.288391113,14.9923095703,0.000134033936774,0,512.215270996,14.7690658569,0.999999177456,-8.22544097945e-07,0.930887199672
18.35,0,1,0.999999940395,0.999737083912,0.00027038611006,0.000262916088104,0.000262916088104,-0.000262916088104,-5.96046447754e-08,0,0,522.788391113,15.0354557037,0.000133377776365,0,513.70123291,14.811955452,0.999999219179,-7.80820846535e-07,0.930887199672
18.4,0,1,0.999999940395,0.999738097191,0.000271654251264,0.000261902809143,0.000261902809143,-0.000261902809143,-5.96046447754e-08,0,0,524.288391113,15.0785942078,0.000132724133437,0,515.187194824,14.8548469543,0.999999260902,-7.39097595237e-07,0.930887199672
18.45,0,1,0.999999940395,0.999738991261,0.000272925739409,0.000261008739471,0.000261008739471,-0.000261008739471,-5.96046447754e-08,0,0,525.788391113,15.1217279434,0.000132073066197,0,516.673156738,14.8977375031,0.999999302626,-6.97374343828e-07,0.930887199672
18.5,1,1,0.999999940395,0.999740004539,0.000274200370768,0.00025999546051,0.00025999546051,-0.00025999546051,-5.96046447754e-08,0,0,527.288391113,15.1648740768,0.000131424472784,0,518.159179688,14.9406280518,0.999999344349,-6.55651092529e-07,0.930887199672
18.55,0,1,0.999999940395,0.999740839005,0.000275477825198,0.000259160995483,0.000259160995483,-0.000259160995483,-5.96046447754e-08,0,0,528.788452148,15.2080087662,0.000130778353196,0,519.645202637,14.9835205078,0.999999374151,-6.25848770142e-07,0.930043985785
18.6,0,1,0.999999940395,0.99974167347,0.000276757869869,0.000258326530457,0.000258326530457,-0.000258326530457,-5.96046447754e-08,0,0,530.288452148,15.2511587143,0.000130134751089,0,521.131225586,15.0264120102,0.999999403954,-5.96046447754e-07,0.930043985785
18.65,0,1,0.999999940395,0.999742567539,0.00027804041747,0.000257432460785,0.000257432460785,-0.000257432460785,-5.96046447754e-08,0,0,531.788452148,15.2942943573,0.000129493579152,0,522.61730957,15.0693054199,0.999999433756,-5.66244125366e-07,0.930043985785
18.7,0,1,0.999999940395,0.9997433424,0.000279325176962,0.000256657600403,0.000256657600403,-0.000256657600403,-5.96046447754e-08,0,0,533.288452148,15.3374404907,0.000128854837385,0,524.10333252,15.1121988297,0.999999463558,-5.36441802979e-07,0.930043985785
18.75,0,1,0.999999940395,0.999744176865,0.000280612002825,0.000255823135376,0.000255823135376,-0.000255823135376,-5.96046447754e-08,0,0,534.788452148,15.380572319,0.000128218525788,0,525.589416504,15.1550931931,0.999999493361,-5.06639480591e-07,0.930043985785
18.8,0,1,0.999999940395,0.999744951725,0.000281900720438,0.000255048274994,0.000255048274994,-0.000255048274994,-5.96046447754e-08,0,0,536.288452148,15.4237108231,0.000127584600705,0,527.075561523,15.1979875565,0.999999523163,-4.76837158203e-07,0.930043985785
18.85,0,1,0.999999940395,0.999745726585,0.00028319118428,0.000254273414612,0.000254273414612,-0.000254273414612,-5.96046447754e-08,0,0,537.788452148,15.4668560028,0.000126953120343,0,528.561706543,15.2408838272,0.999999552965,-4.47034835815e-07,0.930043985785
18.9,0,1,0.999999940395,0.999746382236,0.00028448321973,0.000253617763519,0.000253617763519,-0.000253617763519,-5.96046447754e-08,0,0,539.288452148,15.5100040436,0.000126323968288,0,530.047851562,15.2837781906,0.999999582767,-4.17232513428e-07,0.930043985785
18.95,0,1,0.999999940395,0.999747157097,0.000285776623059,0.000252842903137,0.000252842903137,-0.000252842903137,-5.96046447754e-08,0,0,540.788452148,15.5531406403,0.000125697202748,0,531.533996582,15.3266763687,0.99999961257,-3.8743019104e-07,0.930043985785
19,1,1,0.999999940395,0.999747872353,0.000287075003143,0.0002521276474,0.0002521276474,-0.0002521276474,-5.96046447754e-08,0,0,542.288452148,15.5962724686,0.000125072750961,0,533.020202637,15.3695726395,0.999999642372,-3.57627868652e-07,0.930043985785
19.05,0,1,0.999999940395,0.999748528004,0.000288377690595,0.000251471996307,0.000251471996307,-0.000251471996307,-5.96046447754e-08,0,0,543.788452148,15.6394081116,0.000124450642033,0,534.506469727,15.4124708176,0.999999654293,-3.45706939742e-07,0.929279774049
19.1,0,1,0.999999940395,0.999749183655,0.000289683928713,0.000250816345215,0.000250816345215,-0.000250816345215,-5.96046447754e-08,0,0,545.288452148,15.6825580597,0.000123830861412,0,535.992614746,15.4553670883,0.999999666214,-3.3378601072e-07,0.929279774049
19.15,0,1,0.999999940395,0.999749898911,0.000290993455565,0.000250101089478,0.000250101089478,-0.000250101089478,-5.96046447754e-08,0,0,546.788452148,15.7257032394,0.000123213379993,0,537.478820801,15.4982681274,0.999999678135,-3.21865081809e-07,0.929279774049
19.2,0,1,0.999999940395,0.999750554562,0.000292305921903,0.000249445438385,0.000249445438385,-0.000249445438385,-5.96046447754e-08,0,0,548.288452148,15.7688417435,0.000122598168673,0,538.965148926,15.5411672592,0.999999690056,-3.09944152788e-07,0.929279774049
19.25,0,1,0.999999940395,0.999751269817,0.000293621211313,0.000248730182648,0.000248730182648,-0.000248730182648,-5.96046447754e-08,0,0,549.788452148,15.8119726181,0.0001219852129,0,540.45135498,15.5840682983,0.999999701977,-2.98023223877e-07,0.929279774049
19.3,0,1,0.999999940395,0.999751865864,0.000294939032756,0.0002481341362,0.0002481341362,-0.0002481341362,-5.96046447754e-08,0,0,551.288452148,15.8551197052,0.000121374534501,0,541.93762207,15.6269664764,0.999999713898,-2.86102294966e-07,0.929279774049
19.35,0,1,0.999999940395,0.99975246191,0.000296259298921,0.000247538089752,0.000247538089752,-0.000247538089752,-5.96046447754e-08,0,0,552.788452148,15.8982572556,0.000120766067994,0,543.423950195,15.6698684692,0.999999725819,-2.74181365945e-07,0.929279774049
19.4,0,1,0.999999940395,0.999753117561,0.000297581776977,0.00024688243866,0.00024688243866,-0.00024688243866,-5.96046447754e-08,0,0,554.288452148,15.9414052963,0.000120159849757,0,544.91027832,15.7127695084,0.99999973774,-2.62260437034e-07,0.929279774049
19.45,0,1,0.999999940395,0.999753654003,0.000298906263197,0.000246345996857,0.000246345996857,-0.000246345996857,-5.96046447754e-08,0,0,555.788452148,15.984541893,0.000119555836136,0,546.396606445,15.7556724548,0.99999974966,-2.50339508012e-07,0.929279774049
19.5,1,1,0.999999940395,0.99975425005,0.000300232699374,0.000245749950409,0.000245749950409,-0.000245749950409,-5.96046447754e-08,0,0,557.288452148,16.0276889801,0.000118953998026,0,547.88293457,15.798573494,0.999999761581,-2.38418579102e-07,0.929279774049
19.55,0,1,0.999999940395,0.999754846096,0.000301560794469,0.000245153903961,0.000245153903961,-0.000245153903961,-5.96046447754e-08,0,0,558.788452148,16.0708179474,0.000118354371807,0,549.36932373,15.8414764404,0.999999761581,-2.38418579102e-07,0.928501687806
19.6,0,1,0.999999940395,0.999755442142,0.000302891654428,0.000244557857513,0.000244557857513,-0.000244557857513,-5.96046447754e-08,0,0,560.288452148,16.1139526367,0.000117756899272,0,550.855712891,15.8843803406,0.999999761581,-2.38418579102e-07,0.928501687806
19.65,0,1,0.999999940395,0.999755978584,0.000304227840388,0.00024402141571,0.00024402141571,-0.00024402141571,-5.96046447754e-08,0,0,561.788452148,16.1571025848,0.000117161587696,0,552.342102051,15.9272871017,0.999999761581,-2.38418579102e-07,0.928501687806
19.7,0,1,0.999999940395,0.999756574631,0.000305567984469,0.000243425369263,0.000243425369263,-0.000243425369263,-5.96046447754e-08,0,0,563.288452148,16.2002506256,0.000116568422527,0,553.828491211,15.9701910019,0.999999761581,-2.38418579102e-07,0.928501687806
19.75,0,1,0.999999940395,0.999757051468,0.000306911562802,0.000242948532104,0.000242948532104,-0.000242948532104,-5.96046447754e-08,0,0,564.788452148,16.2433872223,0.00011597736011,0,555.315002441,16.0130958557,0.999999761581,-2.38418579102e-07,0.928501687806
19.8,0,1,0.999999940395,0.99975758791,0.000308258458972,0.000242412090302,0.000242412090302,-0.000242412090302,-5.96046447754e-08,0,0,566.288513184,16.2865200043,0.000115388422273,0,556.801391602,16.0560016632,0.999999761581,-2.38418579102e-07,0.928501687806
19.85,0,1,0.999999940395,0.999758064747,0.000309608323732,0.000241935253143,0.000241935253143,-0.000241935253143,-5.96046447754e-08,0,0,567.788513184,16.329656601,0.000114801616292,0,558.287841797,16.0989093781,0.999999761581,-2.38418579102e-07,0.928501687806
19.9,0,1,0.999999940395,0.999758541584,0.000310961011564,0.000241458415985,0.000241458415985,-0.000241458415985,-5.96046447754e-08,0,0,569.288513184,16.3728027344,0.000114216869406,0,559.774291992,16.1418151855,0.999999761581,-2.38418579102e-07,0.928501687806
19.95,0,1,0.999999940395,0.99975913763,0.000312316318741,0.000240862369537,0.000240862369537,-0.000240862369537,-5.96046447754e-08,0,0,570.788513184,16.4159488678,0.000113634188892,0,561.260803223,16.1847229004,0.999999761581,-2.38418579102e-07,0.928501687806
20,1,1,0.999999940395,0.999759554863,0.00031367407064,0.000240445137024,0.000240445137024,-0.000240445137024,-5.96046447754e-08,0,0,572.288513184,16.4590854645,0.000113053589303,0,562.747314453,16.2276306152,0.999999761581,-2.38418579102e-07,0.928501687806
