20mW_0mM_TEMPO_T1_Time_s,20mW_0mM_TEMPO_T1_OffsetROI_Intensity,20mW_0mM_TEMPO_T1_CenterROI_Intensity,20mW_0mM_TEMPO_T4_Time_s,20mW_0mM_TEMPO_T4_OffsetROI_Intensity,20mW_0mM_TEMPO_T4_CenterROI_Intensity,20mW_0mM_TEMPO_T5_Time_s,20mW_0mM_TEMPO_T5_OffsetROI_Intensity,20mW_0mM_TEMPO_T5_CenterROI_Intensity,30mW_0mM_TEMPO_T2_Time_s,30mW_0mM_TEMPO_T2_OffsetROI_Intensity,30mW_0mM_TEMPO_T2_CenterROI_Intensity,30mW_0mM_TEMPO_T3_Time_s,30mW_0mM_TEMPO_T3_OffsetROI_Intensity,30mW_0mM_TEMPO_T3_CenterROI_Intensity,30mW_0mM_TEMPO_T4_Time_s,30mW_0mM_TEMPO_T4_OffsetROI_Intensity,30mW_0mM_TEMPO_T4_CenterROI_Intensity,40mW_0mM_TEMPO_T3_Time_s,40mW_0mM_TEMPO_T3_OffsetROI_Intensity,40mW_0mM_TEMPO_T3_CenterROI_Intensity,40mW_0mM_TEMPO_T4_Time_s,40mW_0mM_TEMPO_T4_OffsetROI_Intensity,40mW_0mM_TEMPO_T4_CenterROI_Intensity,20mW_5mM_TEMPO_T1_Time_s,20mW_5mM_TEMPO_T1_OffsetROI_Intensity,20mW_5mM_TEMPO_T1_CenterROI_Intensity,20mW_5mM_TEMPO_T2_Time_s,20mW_5mM_TEMPO_T2_OffsetROI_Intensity,20mW_5mM_TEMPO_T2_CenterROI_Intensity,20mW_5mM_TEMPO_T3_Time_s,20mW_5mM_TEMPO_T3_OffsetROI_Intensity,20mW_5mM_TEMPO_T3_CenterROI_Intensity,30mW_5mM_TEMPO_T1_Time_s,30mW_5mM_TEMPO_T1_OffsetROI_Intensity,30mW_5mM_TEMPO_T1_CenterROI_Intensity,30mW_5mM_TEMPO_T2_Time_s,30mW_5mM_TEMPO_T2_OffsetROI_Intensity,30mW_5mM_TEMPO_T2_CenterROI_Intensity,30mW_5mM_TEMPO_T3_Time_s,30mW_5mM_TEMPO_T3_OffsetROI_Intensity,30mW_5mM_TEMPO_T3_CenterROI_Intensity,40mW_5mM_TEMPO_T1_Time_s,40mW_5mM_TEMPO_T1_OffsetROI_Intensity,40mW_5mM_TEMPO_T1_CenterROI_Intensity,40mW_5mM_TEMPO_T2_Time_s,40mW_5mM_TEMPO_T2_OffsetROI_Intensity,40mW_5mM_TEMPO_T2_CenterROI_Intensity,40mW_5mM_TEMPO_T3_Time_s,40mW_5mM_TEMPO_T3_OffsetROI_Intensity,40mW_5mM_TEMPO_T3_CenterROI_Intensity
0.0,71.86467661691542,69.23989722027564,0.0,70.3681592039801,68.1784629759402,0.0,78.43980099502488,70.01354823639336,0.0,70.89353233830846,60.52791403877599,0.0,63.41094527363184,63.693529549170755,0.0,57.998222222222225,61.03246904928755,0.0,69.23781094527364,65.88740948376548,0.0,67.47022222222222,68.40270964727867,0.0,75.54228855721394,68.90787848851568,0.0,69.65174129353234,67.82909360335886,0.0,67.18407960199005,68.72610521116324,0.0,60.656716417910445,62.439120770560635,0.0,58.49154228855721,66.43418127932823,0.0,63.20398009950249,64.31612743887379,0.0,67.93233830845772,64.87082457369773,0.0,69.07860696517413,61.57767349962954,0.0,69.30149253731344,65.98458304134547
0.04799999999522697,65.36915422885572,65.14739546834852,0.04899999999906868,73.10646766169154,73.23148797010045,0.04800000000250293,70.44776119402985,65.74538659191778,0.05099999999947613,63.9044776119403,65.16608269096005,0.04899999999906868,64.7004975124378,64.55687923382388,0.05000000000291038,68.63644444444445,62.1013781826676,0.05099999999947613,59.797014925373134,65.38285447325391,0.04899999999906868,68.736,65.48376547535622,0.05000000000291038,67.75721393034826,66.23265003704618,0.05100000000675209,72.80398009950248,67.83304519634477,0.049999999995634425,74.01393034825871,68.83279822178315,0.05199999999604188,64.68457711442787,64.61249691281797,0.04899999999906868,64.90746268656716,65.7782168436651,0.00399999999353895,61.0228855721393,65.55297604346752,0.05099999999947613,69.63582089552239,64.62415323522542,0.04799999999522697,65.35323383084577,62.00049394912324,0.052999999999883585,62.10547263681592,64.57556645643541
0.09799999999813735,72.66069651741293,71.22448026162111,0.09999999999854481,68.71243781094527,68.36159775753329,0.09800000000541331,66.8497512437811,70.90679747722494,0.10100000000238651,59.86069651741293,64.03363700070076,0.09999999999854481,63.9363184079602,61.75379584209297,0.10000000000582077,61.73866666666667,63.03947675776688,0.10199999999895226,64.636815920398,62.28077551973838,0.09999999999854481,67.29955555555556,64.55314178930156,0.10100000000238651,67.3273631840796,67.03482341318845,0.10100000000238651,66.16517412935323,69.46110150654482,0.09999999999854481,62.28059701492537,70.07755001234872,0.09999999999854481,60.17910447761194,62.63670041985675,0.09999999999854481,63.777114427860695,62.778957767349965,0.04899999999906868,67.42288557213931,69.12126450975549,0.09900000000197906,76.17910447761194,68.23826208829713,0.09999999999854481,65.67164179104478,64.62040009878983,0.10000000000582077,67.93233830845772,60.95398271431908
0.14799999999377178,69.11044776119402,68.746554543331,0.14899999999761349,72.16716417910447,68.38028498014482,0.14800000000104774,70.8457711442786,70.15183368371876,0.1500000000014552,64.2865671641791,64.9978976874562,0.14899999999761349,69.81094527363184,66.9451062835786,0.1500000000014552,60.202666666666666,63.502919878533056,0.1510000000052969,65.73532338308458,65.77154870357393,0.14800000000104774,64.83911111111111,67.17682784396169,0.1500000000014552,72.31044776119403,69.20029636947395,0.1510000000052969,60.94328358208955,67.56433687330205,0.15099999999802094,76.8636815920398,68.382316621388,0.1500000000014552,66.6905472636816,62.68807112867375,0.14899999999761349,68.07562189054727,66.10619906149667,0.09799999999813735,73.67960199004975,62.03210669301062,0.15099999999802094,70.62288557213931,64.19434711516001,0.14800000000104774,66.48358208955224,62.85403803408249,0.1510000000052969,61.548258706467664,66.16024293389395
0.19799999999668216,418.4358208955224,407.6056996028965,0.19999999999708962,74.31641791044777,67.4646110721794,0.19800000000395812,69.36517412935324,67.78976874562018,0.20100000000093132,64.42985074626866,65.57720158841393,0.19900000000052387,71.88059701492537,68.07007708479327,0.20100000000093132,62.72,65.00537257650082,0.20000000000436557,71.70547263681593,65.3753795842093,0.19999999999708962,66.65955555555556,62.168652184069146,0.20200000000477303,68.23482587064677,67.77377130155594,0.20100000000093132,80.52537313432836,69.05803902198073,0.19999999999708962,70.60696517412936,67.54062731538652,0.19999999999708962,63.840796019900495,64.92862435169178,0.19999999999708962,67.27960199004976,68.76166954803655,0.14899999999761349,66.41990049751244,66.98740429735737,0.19900000000052387,58.157213930348256,66.40317682784396,0.20100000000093132,65.68756218905473,61.69622128920721,0.20000000000436557,73.3452736318408,69.87152534454567
0.24799999999959255,851.2636815920398,818.2723662695632,0.25,76.08358208955224,65.81639803784162,0.2480000000068685,70.87761194029851,67.42349918243401,0.25,67.12039800995025,63.44312076617613,0.2489999999961583,64.23880597014926,62.49754730203224,0.25,64.24177777777778,63.764540995094606,0.25,65.97412935323383,64.29525811726232,0.24799999999959255,68.25244444444445,66.7059098341509,0.25,75.22388059701493,70.70980489009632,0.25,70.92537313432835,68.14522104223265,0.25099999999656575,72.23084577114427,64.91676957273401,0.25,64.36616915422886,65.52136329958014,0.24900000000343425,66.22885572139303,66.17337614225735,0.19799999999668216,68.33034825870647,64.99975302543838,0.2489999999961583,71.99203980099503,65.76407381452931,0.24799999999959255,68.07562189054727,65.94813534205977,0.25,67.75721393034826,68.14108853071713
0.29799999999522697,835.7412935323383,829.1408549404345,0.2999999999956344,64.1592039800995,67.4197617379117,0.3000000000029104,67.1363184079602,69.8378883438449,0.30099999999947613,68.12338308457711,65.97710815230086,0.2989999999990687,63.95223880597015,67.96916608269096,0.3010000000067521,67.84,65.32679280541929,0.3000000000029104,66.8497512437811,66.32095304835319,0.3000000000029104,63.516444444444446,66.45550105115628,0.3000000000029104,72.9950248756219,68.55618671276858,0.3000000000029104,74.42786069651741,67.31143492220302,0.30099999999947613,71.86467661691542,66.5527290689059,0.2999999999956344,68.76019900497512,67.51296616448506,0.3000000000029104,65.30547263681592,62.57347493208199,0.24799999999959255,68.05970149253731,65.32378365028401,0.2999999999956344,68.12338308457711,64.82223779490774,0.2999999999956344,67.5502487562189,66.09829587552483,0.3000000000029104,64.52537313432836,65.5622518103247
0.34799999999813735,812.0517412935324,826.816164447559,0.3499999999985448,62.997014925373136,68.6045316514833,0.3480000000054133,64.66865671641791,67.88694230320019,0.35000000000582077,62.74228855721393,68.61948142957253,0.3489999999947031,66.26069651741294,63.67857977108152,0.3520000000062282,63.004444444444445,67.80098107918711,0.35199999999895226,70.00199004975124,66.10044382153703,0.34799999999813735,65.96266666666666,62.90492875496379,0.35000000000582077,75.94029850746269,67.8528031612744,0.3510000000023865,71.14825870646766,68.94344282538898,0.3510000000023865,65.11442786069652,66.88071128673747,0.3539999999993597,71.0049751243781,63.90911336132378,0.34900000000197906,59.78109452736319,69.40973079772783,0.2989999999990687,73.58407960199006,67.20869350456903,0.34900000000197906,72.35820895522389,67.49451062835786,0.34799999999813735,67.34328358208955,63.98024203507039,0.35000000000582077,71.27562189054727,66.81055828077552
0.3979999999937718,826.1094527363184,816.7587012380285,0.4000000000014552,62.885572139303484,69.31090866619948,0.39800000000104774,69.46069651741294,67.8495678579771,0.4000000000014552,68.12338308457711,64.1906096706377,0.3989999999976135,73.09054726368159,63.12543798177996,0.4000000000014552,70.10133333333333,65.68932492408315,0.4000000000014552,71.22786069651741,66.36953982714319,0.4000000000014552,67.8968888888889,67.11329128708246,0.4000000000014552,66.27661691542289,70.15658187206718,0.4000000000014552,64.30248756218906,72.31020004939491,0.4000000000014552,76.6089552238806,69.35836008891084,0.4000000000014552,64.7641791044776,64.11064460360583,0.3989999999976135,65.48059701492538,64.04346752284515,0.3489999999947031,67.12039800995025,68.35070387750062,0.40099999999802094,69.9542288557214,65.65195047886007,0.3989999999976135,63.92039800995025,62.96468263768832,0.4000000000014552,60.6726368159204,63.40200887643074
0.44799999999668216,847.8567164179104,830.4975473020322,0.4499999999970896,64.84378109452736,65.00537257650082,0.44900000000052387,68.95124378109453,71.12730670404112,0.4510000000009313,65.78308457711442,65.19598224713852,0.44900000000052387,62.71044776119403,62.05652884839991,0.4500000000043656,72.10666666666667,63.136650315346884,0.4530000000013388,70.6547263681592,66.08175659892548,0.44799999999668216,68.08177777777777,67.20298995561785,0.4510000000009313,68.01194029850747,70.78883674981476,0.4510000000009313,68.98308457711443,70.92319091133614,0.45199999999749707,73.23383084577114,68.05433440355644,0.4510000000009313,66.8497512437811,63.98419362805631,0.44900000000052387,64.14328358208955,64.56507779698691,0.3989999999976135,61.42089552238806,65.43837984687578,0.44900000000052387,59.494527363184076,66.00700770847932,0.44799999999668216,443.8129353233831,451.5208693504569,0.4500000000043656,67.98009950248756,66.22377949077318
0.4989999999961583,854.6865671641791,822.9740714786265,0.5,63.58606965174129,67.38612473721093,0.4980000000068685,68.40995024875622,68.42887175893483,0.5,63.6497512437811,60.296192478392896,0.4989999999961583,63.8726368159204,66.93015650548938,0.5,66.83022222222222,67.69259518804017,0.5,62.646766169154226,63.83555244101846,0.49799999999959255,62.90488888888889,63.45433309974305,0.5,69.31741293532339,69.4927142504322,0.5010000000038417,66.30845771144278,68.70239565324772,0.5009999999965657,65.83084577114428,68.69844406026179,0.5,54.208955223880594,64.88515682884663,0.5010000000038417,74.61890547263681,66.88071128673747,0.45099999999365536,65.78308457711442,64.46628797233885,0.5020000000004075,71.80099502487562,66.02195748656855,0.5009999999965657,926.7741293532338,912.5729809829587,0.5020000000004075,66.10149253731343,61.02499416024293
0.5489999999990687,860.5293532338309,826.6143424433543,0.5499999999956344,70.4,70.55921513665031,0.5500000000029104,69.14228855721393,71.47115160009344,0.5500000000029104,67.99601990049752,67.10581639803785,0.5489999999990687,65.65572139303482,69.29969633263256,0.5520000000033178,68.096,63.89535155337538,0.5520000000033178,64.2865671641791,68.66059331931791,0.5500000000029104,67.68355555555556,68.20088764307405,0.5500000000029104,67.6139303482587,66.44208446530007,0.5510000000067521,65.14626865671642,68.9118300815016,0.5499999999956344,65.81492537313433,70.45690293899729,0.5509999999994761,64.46169154228856,64.3516917757471,0.5489999999990687,68.21890547263682,64.50185230921215,0.49799999999959255,69.57213930348259,63.75500123487281,0.5499999999956344,72.00796019900497,65.67811259051624,0.5489999999990687,915.4865671641791,901.6823907137565,0.5500000000029104,65.91044776119404,66.25367904695165
0.5989999999947031,813.1980099502488,839.3851903760803,0.5999999999985448,74.52338308457712,68.9371642139687,0.5980000000054133,75.25572139303483,66.86288250408784,0.6000000000058208,67.64577114427861,65.7565989254847,0.5989999999947031,64.78009950248756,66.07054426535856,0.6000000000058208,67.42755555555556,64.6652651249708,0.6010000000023865,63.42686567164179,65.92478392898856,0.5979999999981374,64.64,64.4783928988554,0.6000000000058208,74.18905472636816,68.1017535193875,0.6010000000023865,68.95124378109453,68.382316621388,0.5999999999985448,72.9950248756219,68.23610768090887,0.5999999999985448,62.997014925373136,63.71548530501359,0.6019999999989523,69.36517412935324,64.5295134601136,0.5489999999990687,70.3044776119403,67.25216102741418,0.5990000000019791,67.82089552238806,60.39710348049521,0.5999999999985448,931.4228855721393,912.2805631020005,0.6010000000023865,64.98706467661691,65.3305302499416
0.6489999999976135,861.5323383084577,867.1581406213502,0.6509999999980209,71.11641791044777,70.46951646811493,0.6480000000010477,66.57910447761193,70.01354823639336,0.6500000000014552,69.63582089552239,64.24293389395001,0.6500000000014552,65.99004975124379,64.8110254613408,0.6500000000014552,71.63733333333333,63.286148096239195,0.6510000000052969,75.22388059701493,65.79397337070777,0.6500000000014552,66.41777777777777,63.85050221910768,0.6500000000014552,73.918407960199,68.12941467028897,0.6500000000014552,65.19402985074628,69.45714991355891,0.6500000000014552,64.87562189054727,74.13188441590516,0.6509999999980209,68.74427860696517,65.38305754507286,0.6489999999976135,66.18109452736319,63.865645838478635,0.5979999999981374,62.42388059701493,68.47320326006421,0.6500000000014552,67.27960199004976,63.70474188273768,0.6480000000010477,898.2288557213931,907.9180044455421,0.6520000000018626,65.48059701492538,66.78813361364168
0.6979999999966822,866.5154228855721,894.9647278673207,0.6990000000005239,76.87960199004975,69.24737210932025,0.6980000000039581,68.72835820895523,69.56879233823872,0.7000000000043656,72.58109452736318,64.7138519037608,0.6990000000005239,63.82487562189055,61.69399672973604,0.7010000000009313,65.35111111111111,63.502919878533056,0.7010000000009313,59.92437810945274,65.49124036440084,0.6979999999966822,65.96266666666666,64.03737444522308,0.702000000004773,69.87462686567164,68.95924919733268,0.7010000000009313,68.28258706467662,73.30600148184737,0.7010000000009313,77.13432835820896,65.58854038034083,0.6999999999970896,66.8497512437811,64.57693257594468,0.7010000000009313,66.7542288557214,63.62459866633737,0.6489999999976135,64.3502487562189,65.5845887873549,0.6990000000005239,73.6318407960199,61.49591217005373,0.6979999999966822,912.318407960199,927.9209681402815,0.7000000000043656,65.81492537313433,65.32679280541929
0.7489999999961583,962.0378109452736,946.8965195047886,0.75,70.03383084577115,69.86778790002336,0.7480000000068685,61.277611940298506,69.47909366970335,0.75,65.86268656716418,63.29736042980612,0.7489999999961583,69.30149253731344,64.5680915673908,0.75,69.19111111111111,63.973837888343844,0.7510000000038417,71.81691542288557,64.55687923382388,0.75,63.16088888888889,65.09880868955851,0.75,69.8905472636816,69.37811805384045,0.7510000000038417,72.00796019900497,67.44183749073845,0.75,71.53034825870647,69.46900469251668,0.7520000000004075,59.92437810945274,67.6631266979501,0.7490000000034343,69.93830845771144,65.14991355890344,0.6990000000005239,68.31442786069651,63.59693751543591,0.75,59.06467661691542,66.26489138051858,0.7479999999995925,917.1900497512438,909.1350950852062,0.7520000000004075,64.2547263681592,63.68231721560383
0.797999999995227,1041.8786069651742,1030.6825508058864,0.7999999999956344,70.86169154228855,69.58374211632795,0.7980000000025029,286.93333333333334,293.0941368839056,0.8000000000029104,64.27064676616915,68.01775286148096,0.7999999999956344,61.962189054726366,66.6049988320486,0.7990000000063446,64.39822222222222,64.9978976874562,0.8000000000029104,61.45273631840796,66.17519271198319,0.7989999999990687,68.16711111111111,65.61831347815931,0.8000000000029104,70.54328358208956,68.37836502840207,0.8020000000033178,72.66069651741293,70.83625586564584,0.8009999999994761,72.72437810945273,70.44504816003952,0.7999999999956344,64.7004975124378,65.79797480859472,0.7989999999990687,63.76119402985075,63.442825388984936,0.7479999999995925,67.00895522388059,60.68066189182514,0.7989999999990687,63.26766169154229,65.46881569726699,0.7989999999990687,920.1990049751244,902.369967893307,0.8000000000029104,71.21194029850746,65.46507825274469
0.8479999999981374,1119.4268656716417,1118.2471385190377,0.8490000000019791,75.19203980099502,70.05839757066106,0.8480000000054133,787.3432835820895,812.1205325858444,0.8510000000023865,60.27462686567164,66.03316982013548,0.8489999999947031,68.63283582089552,65.00911002102312,0.8500000000058208,65.152,62.84512964260687,0.8499999999985448,67.15223880597014,64.13454800280309,0.8499999999985448,65.57866666666666,67.29642606867554,0.8500000000058208,67.75721393034826,68.27167201778217,0.8510000000023865,74.15721393034826,68.65892813040257,0.8510000000023865,71.53034825870647,69.48085947147443,0.8510000000023865,61.67562189054726,68.62336379352926,0.8490000000019791,62.98109452736318,63.130649543097064,0.7989999999990687,65.08258706467662,62.067671029883925,0.8509999999951106,66.77014925373135,64.72506423732773,0.8479999999981374,903.1164179104478,912.355643368733,0.8500000000058208,72.77213930348259,63.34968465311843
0.8989999999976135,1246.4398009950248,1226.524643774819,0.9000000000014552,77.50049751243782,70.70497547302033,0.8980000000010477,763.9084577114428,786.7432842793739,0.9000000000014552,61.40497512437811,65.52861480962392,0.8989999999976135,69.03084577114429,63.846764774585374,0.8990000000048894,70.68444444444444,63.12543798177996,0.9010000000052969,68.34626865671642,65.69679981312777,0.8980000000010477,61.99466666666667,62.21723896285914,0.9020000000018626,66.57910447761193,69.75351938750309,0.9010000000052969,74.49154228855721,67.9436897999506,0.9020000000018626,71.38706467661692,67.00716226228698,0.9000000000014552,64.84378109452736,63.33613237836503,0.8989999999976135,65.08258706467662,64.968140281551,0.9490000000005239,63.570149253731344,65.4976537416646,0.8989999999976135,62.200995024875624,65.22588180331698,0.8980000000010477,890.1731343283582,911.0002469745616,0.9020000000018626,59.637810945273635,63.83181499649615
0.9489999999932479,1382.5751243781094,1378.5078252744686,0.9490000000005239,69.87462686567164,68.26068675543097,0.9500000000043656,782.6626865671642,810.330296659659,0.9500000000043656,64.4776119402985,65.17355758000467,0.9490000000005239,71.24378109452736,64.67647745853772,0.9500000000043656,59.79022222222222,66.52277505255782,0.9500000000043656,64.68457711442787,65.39780425134315,0.9490000000005239,260.65066666666667,253.996729736043,0.9500000000043656,69.77910447761194,69.03037787107928,0.9500000000043656,68.20298507462687,67.10200049394912,0.9510000000009313,68.0915422885572,66.77796986910349,0.9519999999974971,63.88855721393035,68.1728821931341,0.9490000000005239,68.39402985074626,66.17337614225735,1.0499999999956344,62.58308457711443,63.96838725611262,0.9519999999974971,62.94925373134328,65.46507825274469,0.9479999999966822,893.5641791044776,894.577426525068,0.9500000000043656,67.7412935323383,66.79187105816398
0.9979999999995925,1568.2547263681593,1563.690726465779,0.9989999999961583,74.33233830845771,71.25064237327727,0.9980000000068685,802.2288557213931,820.5260453165148,1.0020000000004075,63.060696517412936,68.08876430740482,0.9989999999961583,67.42288557213931,66.59378649848166,1.0,64.128,66.28731604765241,1.0020000000004075,63.124378109452735,64.2354590049054,0.9979999999995925,925.0986666666666,911.4767577668769,1.0,67.91641791044776,68.84860459372685,1.0010000000038417,67.56616915422886,72.04149172635219,1.0020000000004075,69.28557213930348,73.04124475179057,1.0,63.745273631840796,63.185971844899974,1.0010000000038417,67.1681592039801,65.33563842924178,1.098999999994703,66.563184079602,66.96764633242776,1.0,64.62089552238805,65.62952581172624,0.9979999999995925,922.4756218905472,917.6231168189677,1.0010000000038417,73.80696517412936,65.67437514599392
1.047999999995227,1780.823880597015,1752.9773417425836,1.0499999999956344,72.69253731343284,67.7972436346648,1.048000000002503,828.9273631840796,836.5783695398271,1.0500000000029104,63.45870646766169,65.58841392198084,1.0489999999990687,63.36318407960199,66.25367904695165,1.0500000000029104,64.96711111111111,63.801915440317686,1.0509999999994761,70.1134328358209,65.565989254847,1.048000000002503,896.6684444444444,925.9331931791637,1.0500000000029104,72.23084577114427,71.06544825882933,1.0500000000029104,70.60696517412936,70.39762904420844,1.0509999999994761,252.9910447761194,255.1187947641393,1.0519999999960419,66.7542288557214,65.1262040009879,1.0489999999990687,63.42686567164179,66.83724376389232,1.1979999999966822,63.23582089552239,67.28772536428748,1.0489999999990687,71.35522388059701,62.54987152534454,1.047999999995227,905.9820895522388,920.5828599654236,1.0500000000029104,64.04776119402985,68.70918009810792
1.0979999999981374,2024.4855721393035,1988.735342209764,1.0999999999985448,71.10049751243781,68.49240831581406,1.0980000000054133,873.1860696517413,876.3036673674375,1.1020000000062282,61.94626865671642,61.600560616678344,1.098999999994703,61.73930348258706,61.836019621583745,1.1000000000058208,65.18044444444445,64.6166783461808,1.0999999999985448,69.87462686567164,65.19598224713852,1.099000000001979,921.9555555555555,930.6423732772716,1.1000000000058208,68.83980099502487,70.26327488268709,1.1010000000023865,68.93532338308458,65.95999012101754,1.1010000000023865,804.3303482587065,811.4398616942455,1.0999999999985448,64.38208955223881,64.09088663867621,1.1010000000023865,68.95124378109453,63.65225981723882,1.297999999995227,70.7820895522388,65.70313657693258,1.099000000001979,59.00099502487562,63.20018687222611,1.0979999999981374,935.6417910447761,910.8263768831811,1.103000000002794,64.92338308457711,67.19177762205092
1.1479999999937718,2327.5144278606967,2272.9044615743983,1.1500000000014552,74.41194029850746,68.06633964027097,1.1480000000010477,964.1233830845771,947.8047185237094,1.1500000000014552,61.89850746268657,63.170287316047656,1.1489999999976135,66.30845771144278,68.78766643307638,1.1520000000018626,73.51466666666667,65.420228918477,1.1500000000014552,62.63084577114428,63.211399205793036,1.1480000000010477,906.8231111111111,922.3601962158374,1.1500000000014552,72.02388059701492,69.95900222277105,1.151000000005297,73.99800995024876,67.90022227710546,1.150999999998021,799.2039800995025,811.7362311681896,1.1500000000014552,62.79004975124378,64.18572487033836,1.1489999999976135,66.46766169154229,65.79402321560879,1.3979999999937718,64.11144278606965,65.36725117312916,1.1489999999976135,69.39701492537313,67.43844896052325,1.1480000000010477,915.8049751243781,905.6142257347493,1.1500000000014552,69.07860696517413,65.20345713618313
1.1979999999966822,2679.7691542288558,2621.013781826676,1.1999999999970896,67.15223880597014,69.82293856575566,1.1980000000039581,1049.64776119403,1043.0759168418595,1.202000000004773,67.00895522388059,61.99299229152067,1.1990000000005239,64.73233830845771,62.897453865919175,1.1990000000005239,61.61066666666667,66.94884372810091,1.2000000000043656,63.41094527363184,65.27073113758468,1.1999999999970896,914.6026666666667,936.1139920579304,1.2000000000043656,79.25174129353233,65.94418374907384,1.2010000000009313,72.48557213930349,66.98345270437144,1.2010000000009313,803.0407960199005,812.1195356878242,1.1999999999970896,65.86268656716418,65.11434922203013,1.1999999999970896,67.31144278606965,61.53420597678439,1.4499999999970896,73.29751243781095,64.4386268214374,1.1999999999970896,62.32835820895522,63.03947675776688,1.1979999999966822,901.094527363184,913.3870091380588,1.2010000000009313,62.997014925373136,64.8969866853539
1.2479999999995925,3033.9980099502486,2961.8163980378417,1.2489999999961583,69.23781094527364,66.72085961224013,1.2490000000034343,1171.4865671641792,1130.8610137818266,1.2510000000038417,68.93532338308458,64.10464844662462,1.2489999999961583,66.89751243781095,63.59261854706844,1.2520000000004075,68.49422222222222,61.55197383788834,1.2520000000004075,66.03781094527363,63.57766876897921,1.2479999999995925,945.4364444444444,951.0712450362065,1.25,71.64179104477611,71.82810570511238,1.25,71.65771144278607,68.19659175104964,1.25,818.5950248756219,795.060508767597,1.25,65.16218905472637,65.97974808594715,1.2490000000034343,70.89353233830846,68.92763645344529,1.4989999999961583,71.29154228855721,63.88935539639417,1.2489999999961583,67.58208955223881,64.79607568325157,1.2479999999995925,922.8736318407961,911.6522598172388,1.25,65.99004975124379,64.1906096706377
1.2989999999990687,3523.852736318408,3400.4316748423266,1.2989999999990687,69.17412935323384,69.05302499416024,1.298000000002503,1278.057711442786,1281.5024526979678,1.3000000000029104,194.41990049751243,202.85353889278207,1.2999999999956344,62.79004975124378,64.9493109086662,1.2990000000063446,62.39288888888889,64.40738145293156,1.3009999999994761,64.55721393034825,64.26162111656156,1.298000000002503,1009.8204444444444,998.9366970334034,1.3029999999998836,81.75124378109453,69.91158310693999,1.301000000006752,70.51144278606965,72.21536181773277,1.3009999999994761,794.6666666666666,802.1970857001729,1.2999999999956344,68.96716417910447,62.474685107433935,1.3000000000029104,62.93333333333333,64.93652753766362,1.5489999999990687,68.37810945273633,65.34749320819955,1.2989999999990687,66.35621890547263,65.35669236159775,1.297999999995227,921.6318407960199,902.6307730303779,1.3000000000029104,59.62189054726368,67.77855641205326
1.3479999999981374,4057.233830845771,3907.311375846765,1.349000000001979,69.11044776119402,69.25858444288717,1.3500000000058208,1453.9621890547264,1462.1817332398973,1.3510000000023865,675.8049751243781,683.3879934594721,1.348999999994703,67.3910447761194,66.09670637701471,1.3520000000062282,71.99288888888888,61.798645176360665,1.3510000000023865,66.14925373134328,60.52791403877599,1.3479999999981374,1120.8106666666667,1075.7972436346647,1.5500000000029104,78.05771144278607,70.53198320572982,1.3500000000058208,73.6318407960199,68.69449246727586,1.3510000000023865,807.8646766169154,815.0950852062238,1.3519999999989523,69.58805970149254,65.0392689552976,1.349000000001979,113.52835820895523,115.48925660656953,1.6489999999976135,62.04179104477612,65.69523339096074,1.349000000001979,70.5592039800995,63.712216771782295,1.349000000001979,920.8995024875622,896.6006421338602,1.3520000000062282,58.539303482587066,66.9936930623686
1.3979999999937718,4553.249751243781,4407.856108385891,1.3989999999976135,66.13333333333334,70.73487502919879,1.3980000000010477,1677.7074626865672,1641.4519971969166,1.4000000000014552,685.3094527363185,677.4080822237795,1.3989999999976135,66.83383084577115,61.88086895585143,1.3990000000048894,63.82933333333333,65.68932492408315,1.4000000000014552,74.61890547263681,65.71548703573932,1.3980000000010477,1223.5946666666666,1202.171455267461,1.6000000000058208,290.45174129353234,292.635218572487,1.401000000005297,71.99203980099503,68.61546060755742,1.4000000000014552,797.7074626865672,794.653494690047,1.4000000000014552,68.36218905472637,64.31217584588788,1.400999999998021,622.0577114427861,634.7878488515682,1.6979999999966822,64.78009950248756,66.1101506544826,1.4000000000014552,69.52437810945274,65.711749591217,1.3980000000010477,905.7432835820896,903.847863670042,1.4000000000014552,69.87462686567164,65.2296192478393
1.4479999999966822,5099.000995024876,4979.722494744218,1.4490000000005239,70.60696517412936,70.72366269563186,1.4480000000039581,1879.705472636816,1895.8635832749358,1.4500000000043656,701.8348258706468,677.0268628825041,1.4490000000005239,63.72935323383084,65.12123335669236,1.4500000000043656,69.60355555555556,63.53281943471151,1.452000000004773,66.73830845771144,64.4746554543331,1.4479999999966822,1385.984,1344.4634431207662,1.6500000000014552,805.4129353233831,813.9728327982218,1.4500000000043656,70.67064676616916,71.53963941714004,1.4499999999970896,838.8776119402985,823.7490738453939,1.451999999997497,62.04179104477612,62.79081254630773,1.4490000000005239,666.8736318407961,662.2000493949123,1.75,70.09751243781095,66.51321313904668,1.4490000000005239,71.29154228855721,63.136650315346884,1.4490000000005239,908.2746268656716,901.4136823907138,1.4500000000043656,68.96716417910447,69.0829245503387
1.4979999999995925,5685.906467661692,5571.386124737211,1.5,71.25970149253732,72.32702639570194,1.5,2191.2039800995026,2172.976407381453,1.5010000000038417,685.420895522388,677.0193879934594,1.4989999999961583,462.8537313432836,457.7248306470451,1.5,61.62488888888889,60.04952113992058,1.5,65.32139303482587,66.28357860313011,1.4979999999995925,1642.112,1577.153001635132,1.7000000000043656,801.3850746268656,828.8150160533465,1.5010000000038417,75.89253731343284,71.81229933316868,1.5009999999965657,810.905472636816,819.821190417387,1.5,64.0955223880597,67.20079031859719,1.5010000000038417,652.8,658.9360335885403,1.7989999999990687,72.13532338308458,65.70313657693258,1.5009999999965657,61.11840796019901,66.20882971268395,1.4979999999995925,908.0039800995025,901.559891331193,1.5010000000038417,69.36517412935324,62.51623452464378
1.547999999995227,6453.779104477612,6267.339406680682,1.5499999999956344,68.58507462686568,68.47745853772483,1.548000000002503,2502.2248756218905,2488.925017519271,1.5500000000029104,689.4965174129353,666.027563653352,1.5489999999990687,688.3980099502487,666.8460640037374,1.5500000000029104,70.64177777777778,61.77248306470451,1.5509999999994761,58.571144278606965,67.34127540294324,1.548000000002503,1925.4186666666667,1824.4634431207662,1.8000000000029104,842.2208955223881,823.3776241047173,1.551000000006752,68.68059701492537,69.01457149913558,1.5499999999956344,823.1164179104478,808.3694739441837,1.5519999999960419,66.64278606965173,65.35934798715732,1.5489999999990687,648.8039800995025,661.9945665596443,1.8499999999985448,296.77213930348256,285.56186712768584,1.5489999999990687,229.81094527363183,240.81850035038542,1.547999999995227,884.5850746268657,901.1923931835021,1.5500000000029104,121.02686567164179,132.746554543331
1.5979999999981374,7142.049751243781,6950.577902359262,1.599000000001979,74.55522388059701,68.16351319785097,1.6000000000058208,2882.276616915423,2855.112356925952,1.6000000000058208,674.849751243781,679.2207428170988,1.598999999994703,668.2587064676617,666.6442419995328,1.6000000000058208,71.05422222222222,65.63700070077084,1.6010000000023865,70.7820895522388,68.67928054192946,1.5999999999985448,2221.312,2157.4361130576967,1.8500000000058208,809.6796019900497,813.9925907631514,1.6010000000023865,69.26965174129353,67.923931835021,1.6010000000023865,802.7383084577115,808.1916522598173,1.5999999999985448,71.49850746268656,65.18547789577673,1.5999999999985448,658.9452736318408,658.904420844653,1.8989999999976135,660.3303482587065,664.2311681896765,1.5999999999985448,925.7233830845771,907.0254613408082,1.599000000001979,886.6388059701493,902.3304519634478,1.6000000000058208,907.0328358208956,869.0791871058163
1.6499999999941792,7895.753233830846,7660.527914038776,1.6500000000014552,359.7213930348259,358.14435879467413,1.6480000000010477,3293.436815920398,3261.3090399439384,1.6500000000014552,716.5930348258706,723.969166082691,1.650999999998021,649.4407960199005,659.7673440784863,1.651000000005297,67.0008888888889,65.41275402943238,1.6500000000014552,70.47960199004976,65.11002102312544,1.6480000000010477,2640.512,2559.357159542163,1.9500000000043656,814.4716417910448,834.4025685354409,1.6500000000014552,69.49253731343283,70.58730550753272,1.6500000000014552,817.5761194029851,811.210669301062,1.6520000000018626,68.40995024875622,65.88490985428501,1.6489999999976135,638.392039800995,657.5134601136083,1.9490000000005239,648.7721393034826,650.8352679673993,1.6990000000005239,916.9671641791044,897.0838589114693,1.6480000000010477,898.5472636815921,901.966905408743,1.6500000000014552,939.494527363184,911.5365568792338
1.6979999999966822,8730.09353233831,8444.083158140622,1.6990000000005239,854.4955223880597,840.375613174492,1.7000000000043656,3718.4477611940297,3765.2511095538425,1.7000000000043656,796.78407960199,751.1927119831815,1.6990000000005239,675.5661691542289,668.5989254846999,1.7000000000043656,59.733333333333334,66.80682083625321,1.7000000000043656,566.718407960199,572.0607334734875,1.6979999999966822,3183.630222222222,3042.4928754963794,2.0500000000029104,829.1343283582089,802.3077303037787,1.7010000000009313,228.69651741293532,210.2879723388491,1.7010000000009313,826.6507462686567,814.6446036058286,1.6999999999970896,70.63880597014925,65.1617683378612,1.6990000000005239,642.1651741293532,636.7517905655717,2.0489999999990687,653.150248756219,660.536428747839,1.7489999999961583,918.1134328358208,898.8853071712217,1.7010000000009313,893.9940298507463,912.8219313410718,1.7000000000043656,936.310447761194,931.023592618547
1.7489999999961583,9465.48855721393,9233.78276103714,1.75,824.628855721393,835.0759168418593,1.7490000000034343,4342.35223880597,4294.222845129642,1.7510000000038417,848.7164179104477,820.6904928754964,1.7509999999965657,701.2298507462687,713.978976874562,1.75,63.104,64.5680915673908,1.75,908.7681592039801,918.0471852370941,1.7479999999995925,3820.657777777778,3679.633730436814,2.150000000001455,817.8945273631841,827.2817979748086,1.7510000000038417,807.9761194029851,800.2963694739442,1.7509999999965657,798.3283582089553,802.9202272165967,1.7529999999969732,70.4636815920398,69.31094097307977,1.7490000000034343,672.6049751243781,658.0232156087923,2.098999999994703,646.7980099502488,650.2109162756236,1.7999999999956344,917.7313432835821,897.6183134781593,1.7479999999995925,899.8845771144279,910.2257347493208,1.75,909.8348258706468,928.9717355758
1.797999999995227,10337.607960199004,10021.826676010278,1.7999999999956344,835.534328358209,836.5970567624387,1.798000000002503,4886.33631840796,4872.715720626022,1.8020000000033178,934.8935323383084,907.3655687923382,1.7989999999990687,743.371144278607,737.5996262555477,1.8000000000029104,67.11466666666666,64.32515767344078,1.8029999999998836,909.4527363184079,906.4573697734174,1.798000000002503,4460.017777777778,4336.568091567391,2.25,825.2656716417911,832.9641886885651,1.801000000006752,834.2288557213931,802.3037787107928,1.8009999999994761,797.3412935323383,816.2331439861695,1.7999999999956344,64.0636815920398,67.35885403803408,1.7989999999990687,658.2288557213931,669.3445295134601,2.147999999993772,637.8985074626866,651.4754260311188,1.8989999999976135,912.3024875621891,909.9929922915206,1.7999999999956344,903.7850746268657,900.0029636947395,1.8009999999994761,936.326368159204,909.8434945106284
1.848999999994703,11080.405970149253,10853.251109553843,1.8499999999985448,808.7084577114427,831.0955384256015,1.849000000001979,5523.900497512438,5562.195748656856,1.8500000000058208,1104.8756218905473,1037.3015650548937,1.848999999994703,811.3194029850746,791.7140854940435,1.8500000000058208,66.13333333333334,60.61761270731137,1.8499999999985448,935.8169154228856,904.6895585143658,1.8479999999981374,5219.712,5135.114225648213,2.3000000000029104,830.2169154228856,827.1751049641887,1.8510000000023865,816.2388059701492,819.568288466288,1.8510000000023865,799.363184079602,809.4166460854532,1.8519999999989523,65.95820895522388,64.9325759446777,1.849000000001979,643.5661691542289,658.8451469498642,2.199000000000524,645.7950248756218,660.1491726352185,1.9490000000005239,919.8965174129353,916.697967764541,1.8479999999981374,904.6925373134328,925.4867868609533,1.8500000000058208,910.9333333333333,913.7192244802616
1.8989999999976135,11911.004975124379,11688.637234291053,1.9000000000014552,837.9701492537314,829.7724830647045,1.8980000000010477,6147.693532338309,6176.526979677646,1.9000000000014552,1210.523383084577,1138.4143891614108,1.8989999999976135,863.9681592039801,872.8652184069143,1.901000000005297,65.4648888888889,63.820602662929225,1.9020000000018626,922.6985074626866,915.229152067274,1.8989999999976135,6144.241777777778,6040.992291520673,2.3500000000058208,848.652736318408,837.5243269943196,1.901000000005297,804.7283582089552,808.2983452704372,1.900999999998021,794.7621890547264,810.4717214126945,1.9000000000014552,61.97810945273632,64.28451469498641,1.8989999999976135,667.7492537313433,653.1509014571499,2.2479999999995925,650.8258706467661,663.6265744628304,2.150000000001455,906.0457711442787,913.7416491473955,1.8980000000010477,911.1721393034826,904.254877747592,1.9000000000014552,924.0835820895522,920.0168185003504
1.9479999999966822,12783.538308457712,12590.071478626489,1.9490000000005239,858.6666666666666,846.5648213034337,1.9500000000043656,6781.564179104477,6841.82947909367,1.9500000000043656,1403.9721393034827,1330.3471151600093,1.9490000000005239,1011.9004975124378,998.3088063536557,1.9490000000005239,57.6,66.93015650548938,1.9510000000009313,987.844776119403,977.674375145994,1.9479999999966822,6990.449777777778,7022.426535856109,2.400000000001455,820.6328358208955,818.4895035811311,1.9510000000009313,845.8348258706468,821.0896517658681,1.9510000000009313,801.8626865671641,818.8332921709064,1.9499999999970896,62.00995024875622,65.81773277352433,1.9490000000005239,677.3810945273632,656.5255618671276,2.2999999999956344,663.3870646766169,649.5193875030872,2.199000000000524,921.7910447761194,905.0446157439851,1.9479999999966822,938.6825870646766,901.8285996542356,1.9500000000043656,916.139303482587,912.982947909367
1.9989999999961583,13511.753233830847,13357.720158841392,2.0,848.9393034825871,827.3356692361598,1.9980000000068685,7573.237810945274,7700.858677879,2.0,1607.689552238806,1520.19434711516,1.9989999999961583,1111.4189054726369,1109.292221443588,2.0,66.67377777777777,65.77528614809624,2.0020000000004075,1063.2597014925373,1042.8853071712217,2.0,8050.247111111111,8168.08035505723,2.4500000000043656,829.3094527363185,825.7406767102989,2.0,797.6597014925374,813.5776734996296,2.0009999999965657,819.5661691542289,817.6399110891579,2.0,70.62288557213931,65.34749320819955,1.9990000000034343,661.5562189054726,662.0182761175599,2.3479999999981374,668.9910447761195,659.2758705853297,2.25,886.2885572139304,913.7491240364401,1.9979999999995925,907.494527363184,902.4055322301803,2.0020000000004075,929.1303482587065,906.6741415557112
2.047999999995227,14389.683582089552,14107.238495678579,2.0489999999990687,864.7641791044776,871.7888343844896,2.0500000000029104,8328.007960199006,8472.37187572997,2.0500000000029104,1897.4248756218906,1792.863349684653,2.0489999999990687,1304.1830845771144,1293.2305536089698,2.0500000000029104,61.71022222222222,66.25367904695165,2.0500000000029104,1258.3164179104479,1197.3165148329829,2.048000000002503,9203.825777777778,9343.27119831815,2.5,806.702487562189,819.3193381081749,2.051000000006752,809.2338308457712,822.8441590516177,2.050999999999476,803.8368159203981,817.9639417140035,2.0499999999956344,66.29253731343283,59.056557174611015,2.0489999999990687,670.6467661691543,656.3477401827612,2.397999999993772,651.4467661691542,653.0600148184737,2.349000000001979,916.9671641791044,897.7042747021724,2.0489999999990687,889.918407960199,903.2551247221536,2.0500000000029104,926.5512437810945,907.8701238028498
2.098999999994703,15237.715422885572,14931.565522074281,2.099999999998545,888.5492537313432,929.674375145994,2.0980000000054133,9185.082587064677,9293.40621350152,2.1000000000058208,2188.4656716417912,2088.8689558514366,2.098999999994703,1526.7820895522389,1458.451763606634,2.1000000000058208,69.51822222222222,62.467647745853775,2.1019999999989523,1395.9960199004975,1324.3260920345713,2.099000000001979,10182.300444444445,10611.602896519506,2.5500000000029104,828.6885572139304,832.9207211657199,2.1010000000023865,807.5144278606965,820.9276364534453,2.1010000000023865,820.6328358208955,809.4522104223265,2.099999999998545,65.22587064676617,59.85082736478143,2.099999999998545,655.5223880597015,662.678192146209,2.449000000000524,650.7940298507463,665.3336626327489,2.3989999999976135,903.7691542288558,905.1941135248774,2.0979999999981374,929.2417910447762,900.1610274141764,2.102000000006228,928.9233830845772,918.2676944639103
2.147999999993772,15847.689552238806,15590.417192244802,2.1489999999976135,994.849751243781,984.2784396169119,2.1480000000010477,9933.962189054726,10130.369539827143,2.1520000000018626,2582.2567164179104,2410.173323989722,2.1489999999976135,1793.0029850746268,1732.5484699836486,2.1490000000048894,61.19822222222222,63.77201588413922,2.151000000005297,1624.597014925373,1534.6021957486569,2.1480000000010477,11329.052444444444,11930.83485167017,2.6000000000058208,833.8467661691542,830.0874289948135,2.151000000005297,813.3253731343284,800.5137070881699,2.150000000001455,816.6049751243781,801.2842677204249,2.150999999998021,70.2407960199005,64.82193134107187,2.1489999999976135,660.3303482587065,647.9901210175352,2.4979999999995925,663.2597014925373,649.0372931588047,2.4989999999961583,882.9611940298507,906.8797010044382,2.150000000001455,925.3094527363185,910.7117806865892,2.150000000001455,930.3243781094527,919.5421630460173
2.197999999996682,16723.72537313433,16507.88507358094,2.1999999999970896,1082.1572139303482,1084.479327259986,2.199000000000524,10852.839800995025,11043.520672740015,2.2000000000043656,3007.8726368159205,2841.6725064237326,2.199000000000524,2055.291542288557,2035.9131044148564,2.199000000000524,65.10933333333334,64.9007241298762,2.202000000004773,1901.0706467661691,1753.4706844195282,2.199000000000524,12628.48,13312.11212333567,2.650000000001455,827.7810945273632,810.7127685848358,2.2010000000009313,800.0318407960199,816.252901951099,2.1999999999970896,820.2189054726368,818.1299086194122,2.1999999999970896,62.98109452736318,66.65151889355397,2.2010000000009313,659.0567164179105,658.2919239318351,2.547999999995227,654.6308457711443,666.5705112373425,2.5489999999990687,921.1064676616916,921.7472553141789,2.197999999996682,919.0049751243781,913.8098295875525,2.2010000000009313,916.9353233830846,910.6171455267461
2.2489999999961583,17731.47064676617,17384.962391964495,2.2489999999961583,1220.6009950248756,1182.2321887409485,2.2480000000068685,11689.61592039801,11859.44966129409,2.2520000000004075,3495.1164179104476,3345.6071011445924,2.2489999999961583,2440.0557213930347,2394.0948376547535,2.25,67.0008888888889,64.19808455968231,2.25,2253.2298507462688,2103.8635832749355,2.2479999999995925,13842.730666666666,14729.657556645643,2.7010000000009313,815.7293532338308,812.2696962212892,2.2510000000038417,806.7343283582089,819.260064213386,2.2509999999965657,797.755223880597,813.0560632254877,2.252999999996973,62.02587064676617,65.18152630279081,2.2490000000034343,650.5233830845771,660.0306248456409,2.5979999999981374,651.7014925373135,659.3746604099778,2.599000000001979,889.8706467661691,911.7383788834385,2.2489999999961583,893.0865671641791,895.2729068905903,2.25,920.0716417910447,912.5718290119131
2.2989999999990687,18180.282587064678,18005.849100677413,2.2999999999956344,1325.0706467661691,1318.8993225881804,2.298000000002503,12379.048756218905,12696.64844662462,2.3000000000029104,3963.9721393034824,3832.883905629526,2.2989999999990687,2853.0149253731342,2779.57860313011,2.2990000000063446,294.79822222222225,298.5059565522074,2.3000000000029104,2761.4726368159204,2478.022891847699,2.298000000002503,14779.306666666667,15546.767577668768,2.8000000000029104,829.0865671641791,822.7335144480119,2.301000000006752,796.0039800995025,804.888120523586,2.300999999999476,786.1174129353234,813.9175104964189,2.2999999999956344,78.21691542288558,73.55495183996048,2.300999999999476,644.4417910447761,659.9594961718943,2.697999999996682,664.644776119403,630.0815016053347,2.6489999999976135,906.6825870646766,907.1786965662228,2.297999999995227,943.8407960199005,920.9503581131144,2.302000000003318,908.5293532338309,914.6311609437047
2.348999999994703,18876.51343283582,18690.941368839056,2.349000000001979,1484.3701492537314,1485.1034804952114,2.3480000000054133,13281.257711442786,13484.554076150433,2.352000000006228,4593.321393034826,4435.10955384256,2.348999999994703,3304.5333333333333,3253.172623218874,2.349000000001979,654.7484444444444,676.0028030833918,2.3519999999989523,3148.258706467662,2964.881102546134,2.3479999999981374,16157.496888888889,17486.422798411586,2.8500000000058208,814.6945273631841,805.4927142504322,2.3500000000058208,832.3820895522388,823.8557668560138,2.3510000000023865,836.3781094527363,816.5018523092122,2.3519999999989523,419.91641791044776,420.19659175104965,2.349000000001979,641.7034825870646,659.5959496171894,2.7989999999990687,646.4318407960199,651.3608298345271,2.699000000000524,936.4218905472637,912.2952581172623,2.349000000001979,924.6885572139304,908.6925166707829,2.3500000000058208,903.3074626865672,924.4942770380752
2.397999999993772,19604.585074626866,19373.716421396868,2.3989999999976135,1765.8268656716418,1689.5865451997197,2.400000000001455,14060.65671641791,14365.970567624387,2.401000000005297,5193.759203980099,5088.381219341275,2.3989999999976135,3833.4089552238806,3818.038775986919,2.3990000000048894,667.8044444444445,674.3209530483532,2.401000000005297,3851.144278606965,3518.729268862415,2.3989999999976135,17246.862222222222,18813.170754496612,2.900000000001455,825.297512437811,807.745122252408,2.401000000005297,832.5731343283583,830.2771054581378,2.400999999998021,828.9751243781094,818.5724870338355,2.400000000001455,648.4855721393035,649.5035811311435,2.400000000001455,655.5064676616915,659.4339343047666,2.897999999993772,658.1810945273631,660.943442825389,2.7489999999961583,888.7562189054727,909.3763139453399,2.3980000000010477,904.6925373134328,907.107927883428,2.400000000001455,899.7890547263681,915.3599626255548
2.447999999996682,20262.52736318408,20045.869656622286,2.4499999999970896,1980.5134328358208,1933.3127773884607,2.448000000003958,14865.130348258706,15129.485634197617,2.4510000000009313,5826.005970149254,5707.309507124503,2.4499999999970896,4351.172139303482,4401.584676477459,2.4510000000009313,676.7644444444444,666.4199953281943,2.452000000004773,4574.344278606965,4176.740014015417,2.447999999996682,18384.967111111113,20067.038542396636,2.9500000000043656,801.8786069651742,818.1457149913559,2.4510000000009313,823.6258706467662,810.3887379599901,2.4510000000009313,806.6865671641791,810.8194615954557,2.4510000000009313,666.0139303482587,644.1017535193876,2.449000000000524,658.9293532338309,660.943442825389,2.949000000000524,647.5303482587065,654.4470239565325,2.7989999999990687,916.2507462686567,911.0656388694231,2.447999999996682,923.526368159204,925.7594467769819,2.4500000000043656,927.4746268656717,904.0915673907965
2.4979999999995925,20970.762189054727,20700.88670871292,2.5,2210.9293532338306,2219.5150665732303,2.4980000000068685,15581.118407960199,15940.63069376314,2.5,6547.789054726368,6430.546134080822,2.4989999999961583,5002.141293532339,5058.238729268863,2.5,660.8071111111111,675.472085961224,2.5,5337.66368159204,4913.371642139687,2.4989999999961583,19469.07022222222,21377.143658023826,3.0,827.812935323383,830.2889602370956,2.5010000000038417,821.6517412935324,817.6478142751297,2.5009999999965657,770.1174129353234,800.3872561126204,2.5,660.5213930348259,638.7750061743641,2.5,651.3194029850746,647.8320572980983,2.9989999999961583,648.6129353233831,649.6142257347493,2.849999999998545,934.1293532338309,900.0588647512263,2.4979999999995925,923.9243781094527,913.6952333909608,2.5,934.0179104477612,924.7073113758468
2.547999999995227,21505.544278606965,21348.219574865685,2.5489999999990687,2562.7701492537312,2536.4690492875498,2.548000000002503,16413.18208955224,16740.376547535623,2.550999999999476,7311.299502487562,7238.021023125438,2.550999999999476,5678.5194029850745,5775.835552441018,2.5490000000063446,672.6684444444444,681.9976640971736,2.550999999999476,6188.9114427860695,5778.747021723896,2.548000000002503,20678.542222222222,22580.61574398505,3.0500000000029104,834.2925373134328,830.423314398617,2.551000000006752,828.1154228855721,811.8389725858236,2.550999999999476,819.3432835820895,800.6915287725365,2.5499999999956344,657.6238805970149,644.5482835267967,2.5489999999990687,685.9621890547264,650.3768831810323,3.098999999994703,647.8805970149253,651.313410718696,2.9499999999970896,880.7641791044776,908.322354590049,2.547999999995227,941.6915422885572,921.0056804149173,2.550999999999476,906.1572139303482,880.0037374445224
2.5979999999981374,22063.140298507464,21955.262789067976,2.599999999998545,2957.5800995024874,2903.9644942770383,2.599000000001979,17132.44975124378,17499.90376080355,2.6000000000058208,8081.257711442786,8003.759869189442,2.598999999994703,6308.728358208955,6550.809623919645,2.6000000000058208,677.7173333333334,702.0602662929222,2.6010000000023865,7188.250746268657,6688.590516234524,2.5979999999981374,21431.665777777776,23758.561083858913,3.1000000000058208,815.5383084577114,821.2872314151642,2.6000000000058208,816.9870646766169,819.2679673993579,2.599999999998545,807.1004975124378,804.0306248456409,2.599999999998545,649.1542288557214,644.0938503334156,2.599999999998545,635.9562189054726,663.3420597678439,3.1999999999970896,673.7194029850747,653.1350950852062,3.0,912.1751243781094,902.7834618079888,2.599999999998545,929.4805970149254,917.9115831069399,2.6000000000058208,927.5383084577114,909.985517402476
2.6489999999976135,22768.541293532337,22557.53328661528,2.6489999999976135,3338.4119402985075,3353.067040411119,2.6480000000010477,17793.114427860695,18176.71758934828,2.651000000005297,8790.7184079602,8850.8815697267,2.6489999999976135,7021.022885572139,7371.047886007942,2.650000000001455,736.4977777777777,752.0336370007008,2.650000000001455,8295.259701492538,7729.517402476057,2.6480000000010477,22504.533333333333,25031.048820369073,3.150000000001455,796.4179104477612,808.3181032353667,2.651000000005297,788.9512437810945,823.6858483576192,2.650000000001455,799.7293532338308,824.3773771301557,2.6520000000018626,656.4616915422886,648.914793776241,2.6489999999976135,667.6378109452736,658.2286984440602,3.349999999998545,636.4179104477612,658.3907137564831,3.0499999999956344,923.812935323383,893.6379350619014,2.6480000000010477,915.7412935323383,938.3294640652013,2.650000000001455,908.179104477612,914.3022658257416
2.697999999996682,23189.094527363184,23244.980144825975,2.6999999999970896,3801.4567164179102,3812.925951880402,2.7000000000043656,18503.657711442786,18948.754029432377,2.7000000000043656,9637.110447761193,9744.156972669936,2.699000000000524,7857.814925373134,8274.440551273066,2.7000000000043656,792.5617777777778,819.5842092968933,2.702000000004773,9348.760199004975,8786.515300163514,2.699000000000524,23369.429333333333,25998.538659191778,3.2000000000043656,847.7930348258707,823.1207705606323,2.7000000000043656,805.5721393034826,806.3423067424055,2.7010000000009313,801.4009950248757,813.5104964188689,2.6999999999970896,668.0835820895522,652.2183255124722,2.699000000000524,652.83184079602,652.8189676463325,3.7479999999995925,650.3641791044776,637.3089651765869,3.099000000001979,906.0935323383085,908.284980144826,2.6999999999970896,932.7283582089552,957.553963941714,2.7000000000043656,919.8965174129353,927.5066573230554
2.7489999999961583,23595.892537313433,23614.87876664331,2.75,4326.845771144279,4366.475122634898,2.7480000000068685,19206.877611940297,19643.100210231256,2.75,10413.771144278608,10463.349684653118,2.7489999999961583,8501.301492537314,9084.157907031067,2.75,894.336,906.9731371174959,2.7510000000038417,10417.241791044777,9949.107217939734,2.7479999999995925,24357.603555555557,27056.418593786497,3.25,831.7611940298508,826.8076068164979,2.7510000000038417,802.1333333333333,824.05334650531,2.7509999999965657,804.2507462686567,813.862188194616,2.7509999999965657,666.3004975124378,641.422573474932,2.7490000000034343,637.6597014925374,665.5668066189182,3.848999999994703,646.1930348258707,650.4756730056804,3.199000000000524,927.2835820895523,911.3160476524176,2.7479999999995925,956.3383084577115,980.3665102494443,2.75,917.9064676616915,910.9348283111423
2.797999999995227,24277.508457711443,24195.617846297595,2.7999999999956344,4947.024875621891,4962.533987386125,2.7990000000063446,19814.00199004975,20352.829712683953,2.8510000000023865,11934.805970149253,12191.304835318851,2.7999999999956344,9414.001990049752,9891.703807521608,2.8000000000029104,1013.248,1007.5103947675776,2.802000000003318,11589.221890547264,11083.421630460172,2.8000000000029104,25185.294222222223,28177.31558047185,3.3000000000029104,814.9014925373134,826.3808347740182,2.801000000006752,804.457711442786,814.8777475919981,2.800999999999476,818.9134328358209,811.2343788589775,2.7999999999956344,657.1462686567164,635.6730056804149,2.7989999999990687,653.8825870646766,645.401827611756,4.098999999994703,675.0567164179105,657.576685601383,3.2989999999990687,898.4676616915423,915.0198551740248,2.7999999999956344,1046.5273631840796,1005.5302543837985,2.8000000000029104,916.139303482587,928.3102078953516
2.8479999999981374,24722.0855721393,24608.560616678347,2.849000000001979,5519.331343283582,5611.8775986918945,2.8480000000054133,20426.443781094527,20967.44498948844,2.9020000000018626,12743.625870646767,13100.774585377249,2.848999999994703,10219.399004975125,10936.364400840925,2.8500000000058208,1156.0817777777777,1171.7897687456202,2.849999999998545,12700.68855721393,12263.818733940669,2.8980000000010477,26702.535111111112,29758.41158607802,3.400000000001455,800.2865671641791,816.154112126451,2.8500000000058208,823.4348258706468,811.7678439120771,2.849999999998545,820.2348258706468,804.7142504322055,2.8510000000023865,694.4636815920398,663.187947641393,2.849000000001979,657.7512437810946,648.4959249197333,4.197999999996682,656.0,654.8579896270684,3.349000000001979,900.0756218905473,912.87456201822,2.8479999999981374,1049.58407960199,1068.4633242775994,2.852000000006228,918.4,920.9362298528381
2.8989999999976135,25203.59800995025,25089.364167250642,2.900999999998021,6178.3243781094525,6338.122868488671,2.8990000000048894,21048.533333333333,21557.550105115628,3.0020000000004075,14398.774129353234,14737.027797243634,2.8989999999976135,11040.652736318409,11752.880168185004,2.900000000001455,1348.864,1334.5517402476057,2.9029999999984284,13936.987064676618,13485.91076851203,2.947999999996682,27522.48888888889,30784.250408782995,3.4500000000043656,807.673631840796,825.9540627315387,2.901000000005297,810.0457711442787,817.2487033835515,2.900000000001455,812.8636815920398,805.500617436404,2.900000000001455,647.3393034825871,648.5710051864658,2.900999999998021,638.6945273631841,653.7950111138553,4.297999999995227,662.5751243781094,662.1921462089405,3.449000000000524,927.0766169154228,919.5085260453166,2.900000000001455,1121.8467661691543,1109.3662632748826,2.900000000001455,910.0258706467662,918.6788133613642
2.947999999996682,25797.65174129353,25727.132912870824,2.9499999999970896,6959.570149253731,7040.220509226816,2.948000000003958,21494.43184079602,22111.387059098342,3.102000000006228,15965.07064676617,16580.32422331231,2.949000000000524,11401.83880597015,12479.981312777389,2.949000000000524,1589.6177777777777,1572.8250408782994,2.9510000000009313,15075.693532338308,14697.302499416024,2.9979999999995925,28131.072,31543.844896052324,3.7000000000043656,815.5701492537313,834.9320819955544,2.9510000000009313,812.3860696517413,815.5100024697456,2.9510000000009313,806.0179104477612,810.9893800938503,2.9499999999970896,670.0258706467662,652.5739688812052,2.949000000000524,651.8925373134329,658.1496665843418,4.348999999994703,646.9412935323384,658.1891825142011,3.599000000001979,912.2228855721393,926.4265358561083,2.949000000000524,1198.7900497512437,1174.1802914299826,2.952000000004773,899.820895522388,905.7547302032235
2.9979999999995925,26086.62288557214,26043.944872693297,3.0009999999965657,7699.040796019901,7860.937164213969,3.0,21752.055721393033,22437.03807521607,3.2000000000043656,17110.86169154229,17920.967998131277,2.9989999999961583,12593.814925373134,13569.648213034337,2.9990000000034343,1844.1671111111111,1813.2847465545433,3.003000000004249,16148.919402985075,15827.78976874562,3.048000000002503,28599.893333333333,31497.302499416026,4.850000000005821,828.9114427860696,831.8024203507039,3.0010000000038417,822.7502487562189,822.5043220548283,3.0,829.1820895522388,816.6322548777476,3.0,651.3194029850746,626.8767596937515,3.0020000000004075,664.0716417910447,650.6653494690047,4.3989999999976135,638.9333333333333,666.3571252161028,3.75,968.8676616915423,946.3097407147862,2.9979999999995925,1293.9462686567165,1276.5542109162757,3.0,962.260696517413,921.4333099743051
3.047999999995227,26499.16815920398,26425.44078486335,3.0499999999956344,8374.95721393035,8673.790235926186,3.048000000002503,22689.416915422884,23342.000467180565,3.3500000000058208,18845.930348258706,19824.40364400841,3.1999999999970896,15300.234825870646,16748.441952814763,3.0500000000029104,2187.278222222222,2140.393366035973,3.0500000000029104,17416.851741293533,17082.778790002336,3.099000000001979,29539.52711111111,32917.97617379117,5.5,855.1004975124378,869.1054581378118,3.051000000006752,825.2019900497512,821.7811805384046,3.050999999999476,820.8079601990049,809.4996295381576,3.0499999999956344,663.5303482587065,656.9246727587058,3.0489999999990687,650.6666666666666,640.8219313410718,4.449000000000524,666.571144278607,665.2348728081008,3.8989999999976135,986.1890547263681,968.9549170754497,3.047999999995227,1449.918407960199,1401.0333415658188,3.052000000003318,922.8736318407961,907.8514365802382
3.098999999994703,26876.59303482587,26857.706143424435,3.099000000001979,9077.667661691543,9455.540294323757,3.1000000000058208,23318.79800995025,23986.115393599626,3.4510000000009313,19999.96815920398,21025.76407381453,3.2989999999990687,16646.28855721393,18382.643307638402,3.1000000000058208,2551.793777777778,2511.0469516468115,3.1010000000023865,18585.98208955224,18259.427236626958,3.197999999996682,30412.65777777778,34141.5706610605,5.80000000000291,1065.7432835820896,1063.8794764139293,3.1000000000058208,816.4457711442786,803.8962706841195,3.099999999998545,790.9731343283582,818.2326500370461,3.099999999998545,675.0089552238805,641.0748332921709,3.099000000001979,678.7980099502488,658.2603111879477,4.4979999999995925,651.6059701492537,657.7031365769326,3.9989999999961583,1066.8258706467661,1067.2384956785797,3.0979999999981374,1567.4427860696517,1547.8231662138799,3.1000000000058208,901.4766169154229,906.270497547302
3.1499999999941792,27250.83383084577,27269.8304134548,3.150000000001455,10018.149253731342,10473.608969866853,3.1480000000010477,23454.821890547264,24200.117729502454,3.5500000000029104,20828.65671641791,21972.847465545434,3.348999999994703,17312.238805970148,19296.4858677879,3.150000000001455,2955.960888888889,2939.156271899089,3.151000000005297,19730.61094527363,19340.85680915674,3.25,30849.26577777778,34722.89278206027,5.900000000001455,1233.7830845771143,1198.822425290195,3.151000000005297,833.7990049751244,825.4324524573968,3.150999999998021,810.8417910447761,828.5186465794023,3.150999999998021,669.6119402985074,635.364781427513,3.1489999999976135,671.5383084577114,673.6833786120029,4.699000000000524,687.2199004975124,693.2556186712768,4.048999999999069,1130.1731343283582,1134.5760336370006,3.150000000001455,1753.3930348258707,1723.30945912571,3.1520000000018626,918.0179104477612,909.802382620883
3.197999999996682,27805.08656716418,27634.36580238262,3.199000000000524,10984.772139303483,11447.553375379584,3.199000000000524,24157.9144278607,24677.258584442887,3.6000000000058208,21289.24975124378,22480.911936463443,3.4499999999970896,18471.434825870645,20508.412053258584,3.2000000000043656,3425.166222222222,3418.3714085494044,3.2010000000009313,20343.753233830845,20156.901658491006,3.349999999998545,31960.547555555557,35990.256482130346,6.30000000000291,2424.2467661691544,2365.000740923685,3.2010000000009313,833.6238805970149,829.9728327982218,3.1999999999970896,826.4437810945274,809.7643862682144,3.1999999999970896,649.2179104477611,638.5339590022228,3.1999999999970896,670.0895522388059,666.4914793776242,4.8989999999976135,765.2776119402985,757.0659422079526,4.199000000000524,1452.2427860696516,1408.7325391263723,3.197999999996682,1921.3213930348259,1907.880464312176,3.2000000000043656,918.6069651741293,919.8561083858912
3.25,27911.657711442786,27835.13010978743,3.2489999999961583,11716.903482587064,12203.290819901893,3.2480000000068685,24487.689552238808,25177.179163746787,3.7000000000043656,22187.956218905474,23548.520439149732,3.4989999999961583,18858.15721393035,21161.272599859847,3.25,3957.7884444444444,4015.3422097640737,3.25,21515.478606965175,21567.701004438215,3.449000000000524,32925.19822222222,36954.92828778323,6.5,3418.1572139303485,3401.977772289454,3.2510000000038417,801.8945273631841,800.2924178809583,3.2509999999965657,830.3761194029851,796.7280810076562,3.25,642.0059701492537,651.5346999259076,3.25,644.0915422885572,646.4134354161521,4.947999999996682,781.8666666666667,773.4729562855026,4.298999999999069,1757.1661691542288,1742.871291754263,3.25,2226.9771144278607,2174.6880711286735,3.2510000000038417,901.6517412935324,909.4062135015183
3.297999999995227,28408.453731343285,28433.184769913572,3.2989999999990687,12568.899502487562,13125.875262789068,3.2990000000063446,24938.36417910448,25628.25881803317,3.75,22619.749253731345,23812.48867087129,3.5499999999956344,19471.98407960199,21778.4966129409,3.3000000000029104,4504.632888888889,4592.915673907965,3.302000000003318,22356.585074626866,22430.02662929222,3.548000000002503,33853.084444444445,37984.328895117964,6.55000000000291,3706.4756218905472,3656.871326253396,3.3000000000029104,815.3313432835821,802.9676463324278,3.300999999999476,802.4199004975125,805.042232650037,3.2999999999956344,635.1124378109453,630.3027908125463,3.349000000001979,669.4845771144279,651.1988145221043,5.047999999995227,881.7990049751244,877.5183996048407,4.400000000001455,2221.5800995024874,2209.6444755898156,3.297999999995227,2559.076616915423,2443.977278340331,3.300999999999476,901.4925373134329,911.2562485400607
3.3479999999981374,28628.155223880596,28623.622518103246,3.349000000001979,13304.453731343283,14001.491240364401,3.3500000000058208,25318.28855721393,25956.81009110021,3.8000000000029104,22985.90248756219,24440.50642373277,3.6489999999976135,20579.2,22876.606400373745,3.349000000001979,5083.079111111111,5238.252744685821,3.349999999998545,23027.55024875622,23107.748656855874,3.6480000000010477,34174.09422222222,38335.20018687223,6.650000000001455,4391.0686567164175,4286.281057051124,3.3510000000023865,811.207960199005,812.7715485305014,3.3510000000023865,797.1343283582089,807.7372190664362,3.3519999999989523,651.4308457711443,638.3126697950111,3.400000000001455,638.3283582089553,656.9128179797481,5.098999999994703,967.9761194029851,934.9706100271673,4.449000000000524,2535.068656716418,2501.0642373277274,3.349999999998545,2850.3084577114428,2774.069646826377,3.3500000000058208,944.3980099502487,925.7014716187807
3.397999999993772,29259.287562189056,29361.210932025228,3.3989999999976135,14164.712437810946,14903.714085494043,3.3980000000010477,25637.190049751243,26383.532819434713,3.9020000000018626,23591.514427860697,25133.697734174257,3.699000000000524,20877.1184079602,23310.908666199484,3.400000000001455,5761.180444444444,5901.970567624387,3.4020000000018626,23961.61592039801,24126.893716421397,3.947999999996682,36430.79111111111,40480.52697967765,6.75,5043.613930348259,4935.464559150408,3.400000000001455,816.5731343283583,808.812052358607,3.400999999998021,783.1243781094528,810.2069646826377,3.400000000001455,647.8805970149253,640.458384786367,3.449000000000524,656.4616915422886,659.9357866139787,5.348999999994703,1522.0218905472636,1511.8399604840702,4.498999999996158,2900.6965174129355,2847.4244335435646,3.3980000000010477,3233.576119402985,3123.2995801432453,3.400000000001455,907.0487562189055,913.4389161410885
3.447999999996682,28938.30049751244,29036.363466479794,3.4499999999970896,14870.63880597015,15816.928754963794,3.448000000003958,25989.094527363184,26793.99018920813,4.0020000000004075,24269.32537313433,25733.09787432843,3.7489999999961583,21480.230845771144,23979.021723896287,3.4500000000043656,6542.236444444445,6671.338472319551,3.4500000000043656,24795.86069651741,24947.341275402945,4.197999999996682,37087.616,41410.30974071479,6.950000000004366,6525.850746268657,6408.436651024945,3.4510000000009313,816.0636815920398,810.7246233637935,3.4510000000009313,792.3582089552239,822.879723388491,3.451999999997497,648.0238805970149,655.3163744134354,3.5489999999990687,656.7800995024876,664.2825388984935,5.447999999996682,1905.5124378109454,1857.8770066683132,4.599000000001979,3641.233830845771,3600.34010745153,3.447999999996682,3636.0915422885573,3567.3084712274635,3.4500000000043656,921.4407960199005,923.9785096939968
3.4989999999961583,29367.594029850745,29361.431441252043,3.5,15729.623880597015,16663.88600794207,3.4980000000068685,26493.16616915423,27279.67857977108,4.050999999999476,24512.42985074627,26137.56785797711,3.848999999994703,22098.29253731343,24783.671104882036,3.5,7237.091555555556,7455.831814996496,3.5020000000004075,25191.32338308458,25397.74818967531,4.298000000002503,37269.91644444445,41589.40434477926,7.650000000001455,12396.179104477613,12344.622375895282,3.5010000000038417,776.1830845771144,815.5020992837738,3.5009999999965657,797.4049751243781,806.4885156828847,3.5,664.2626865671642,641.8691034823413,3.599000000001979,671.3313432835821,659.667078290936,5.498999999996158,2135.7532338308456,2099.8528031612746,4.6489999999976135,4101.524378109452,4046.4302733006307,3.4979999999995925,4074.3004975124377,3969.41467028896,3.5020000000004075,939.0487562189055,940.9166082690961
3.5489999999990687,29716.394029850748,29892.503620649382,3.5499999999956344,16507.048756218905,17578.195748656857,3.548000000002503,26780.73631840796,27540.76150432142,4.102000000006228,24904.167164179104,26564.298061200654,3.8989999999976135,22523.733333333334,25251.99906563887,3.5490000000063446,7993.671111111111,8289.756598925485,3.5500000000029104,26259.70945273632,26389.36323288951,4.347999999998137,37450.96533333333,41733.78556412053,7.75,13383.546268656717,13254.421338602124,3.551000000006752,816.1432835820896,810.1832551247221,3.551999999996042,801.1781094527363,807.8043961471968,3.551999999996042,641.2258706467662,637.5934798715732,3.6489999999976135,658.9771144278607,657.3356384292418,5.547999999995227,2346.4437810945274,2314.6297851321315,4.699000000000524,4545.639800995025,4520.379350619014,3.547999999995227,4520.995024875622,4405.085700172882,3.5500000000029104,952.5970149253732,924.333566923616
3.598999999994703,30218.634825870646,30240.34010745153,3.599000000001979,17243.096517412934,18426.16584910068,3.5980000000054133,27032.342288557214,27848.89138051857,4.200000000004366,25587.93233830846,27260.415790703108,3.9989999999961583,23261.198009950247,26137.38846064004,3.6000000000058208,8782.065777777778,9204.170988086895,3.650000000001455,27521.066666666666,27897.126839523477,4.398000000001048,37713.73511111111,41976.435412286846,8.0,15618.722388059701,15661.949123240307,3.6010000000023865,797.1661691542289,809.6063225487775,3.650000000001455,815.6338308457712,808.610521116325,3.599999999998545,660.6487562189054,640.1264509755496,3.6999999999970896,641.1144278606965,646.2790812546308,5.6489999999976135,2928.8278606965173,2870.6979501111387,4.849000000001979,6120.803980099502,6051.756131744919,3.599000000001979,4957.8348258706465,4860.080019757965,3.6000000000058208,921.6477611940298,926.4676477458538
3.647999999993772,30336.987064676618,30478.77038075216,3.650000000001455,18076.92736318408,19273.138051857044,3.650000000001455,27558.90945273632,28294.14062135015,4.251000000003842,25659.988059701493,27020.247605699602,4.048999999999069,23494.33631840796,26277.58747956085,3.650000000001455,9508.935111111112,10047.177762205092,3.7010000000009313,28233.47263681592,28483.434711516,4.5,37914.268444444446,42127.76080355057,8.10000000000582,16564.680597014925,16622.036058285998,3.650000000001455,786.7542288557214,805.8365028402075,3.75,808.7880597014926,806.9587552482094,3.650000000001455,650.3004975124378,642.2049888861447,3.7490000000034343,671.9681592039801,662.8836749814769,5.699000000000524,3168.286567164179,3123.264015806372,4.8989999999976135,6731.128358208955,6641.005372576501,3.650999999998021,5545.329353233831,5433.78809582613,3.650000000001455,922.7462686567164,929.2819434711516
3.698999999993248,30582.511442786068,30730.02756365335,3.6999999999970896,18659.91641791045,19986.840457836955,3.698000000003958,27688.803980099503,28476.849334267696,4.350000000005821,26188.17910447761,27992.349451062837,4.1489999999976135,24433.607960199006,27166.306937631394,3.7000000000043656,10401.009777777777,11039.301097874328,3.802000000003318,29336.342288557214,29832.028030833917,4.548000000002503,38247.38133333333,42369.315580471855,8.201000000000931,17546.475621890546,17690.637688318104,3.7010000000009313,810.2686567164179,812.2894541862188,4.0,834.0537313432836,812.8466287972338,3.6999999999970896,657.5124378109452,628.1649790071623,3.8000000000029104,652.9432835820895,656.154112126451,5.797999999995227,3894.208955223881,3827.615707582119,4.94999999999709,7338.634825870647,7260.019621583742,3.797999999995227,7234.212935323383,7084.735984193628,3.7010000000009313,951.0686567164179,952.4466246204158
3.7479999999995925,31065.69552238806,31103.338472319552,3.7489999999961583,19378.228855721394,20770.732071945808,3.75,27829.444776119402,28741.39313244569,4.400000000001455,26573.834825870646,28325.63606633964,4.199000000000524,24387.789054726367,27329.308105582808,3.7490000000034343,11007.416888888889,11713.195982247138,3.849999999998545,29967.2039800995,30218.35272132679,4.599999999998545,38083.584,42442.2032235459,8.25,18077.516417910447,18139.79550506298,3.7510000000038417,804.7124378109453,814.3719436898,4.150999999998021,813.9940298507463,812.2025191405286,3.75,670.4716417910448,652.0444554210916,3.849000000001979,664.3741293532338,660.4455421091627,5.848999999994703,4238.726368159204,4128.928624351692,5.0,7910.41592039801,7910.252744685821,3.8479999999981374,7796.999004975124,7642.064707335145,3.75,963.3592039800996,956.2625554776921
3.797999999995227,31072.12736318408,31126.391030133145,3.7999999999956344,19909.874626865672,21499.399205793037,3.798000000002503,28367.076616915423,29131.817799579538,4.5,26778.602985074627,28696.28965195048,4.298999999999069,24838.49552238806,27710.52370941369,3.7990000000063446,11876.551111111112,12667.141322121,3.9500000000043656,30651.86069651741,31071.928988554075,4.648000000001048,38251.98933333333,42477.989254847,8.35000000000582,19207.594029850745,19277.008644109657,3.801000000006752,824.9154228855722,822.0064213386021,4.351999999998952,814.0895522388059,828.328970116078,3.7999999999956344,673.4805970149254,648.5828599654236,3.900000000001455,670.1691542288557,650.7483329217091,6.047999999995227,5742.726368159204,5603.868609533218,5.1489999999976135,10060.99104477612,10010.221910768512,3.8980000000010477,8390.59104477612,8184.258829340578,3.800999999999476,947.1840796019901,960.0037374445224
3.8479999999981374,31258.905472636816,31462.099509460408,3.8510000000023865,20647.355223880597,22192.79233823873,3.8480000000054133,28530.197014925372,29267.17309039944,4.600000000005821,27321.026865671643,29064.304601728567,4.350999999995111,25370.316417910446,28463.476757766875,3.8500000000058208,12690.787555555555,13502.049053959356,4.0020000000004075,31204.823880597014,31644.01588413922,4.7479999999995925,38422.96888888889,42735.03573931324,8.5,20706.260696517413,20552.001975796495,3.8510000000023865,796.8477611940299,799.438873795999,4.500999999996566,833.1144278606965,828.1432452457396,3.8510000000023865,664.9472636815921,631.3855272906891,4.0,678.1134328358208,660.1136082983453,6.098999999994703,6037.603980099502,5919.50605087676,5.299999999995634,12213.476616915423,12117.860313010979,3.947999999996682,9007.665671641791,8896.221289207211,3.8500000000058208,998.6228855721394,997.8790002335903
3.8989999999976135,31725.739303482587,31783.82247138519,3.900000000001455,21343.028855721393,23002.95071245036,3.8980000000010477,28717.48457711443,29594.498481663162,4.702000000004773,27412.234825870648,29262.4078486335,4.451000000000931,25709.866666666665,28779.148797010046,3.900000000001455,13481.173333333334,14390.846998364868,4.150000000001455,32300.210945273633,32837.03807521607,4.798000000002503,38567.48088888889,42704.96052324223,8.650000000001455,22214.766169154227,22029.88589775253,3.901000000005297,816.0477611940298,811.9614719683873,4.799999999995634,823.0208955223881,850.6633736725117,3.900000000001455,656.7800995024876,638.4075080266732,4.048999999999069,662.1134328358208,659.1533712027662,6.149999999994179,6451.916417910447,6347.965423561373,5.449000000000524,14442.459701492537,14442.528381219341,3.9979999999995925,9697.735323383085,9524.161027414177,3.9020000000018626,1058.881592039801,1026.986218173324
3.9499999999970896,31825.162189054725,31887.114225648213,3.951999999997497,21787.669651741293,23550.090165849102,3.9500000000043656,28947.3592039801,29859.89067974772,4.80000000000291,27802.284577114428,29558.645176360664,4.548999999999069,26157.834825870646,29167.502919878534,3.9500000000043656,14148.067555555555,15147.343144125205,4.25,32967.99203980099,33609.17168885774,4.900000000001455,38803.584,43066.65171688858,8.800999999999476,23462.68656716418,23137.659669054086,3.9500000000043656,841.6796019900497,803.6907878488515,4.900999999998021,872.1512437810945,873.839466534947,4.0,647.2756218905473,649.6616448505804,4.1010000000023865,663.355223880597,677.346505309953,6.248999999996158,7237.253731343284,7156.208446530008,5.498999999996158,15072.891542288557,15054.385423966363,4.047999999995227,10326.782089552238,10116.212398122992,3.9500000000043656,1072.0318407960199,1063.4711516000934
3.9979999999995925,31899.462686567163,32054.15930857276,4.049999999995634,23036.9592039801,24732.04952113992,3.9980000000068685,29356.3223880597,30068.952113992058,5.050999999999476,28600.72437810945,30431.809390329363,4.6489999999976135,26851.0407960199,30059.795374912403,4.0,15045.347555555556,16190.011679514133,4.351999999998952,33805.54825870647,34687.21887409484,4.947999999996682,38963.825777777776,43328.269096005606,8.950000000004366,25175.211940298508,24654.37984687577,4.001000000003842,800.5253731343283,816.0908866386762,4.951000000000931,876.179104477612,892.6016300321066,4.051999999996042,649.2656716417911,640.1778216843666,4.1489999999976135,670.8696517412935,670.2454927142504,6.298999999999069,7689.71144278607,7589.247715485305,5.549999999995634,15989.556218905473,15962.831114225648,4.097999999998137,11061.810945273632,10941.245739688811,4.001000000003842,1144.676616915423,1115.2123335669237
4.049999999995634,32101.253731343284,32292.656855874797,4.099999999998545,23404.8,25324.524176594252,4.048000000002503,29605.301492537314,30449.352954917074,5.102000000006228,28568.262686567163,30369.838822704976,4.699000000000524,26591.61791044776,29705.6164447559,4.049000000006345,15477.916444444445,16740.974538659193,4.402000000001863,33888.06368159204,34472.170053725764,4.9979999999995925,38696.63288888889,42830.90866619949,9.150000000001455,27035.223880597016,26539.412200543346,4.052000000003318,815.0606965174129,820.1847369720919,5.101999999998952,985.3930348258707,977.7426525067918,4.099999999998545,672.1114427860697,658.0074092368486,4.249000000003434,670.8378109452736,678.3660163003211,6.4979999999995925,9751.418905472638,9551.723388490986,5.599000000001979,16901.826865671643,16855.98691894417,4.150000000001455,11675.908457711443,11574.950852062238,4.052000000003318,1232.652736318408,1215.7533286615276
4.097999999998137,32202.905472636816,32474.6554543331,4.1489999999976135,24095.47462686567,26013.559448726934,4.100000000005821,29625.233830845773,30520.573697734173,5.201000000000931,29004.27462686567,30820.858677879,4.798999999999069,27003.749253731345,30020.76524176594,4.100000000005821,16399.616,17536.280308339174,4.55000000000291,34668.60895522388,35094.68628825041,5.099000000001979,39389.24088888889,43493.886475122636,9.202000000004773,27620.362189054726,27174.35416152136,4.1010000000023865,819.6298507462686,820.5561867127686,5.25,1130.2845771144277,1142.1328723141517,4.150000000001455,660.9034825870647,641.5490244504816,4.298999999999069,689.2258706467662,700.4909854285008,6.597999999998137,10746.666666666666,10418.904420844652,5.699000000000524,18391.418905472638,18309.426769446392,4.197999999996682,12443.032835820895,12331.99703630526,4.100000000005821,1369.982089552239,1339.4664797944406
4.150999999998021,32430.312437810946,32636.06073347349,4.199000000000524,24453.285572139303,26377.347348750292,4.148000000001048,29937.799004975124,30783.31978509694,5.350000000005821,29181.34129353234,31050.248072880167,4.848999999994703,27124.807960199007,30271.22261153936,4.150000000001455,16728.732444444446,18064.29525811726,4.599999999998545,34759.13233830846,35451.817799579534,5.148000000001048,39430.954666666665,43614.747956085026,9.35000000000582,29246.758208955223,28778.05680414917,4.151000000005297,783.9522388059702,811.9654235613732,5.550999999999476,1858.7223880597014,1854.8856507779699,4.19999999999709,652.3860696517413,641.829587552482,4.3989999999976135,717.5800995024875,716.3210669301062,6.699000000000524,11757.404975124378,11492.054334403556,5.75,19344.748258706466,19266.54519971969,4.248999999996158,13254.686567164179,13133.463077303039,4.150000000001455,1455.6179104477612,1436.7633730436814
4.197999999996682,32633.966169154228,32764.38962859145,4.298999999999069,25380.441791044777,27438.067741181967,4.198000000003958,28529.687562189054,29692.516701705208,5.451000000000931,29380.744278606966,31157.445456669004,4.8989999999976135,27368.326368159203,30512.02989955618,4.199000000000524,17421.852444444445,18856.704508292456,4.701000000000931,35406.80597014925,35980.740948376544,5.2479999999995925,39894.98311111111,44116.16351319785,9.60000000000582,31503.140298507464,31386.862929118302,4.201000000000931,810.7144278606966,828.4751790565572,5.650999999998021,2185.1223880597013,2221.1588046431216,4.25,651.5582089552239,655.4783897258583,4.499000000003434,764.7522388059701,770.6712768584836,6.798999999999069,12794.204975124378,12340.247962459867,5.798999999999069,19896.103482587063,19816.85774351787,4.350999999995111,14701.596019900497,14755.87651271919,4.200000000004366,1637.0467661691541,1614.4751226348983
4.2479999999995925,32763.542288557215,32973.22307871992,4.349000000001979,26010.57114427861,27896.050455501052,4.2480000000068685,30690.165174129354,31569.367904695166,5.950000000004366,29981.691542288558,31746.668535388926,4.998999999996158,27527.084577114427,30630.077084793273,4.25,18022.371555555557,19565.821069843496,4.80000000000291,35610.2368159204,36594.72459705676,5.30000000000291,39353.45777777778,43802.52464377482,9.852000000006228,33850.714427860694,33727.65225981724,4.251000000003842,793.4885572139303,822.4648061249691,5.8510000000023865,3171.2796019900497,3194.3650284020746,4.351999999998952,653.5323383084577,654.4549271425043,4.599000000001979,870.3044776119403,865.5608792294394,6.847999999998137,13416.342288557214,12978.019264015806,5.849999999998545,20759.387064676615,20669.264190609672,4.398000000001048,15517.293532338308,15412.21634971598,4.251000000003842,1839.4587064676616,1795.5655220742817
4.298999999999069,33034.90547263682,33233.08759635599,4.400999999998021,26021.285572139303,28220.068208362532,4.298000000002503,30374.5592039801,31136.280308339174,6.202000000004773,30068.903482587066,32087.773884606402,5.098999999994703,27995.717412935322,31177.33987386125,4.30000000000291,18637.056,20185.317449194114,4.849999999998545,35939.78905472637,36607.36463443121,5.347999999998137,39486.336,43586.04064470918,10.052000000003318,35523.13631840796,35434.57446283033,4.301000000006752,815.8726368159204,823.4566559644356,6.0,4083.1522388059702,4083.5445789083724,4.400000000001455,669.5482587064677,646.4569029389972,4.6489999999976135,928.7960199004975,889.4719683872561,6.8989999999976135,13976.167164179105,13508.726105211163,5.900000000001455,21701.142288557214,21555.696332632564,4.447999999996682,16252.25870646766,16325.283279822179,4.30000000000291,2112.971144278607,2028.782060266293
4.347999999998137,33185.480597014925,33301.665965895816,4.449000000000524,26432.748258706466,28590.374211632796,4.348000000005413,30428.60895522388,31329.67063770147,6.350000000005821,28713.09054726368,31020.12800747489,5.199000000000524,28267.590049751245,31316.182200420462,4.400000000001455,19590.4,21303.811259051625,4.950000000004366,36427.59004975124,36976.3849567858,5.449000000000524,39404.95644444445,43631.03200186872,10.35000000000582,37988.45771144279,37882.147690787846,4.350000000005821,820.776119402985,824.5710051864658,6.1010000000023865,4774.766169154229,4781.905655717461,4.451999999997497,665.0905472636816,647.1642380834774,4.699000000000524,1016.5651741293532,999.2906890590269,7.149999999994179,16782.805970149253,15845.172635218572,5.949000000000524,22370.738308457712,22187.634664797944,4.4979999999995925,16751.506467661693,16700.206470733516,4.350000000005821,2359.2597014925373,2276.772716654987
4.397999999993772,32221.34129353234,32768.25788367204,4.548999999999069,27464.501492537314,29697.79771081523,4.398000000001048,30784.6368159204,31744.426068675544,6.402000000001863,30453.158208955225,32205.5033870591,5.25,28336.4776119403,31539.17309039944,4.499000000003434,20505.002666666667,22203.399205793037,5.05000000000291,36666.50746268657,37347.96169119365,5.548999999999069,39642.112,43624.831581406215,10.751000000003842,40552.708457711444,40707.29562855026,4.401000000005297,788.6646766169155,813.1113855272907,6.201000000000931,5490.149253731343,5478.188194615955,4.5,665.3293532338308,648.4129414670289,4.749000000003434,1120.620895522388,1057.4146702889602,7.197999999996682,17289.217910447762,16492.234131884416,6.048999999999069,23770.25273631841,23385.66503153469,4.597999999998137,18289.416915422884,18644.22425290195,4.451000000000931,3029.444776119403,2951.8037841625787
4.448999999993248,33238.017910447765,33552.224246671336,4.599000000001979,27673.71144278607,29968.508292455033,4.450000000004366,31095.180099502486,32010.446157439852,6.450000000004366,30505.026865671643,32554.94697500584,5.350999999995111,28547.31144278607,31574.12193412754,4.599000000001979,21186.417777777777,23205.501518336838,5.101999999998952,36938.63482587065,37396.90726465779,5.597999999998137,39584.96711111111,43628.5989254847,11.0,41634.80199004975,41682.1338602124,4.451000000000931,819.6298507462686,816.6441096567054,6.299999999995634,6142.312437810945,6181.152877253643,4.549999999995634,662.4318407960199,645.907631513954,4.80000000000291,1179.3194029850747,1161.6734996295381,7.297999999995227,18246.95721393035,17238.701901704124,6.199000000000524,25904.35024875622,25336.697033403412,4.648000000001048,19360.62089552239,19765.220054334404,4.55000000000291,3810.913432835821,3703.7140854940435
4.4979999999995925,33539.07263681592,33673.91544031768,4.650000000001455,28092.60895522388,30316.901658491006,4.4980000000068685,31038.216915422887,32095.760803550573,6.55000000000291,30587.781094527363,32456.753095071246,5.3989999999976135,28647.498507462686,31822.4078486335,4.651000000005297,21676.359111111113,23737.08572763373,5.203000000001339,36788.26666666667,37656.35692595188,5.648000000001048,39854.40711111111,43720.75683251577,11.150000000001455,42274.41990049751,42379.42010372932,4.602000000006228,830.1213930348258,797.0165472956286,6.400999999998021,6938.093532338308,6958.075574215855,4.650000000001455,657.607960199005,651.8192146208941,4.900999999998021,1506.0218905472636,1429.3860212398124,7.347999999998137,18738.70646766169,17589.168683625587,6.349999999998545,28630.41592039801,28122.760102779725,4.697999999996682,19857.353233830847,20453.982711780685,4.600000000005821,4282.427860696517,4153.960289651951
4.548999999999069,33605.9223880597,33992.689558514365,4.748999999996158,28726.22487562189,31032.024293389393,4.55000000000291,31273.82288557214,32181.740714786265,6.700000000004366,30900.425870646766,32842.210698434945,5.44999999999709,28591.235820895523,31748.058864751227,4.700000000004366,22132.02488888889,24210.519037608035,5.349999999998545,37149.89850746268,37926.91800981079,5.7479999999995925,39914.325333333334,44029.89208128942,11.200000000004366,42492.84776119403,42669.265497653745,4.701000000000931,824.9154228855722,826.1318844159051,6.549999999995634,8194.005970149254,8206.63274882687,4.69999999999709,647.1800995024876,632.3418127932823,4.949000000000524,1647.5064676616914,1585.2408001975796,7.447999999996682,19911.084577114427,18462.660409977772,6.449000000000524,30565.90646766169,29949.342676944638,4.797999999995227,21542.04975124378,22189.01654729563,4.652000000001863,4733.946268656717,4644.5036206493805
4.597999999998137,34038.14527363184,34314.40878299463,4.798999999999069,28870.89353233831,31329.207194580704,4.598000000005413,31675.383084577115,32374.05839757066,6.950000000004366,30450.849751243783,31985.513665031536,5.550999999999476,28631.864676616915,31640.558747956085,4.749000000003434,22379.733333333334,24503.422564821303,5.5,37617.560199004976,38435.35996262555,5.798000000002503,39981.85244444444,44047.26746087363,11.451000000000931,43136.90746268657,43362.11410224747,4.802000000003318,817.0507462686567,812.4080019757965,6.701000000000931,9431.196019900497,9506.750308718201,4.75,647.9442786069652,643.872561126204,5.099000000001979,2246.2567164179104,2185.1439861694244,7.598999999994703,21676.163184079604,20077.846381822674,6.699000000000524,33955.8368159204,33378.63863583275,4.849000000001979,22174.567164179105,22960.32798221783,4.700000000004366,5274.268656716418,5110.114459238495
4.647999999993772,33784.45373134328,34100.84372810091,4.8989999999976135,29461.74726368159,31961.81079187106,4.650000000001455,31615.761194029852,32424.446624620417,7.102000000006228,30894.009950248757,32610.272366269564,5.598999999994703,29001.7592039801,32085.29222144359,4.849000000001979,23193.557333333334,25371.72436346648,5.601999999998952,37711.840796019904,38613.490306003274,5.847999999998137,39693.568,43741.1184302733,11.650000000001455,43962.95323383085,44282.677204247964,4.8510000000023865,789.7313432835821,811.6137317856261,6.951999999997497,11751.259701492538,11831.421091627562,4.799999999995634,671.7293532338308,641.3079772783403,5.400000000001455,3962.284577114428,3851.479377624105,7.748999999996158,22791.434825870645,21300.79723388491,6.799999999995634,35146.300497512435,34505.949077318386,4.947999999996682,24070.06567164179,24670.22573474932,4.7520000000004075,5806.5194029850745,5664.470918009811
4.697999999996682,34115.00895522388,34316.46811492642,4.951000000000931,29670.00199004975,32273.726699369305,4.75,31904.73233830846,32898.71712216772,7.150000000001455,30819.23184079602,32506.580705442655,5.699000000000524,29162.969154228856,32340.19715019855,4.950000000004366,23793.194666666666,25855.540294323757,5.700000000004366,37639.37114427861,38335.73464143892,5.947999999996682,39948.472888888886,44036.24199953282,11.751000000003842,43996.22686567164,44181.80489009632,4.950000000004366,791.2756218905473,825.5430970610028,7.050999999999476,12664.692537313433,12800.142257347494,4.851999999998952,661.2059701492537,661.093603358854,5.749000000003434,6467.0885572139305,6289.880958261299,7.850999999995111,23572.362189054726,22306.651518893555,6.951000000000931,37323.255721393034,36417.56225181033,4.9979999999995925,24527.044776119405,25323.96147196839,4.853000000002794,6935.227860696517,6779.743050689091
4.7479999999995925,34086.25671641791,34294.05466012614,4.998999999996158,30034.069651741294,32642.15276804485,4.798000000002503,31949.7552238806,32873.34734875029,7.202000000004773,30763.781094527363,32447.22261153936,5.748999999996158,28941.404975124377,32096.512029899557,5.0,24071.424,26219.25718290119,5.802000000003318,38527.251741293534,39266.98995561785,5.998999999996158,40062.037333333334,43793.10254613408,11.80000000000291,44068.123383084574,44108.88614472709,5.001000000003842,818.4039800995025,824.1679427019017,7.152999999998428,13680.09552238806,13831.124722153618,4.900000000001455,667.0487562189055,647.1958508273648,5.849000000001979,7133.866666666667,6967.436897999506,7.8989999999976135,23954.133333333335,22786.04692516671,7.048999999999069,38349.850746268654,37832.18500350385,5.047999999995227,25352.97910447761,26129.667572240058,4.900000000001455,7648.843781094527,7481.108152300864
4.797999999995227,34135.89651741293,34467.46461107218,5.050999999999476,30200.326368159203,32866.044382153705,4.900000000001455,32246.27263681592,33290.58444288718,7.30000000000291,30806.33631840796,32672.074748890445,5.8989999999976135,29178.316417910446,32206.247138519037,5.100000000005821,24666.29688888889,26773.381920112122,6.0,38288.525373134325,39133.28287783228,6.048000000002503,39827.69777777778,43983.41695865452,11.89900000000489,44262.52736318408,44461.57372190664,5.05000000000291,816.7641791044776,826.5309953074833,7.2520000000004075,14627.34328358209,14886.67819214621,4.951999999997497,672.0636815920398,654.8737959990121,5.999000000003434,8387.916417910448,8237.636947394418,7.9979999999995925,25004.59303482587,24037.579649296124,7.1489999999976135,39917.659701492536,39288.07288016818,5.150000000001455,26852.919402985073,27565.281304025684,4.951000000000931,8312.517412935324,8111.263723429105
4.848999999994703,33952.12736318408,34248.162578836724,5.099000000001979,30544.748258706466,33135.95141322121,4.948000000003958,32367.761194029852,33194.22191076851,7.403000000005704,30984.565174129355,32901.58374211633,5.998999999996158,29429.763184079602,32704.16071011446,5.150000000001455,24835.726222222223,26842.554543330996,6.103000000002794,38092.51343283582,38805.81172623219,6.099999999998545,40078.36444444444,44156.075683251576,11.952000000004773,44495.21990049751,44795.82711780687,5.100000000005821,835.9164179104478,829.1864657940232,7.299999999995634,15193.026865671642,15413.71795505063,5.0,665.6955223880597,656.3516917757471,6.048999999999069,8784.923383084577,8618.013336626327,8.049999999995634,25301.81094527363,24539.186959743147,7.19999999999709,40427.36716417911,39508.71291754263,5.197999999996682,27906.690547263683,28679.389478883673,5.0,8822.893532338308,8710.959121700538
4.897999999993772,34541.78706467662,34636.41205325859,5.19999999999709,30893.834825870646,33541.550105115624,4.9980000000068685,32518.670646766168,33423.22634898388,7.5020000000004075,30938.18905472637,32611.427236626958,6.098999999994703,29491.24776119403,32594.743284279375,5.25,25502.364444444444,27886.942303200187,6.151000000005297,38297.52039800995,39205.841625788365,6.19999999999709,39950.976,43898.64424199953,12.10000000000582,44706.197014925376,45381.30303778711,5.151000000005297,841.934328358209,832.355643368733,7.351999999998952,15864.947263681592,16101.915534699925,5.050999999999476,669.7870646766169,669.1153371202766,6.099000000001979,9389.452736318408,9188.813040256853,8.250999999996566,26819.16815920398,26361.626080513706,7.248999999996158,40865.08258706467,39811.09086661995,5.297999999995227,29161.63184079602,30017.73474932082,5.05000000000291,9674.714427860696,9484.139219808456
4.948999999993248,34462.10547263682,34768.96052324223,5.248999999996158,31248.716417910447,33831.03013314646,5.048000000002503,32572.784079601992,33515.70941368839,7.55000000000291,31026.388059701494,32872.17752861481,6.150999999998021,29692.06766169154,32775.23569259519,5.30000000000291,25544.064,27960.214903060034,6.25,38174.18507462687,39038.1574398505,6.298999999999069,39937.19466666667,44079.626255547766,12.5,45253.90646766169,45708.261793035315,5.301000000006752,851.2477611940299,816.1343541615214,7.453000000001339,16842.36417910448,17131.139540627315,5.150000000001455,653.6597014925374,639.7629044208446,6.199000000000524,10217.47263681592,9923.086194122005,8.347999999998137,27629.739303482587,27351.504075080265,7.349000000001979,42336.28656716418,41687.58701238028,5.347999999998137,30045.4368159204,30843.985181526303,5.151000000005297,11058.435820895522,10899.59542163046
4.9979999999995925,34744.81990049751,34933.01938799346,5.299999999995634,31347.02487562189,33912.53258584443,5.098000000005413,32666.634825870646,33522.844195281476,7.650000000001455,30950.89353233831,32697.515533753794,6.199000000000524,29624.581094527362,32550.98154636767,5.350000000005821,25735.964444444446,27992.028030833917,6.302000000003318,38400.54129353234,39171.8869423032,6.347999999998137,40064.82488888889,43751.089932258816,12.950000000004366,46192.44577114428,46120.14423314398,5.402000000001863,835.1044776119403,844.3645344529514,7.549999999995634,17928.581094527362,18262.164485058038,5.250999999996566,679.7373134328358,660.8248950358113,6.298999999999069,11089.257711442786,10883.880464312177,8.449000000000524,28189.13432835821,28115.453692269697,7.548999999999069,43640.437810945274,42891.01798645176,5.447999999996682,31431.912437810945,32411.50308718202,5.200000000004366,11796.123383084578,11669.419294557347
5.047999999995227,34696.692537313436,34924.45690259285,5.349000000001979,31591.211940298508,34218.64424199953,5.200000000004366,32869.54029850746,33716.0551273067,7.702000000004773,31070.567164179105,32936.125204391494,6.298999999999069,29721.488557213932,32880.17565989255,5.450000000004366,26057.770666666667,28541.791170287317,6.463000000003376,38402.00597014926,39260.35972903527,6.447999999996682,40204.48711111111,44184.71572062602,13.300999999999476,46056.421890547266,46201.420597678436,5.501000000003842,862.3124378109453,851.3904667819214,7.599999999998545,18318.057711442787,18718.02025191405,5.349999999998545,688.1910447761194,660.7102988392196,6.349000000001979,11439.60199004975,11330.872808100765,8.547999999995227,29538.483582089553,29498.779945665596,7.650000000001455,44315.08059701492,43796.27937397804,5.4979999999995925,32368.748258706466,33189.34255371697,5.251000000003842,12639.506467661691,12428.74468582107
5.098999999994703,34990.13731343284,35223.355290819905,5.3989999999976135,31692.8,34369.52861480963,5.2480000000068685,32930.340298507464,33790.546134080825,7.850000000005821,30967.371144278608,32939.608502686286,6.3989999999976135,29709.54825870647,32877.87339406681,5.499000000003434,26331.804444444446,28810.81616444756,6.6010000000023865,38534.32039800995,39296.953048353185,6.548000000002503,40232.30577777778,44188.355991590746,13.85000000000582,46492.78407960199,46587.34897505557,5.55000000000291,845.436815920398,845.3208199555446,7.650000000001455,18768.84378109453,19192.07310447024,5.549999999995634,755.1840796019901,708.3665102494443,6.449000000000524,12353.655721393035,12358.03803408249,8.598999999994703,29627.669651741293,29602.65547048654,7.69999999999709,44712.740298507466,44056.091567390795,5.597999999998137,33764.60099502488,34533.94319585083,5.350000000005821,14247.562189054726,13991.874795608503
5.147999999993772,35051.36716417911,35198.7591684186,5.498999999996158,32110.153233830846,34879.20018687223,5.348000000005413,33240.517412935325,34033.19971969166,7.950000000004366,31074.133333333335,32794.184536323286,6.548999999999069,29830.670646766168,32843.107685120296,5.55000000000291,26409.372444444445,28756.668068208364,6.751000000003842,38613.34925373134,39350.432142022895,6.597999999998137,40156.672,44216.64844662462,14.14900000000489,46212.792039800996,46360.55519881452,5.600000000005821,858.555223880597,854.4134354161521,7.701000000000931,19568.33432835821,20112.52556186713,5.951000000000931,1358.2805970149254,1224.2904420844652,6.5,12941.898507462687,12775.73326747345,8.699000000000524,30451.66169154229,30476.309212151147,7.750999999996566,45160.788059701496,44600.214903060034,5.6489999999976135,34647.99203980099,35432.140281551,5.400000000001455,15092.441791044776,14852.11492641906
5.197999999996682,34888.59701492537,35205.80798878767,5.599999999998545,32360.549253731344,35095.22821770614,5.398000000001048,33328.55721393035,34164.89605232422,8.001000000003842,30999.259701492538,32683.2085961224,6.650000000001455,30004.123383084578,33023.80565288484,5.600000000005821,26609.294222222223,29030.959121700536,6.80000000000291,38880.22288557214,39384.013081055826,6.697999999996682,39933.63911111111,44066.53772483065,14.25,46449.926368159206,46680.812052358604,5.650000000001455,890.4437810945274,875.5860706347246,7.799999999995634,20380.87960199005,21059.833045196345,6.150000000001455,2112.7800995024877,1872.7942701901704,6.599999999998545,13772.86368159204,13832.48011854779,8.94999999999709,31811.836815920396,31829.405779204742,7.850999999995111,45793.114427860695,45002.97313711749,5.748999999996158,36126.67860696517,36974.95677945171,5.451000000000931,16338.053731343283,15867.021723896285
5.25,35041.05074626866,35287.94580705443,5.6489999999976135,32553.170149253732,35325.013781826674,5.451000000000931,33467.44676616915,34444.602662929225,8.101000000002387,30932.616915422885,32682.954449894885,6.75,30018.81791044776,33043.84956785798,5.650000000001455,26856.732444444446,29194.939500116794,6.8510000000023865,38447.82487562189,39140.43634664798,6.7479999999995925,40299.534222222224,44171.53001635132,14.349000000001979,46724.77611940299,46755.16127438874,5.751000000003842,967.5303482587065,945.9244257841442,7.902000000001863,21451.781094527363,22068.51667078291,6.349999999998545,3056.2388059701493,2744.713262533959,6.6489999999976135,14176.334328358209,14266.246480612497,8.997999999999593,32109.691542288558,32039.018029142997,7.949000000000524,46286.742288557216,45725.129642606866,5.797999999995227,36352.939303482584,37039.158310694,5.5,16719.044776119405,16374.129409016585
5.298999999999069,35219.47064676617,35323.54870357393,5.748999999996158,33003.335323383086,35492.11118897454,5.4980000000068685,33356.73631840796,34268.43821537024,8.202000000004773,30944.493532338307,32675.51319785097,6.849999999998545,30401.400995024876,33440.17939733707,5.75,27008.199111111113,29457.349217472554,6.900000000001455,38697.52039800995,39259.45526746087,6.847999999998137,40125.92355555556,43832.162578836724,14.450000000004366,46457.58407960199,46553.495677945175,5.8510000000023865,1045.6835820895521,1020.6055816250927,7.94999999999709,21783.880597014926,22545.074833292172,6.549999999995634,4359.3233830845775,3916.534452951346,6.699000000000524,14744.565174129353,14831.249197332674,9.097999999998137,32797.99402985074,32882.8925660657,8.049999999995634,46554.65074626866,45970.76197150198,5.847999999998137,37109.85870646766,37861.70610027167,5.552000000003318,17510.16119402985,17210.928287783227
5.397999999993772,35219.9960199005,35510.951646811496,5.800999999999476,32743.084577114427,35397.84910067741,5.55000000000291,33654.54328358209,34372.27937397804,8.251000000003842,30762.220895522387,32593.091333800516,6.949000000000524,29712.7960199005,32799.49918243401,5.850000000005821,27213.624888888888,29781.523943003973,6.951000000000931,38528.01592039801,39124.97080121467,6.900000000001455,40371.39911111111,44066.59004905396,14.599000000001979,46544.17512437811,46691.96739935787,5.951000000000931,1142.718407960199,1144.8515682884663,8.002000000000407,22474.427860696516,23261.21017535194,6.650999999998021,5012.855721393034,4566.942948876265,6.798999999999069,15740.099502487563,15835.894294887627,9.147999999993772,33124.23482587065,33176.55519881452,8.150000000001455,46980.87164179105,46399.18149964962,5.947999999996682,38225.2736318408,38854.82835267967,5.600000000005821,18511.37910447761,17968.967998131277
5.447999999996682,35324.67263681592,35520.328895117964,5.849999999998545,33524.64875621891,36122.59565522074,5.598000000005413,33566.121393034824,34394.56575566457,8.35000000000582,31233.639800995024,32812.26255547769,6.998999999996158,30350.455721393035,33398.45830413455,5.899000000004889,27602.80177777778,30010.2032235459,7.05000000000291,38619.844776119404,39377.147395468346,6.998999999996158,39953.42222222222,43935.360896986684,14.701000000000931,46424.31044776119,46887.45270437145,6.100000000005821,1476.521393034826,1409.2012842677204,8.101000000002387,23339.86069651741,24110.802667325264,6.75,5671.084577114428,5269.666584341813,6.847999999998137,16132.983084577114,16223.446776981971,9.247999999999593,33674.65074626866,33813.30303778711,8.19999999999709,47128.31044776119,46365.15954216305,5.998999999996158,38428.43383084577,39069.067918004446,5.700000000004366,20271.42686567164,19761.091333800516
5.498999999996158,35533.564179104476,35593.156739079655,5.8989999999976135,33248.50945273632,36002.62742349918,5.7480000000068685,33935.26766169154,34876.0457836954,8.450000000004366,31055.601990049752,32758.697500583974,7.098999999994703,29900.577114427862,33077.77808923149,5.950000000004366,27735.651555555556,29946.438682550805,7.099999999998545,39146.38009950249,39993.98645176361,7.048000000002503,40263.04,44196.42513431441,14.951000000000931,46450.99303482587,46607.296616448504,6.152000000001863,1579.9402985074628,1533.2813040256854,8.152000000001863,23783.944278606967,24682.26228698444,6.851999999998952,6466.849751243781,5927.152383304519,6.8989999999976135,16411.160199004975,16642.631760928623,9.347999999998137,33990.431840796016,33843.271918992345,8.248999999996158,47541.26965174129,46953.47442186405,6.047999999995227,39974.78208955224,40788.36651024944,5.75,21100.6407960199,20488.37187572997
5.548999999999069,35365.98606965174,35645.84723195515,5.951000000000931,33627.27164179104,36312.42046250876,5.898000000001048,33813.58805970149,34692.43634664798,8.55000000000291,31040.41393034826,32750.957252978274,7.199000000000524,30269.946268656717,33254.11819668302,6.05000000000291,27850.680888888888,30158.13501518337,7.152000000001863,38683.016915422886,39549.87339406681,7.197999999996682,40283.562666666665,44010.75262789068,15.299000000006345,46423.94427860696,46749.87404297358,6.200000000004366,1714.4199004975123,1640.4050382810572,8.19999999999709,24368.780099502488,25303.44084959249,6.94999999999709,7223.036815920398,6636.6450975549515,6.949000000000524,17204.346268656718,17226.02914299827,9.747999999999593,35671.94427860696,35699.208693504566,8.298999999999069,47646.75820895522,47042.37327727167,6.097999999998137,39849.18606965174,40359.381575697706,5.80000000000291,21735.02089552239,21106.47792571829
5.597999999998137,35613.40497512438,35910.562952581175,6.0,33642.22089552239,36242.3620649381,5.948000000003958,34132.123383084574,34937.88927820603,8.601000000002387,31002.985074626864,32694.054660126138,7.3989999999976135,30360.262686567163,33444.802616211164,6.151000000005297,28046.02311111111,30229.21747255314,7.25,38382.13731343284,39149.936930623684,7.2479999999995925,40233.42933333333,44088.20369072646,15.400000000001455,46534.54328358209,46797.41170659422,6.3510000000023865,2198.017910447761,2163.264015806372,8.252000000000407,24932.919402985073,25730.398616942453,7.0,7511.180099502488,6999.164238083477,7.048999999999069,18155.160199004975,18272.422820449494,9.848999999994703,35962.571144278605,36147.95554457891,8.349999999998545,47567.09253731343,47059.59915907498,6.148000000001048,40568.37412935324,40986.92220301309,5.850000000005821,22698.077611940298,22076.65124970801
5.697999999996682,35716.250746268655,35775.59261854707,6.150999999998021,33851.04875621891,36509.19317916375,5.9980000000068685,34208.35024875622,34999.99065638869,8.75,31072.12736318408,32701.19691660827,7.451000000000931,28578.86567164179,32066.410651716888,6.25,28333.710222222224,30741.29595888811,7.304000000003725,38984.612935323385,39748.45129642607,7.298000000002503,40313.42933333333,44299.18990889979,15.450000000004366,46361.52039800995,46659.78562608051,6.5020000000004075,2946.244776119403,2880.2884662879724,8.351999999998952,25993.10646766169,26852.014818473697,7.050999999999476,8035.391044776119,7470.470733514448,7.099000000001979,18771.45472636816,18920.910842183253,10.0,35857.32139303483,35998.35613731785,8.400000000001455,48212.85572139303,47533.66035972904,6.199000000000524,40629.19004975125,41213.87009138059,5.900000000001455,23382.0815920398,22691.681382854473
5.7479999999995925,35812.45771144279,36121.7846297594,6.199000000000524,33870.59900497513,36722.76197150198,6.098000000005413,34089.71144278607,35014.334968465315,8.802000000003318,31098.14129353234,32827.75800046718,7.549999999995634,30322.86567164179,33401.605232422335,6.349000000001979,28440.448,30496.657790235928,7.349999999998545,36963.74129353234,37860.21957486569,7.3989999999976135,40046.16533333333,44111.988787666436,15.64900000000489,46511.58606965174,46565.326747345025,6.850000000005821,5145.377114427861,5021.518399604841,8.400000000001455,26326.68656716418,27392.082983452703,7.150000000001455,8848.270646766168,8246.243516917757,7.199000000000524,19656.94726368159,19950.07162262287,10.19999999999709,36262.97313432836,36337.46604099778,8.498999999996158,48538.92139303483,48089.164213968696,6.2479999999995925,41550.31243781094,42125.0797727834,6.0,24887.992039800996,24015.495444989487
5.849999999998545,35735.562189054726,36046.377949077316,6.250999999996566,33918.344278606965,36752.36253211866,6.149000000004889,34239.14029850746,35113.28381219341,8.901000000005297,31025.416915422884,32538.31160943705,7.650000000001455,30350.630845771146,33324.187806587244,6.449000000000524,28627.85422222222,31083.69072646578,7.400000000001455,38888.8039800995,39421.701471618784,7.447999999996682,40205.92355555556,44152.56996028965,15.900000000001455,46332.3223880597,46525.56977031366,6.950000000004366,5841.655721393035,5605.374166460854,8.451999999997497,26957.45273631841,27899.214620894047,7.19999999999709,9054.439800995026,8441.85527290689,7.249000000003434,20042.714427860697,20386.457890837242,10.247999999999593,36945.13034825871,36798.182267226475,8.599000000001979,48475.701492537315,48070.1817332399,6.347999999998137,42177.751243781095,42472.491973326745,6.052000000003318,25996.115422885574,24976.298995561785
5.897999999993772,35605.39701492537,34962.80308339173,6.299999999995634,34148.45771144279,36865.96215837421,6.249000000003434,34224.49353233831,35156.1037140855,9.002000000000407,31235.43880597015,32707.572996963325,7.75,30499.582089552237,33559.415089932256,6.501000000003842,28746.93688888889,31248.71758934828,7.450000000004366,38837.73134328358,39538.85540761505,7.4979999999995925,40135.168,43802.38262088297,16.200000000004366,45949.484577114425,46085.7535193875,7.100000000005821,6992.748258706468,6835.540627315387,8.5,27241.74328358209,28137.863176092862,7.299999999995634,10001.655721393035,9323.78365028402,7.298999999999069,20696.660696517414,21212.2380834774,10.347999999998137,36927.34726368159,36932.666831316375,8.699000000000524,48403.00895522388,47913.982714319085,6.3989999999976135,42456.18308457711,42984.06124969128,6.100000000005821,26559.74527363184,25521.08012146695
5.998999999996158,35941.81094527363,36349.95188040178,6.349000000001979,34268.338308457714,36918.27516935296,6.298000000002503,34261.158208955225,35127.04134548003,9.05000000000291,31042.7223880597,32884.12240130811,7.849999999998545,30464.286567164178,33261.19691660827,6.651000000005297,28905.159111111112,31197.630460172855,7.5,38636.72039800995,39404.80822237795,7.599000000001979,40645.091555555555,44492.4307404812,16.499000000003434,46374.73432835821,46426.4993825636,7.251000000003842,8185.61592039801,8015.5969375154355,8.601999999998952,28179.375124378108,29144.254877747593,7.400000000001455,11039.060696517414,10239.304519634477,7.400000000001455,21473.544278606965,22139.246233637936,10.397999999993772,36701.24577114428,36705.37910595209,8.750999999996566,48314.09353233831,47958.633964027096,6.447999999996682,43022.00995024876,43576.59866633737,6.150000000001455,27176.597014925374,25960.659658958186
6.048999999999069,36144.65273631841,36343.28054192945,6.451000000000931,34494.344278606965,37060.46624620416,6.348000000005413,34304.33432835821,35234.175192711984,9.102000000006228,30984.549253731344,32602.76384022425,7.94999999999709,30272.12736318408,33381.68839056295,6.701000000000931,28988.970666666668,31554.99369306237,7.55000000000291,38735.18805970149,39511.4225648213,7.648000000001048,39990.556444444446,43875.82714319084,16.700000000004366,46183.68955223881,46405.53223018029,7.403000000005704,9314.69054726368,9188.279575203755,8.650000000001455,28820.362189054726,29765.441343541614,7.44999999999709,11499.383084577114,10567.36576932576,7.449000000000524,21869.564179104476,22566.662385774267,10.548999999999069,37025.846766169154,36943.2136329958,8.798999999999069,49481.18606965174,48996.716654987154,6.548999999999069,43658.618905472635,44240.80612496913,6.251000000003842,28451.48656716418,27498.722728334502
6.1489999999976135,36055.89651741293,36279.95701938799,6.498999999996158,34536.77213930348,37203.06096706377,6.398000000001048,34474.73034825871,35301.16514832983,9.202000000004773,31320.740298507462,32970.37514599392,7.998999999996158,30723.61393034826,33730.86661994861,6.80000000000291,29108.92088888889,31350.26395701939,7.650000000001455,38709.524378109454,39243.42910534922,7.7479999999995925,40507.875555555554,44457.38098575099,16.80000000000291,46273.40099502487,46378.12793282292,7.503000000004249,10219.542288557213,10010.187206717708,8.69999999999709,29685.174129353232,30647.94665349469,7.5,11891.804975124378,11022.648555198815,7.499000000003434,22610.165174129354,23330.54877747592,10.799999999995634,37028.744278606966,37016.44455421092,8.85099999999511,48813.00696517413,48313.97523943004,6.648000000001048,44566.65472636816,45006.24549271425,6.30000000000291,29373.882587064676,28367.35342209764
6.248999999996158,36205.58009950249,36538.02382620883,6.699000000000524,34926.296517412935,37805.98551740248,6.4980000000068685,34501.30149253731,35526.24153235225,9.302000000003318,30646.511442786068,32206.0565288484,8.048999999999069,30672.827860696518,33512.45409950946,6.8510000000023865,29078.840888888888,31497.470684419528,7.700000000004366,38719.203980099504,39533.219341275406,7.847999999998137,40084.67911111111,43966.325624854006,16.89900000000489,46046.885572139305,46391.180044455425,7.55000000000291,10530.069651741294,10449.181526302791,8.75,29970.531343283583,30872.32600642134,7.549999999995634,12493.548258706467,11559.199802420351,7.548999999999069,22718.758208955223,23549.23783650284,10.847999999998137,37236.3144278607,37427.520869350454,8.951000000000931,49779.23184079602,49157.1763606634,6.699000000000524,44450.610945273635,44859.878488515686,6.400000000001455,31145.42487562189,29968.769913571596
6.299999999995634,36022.30447761194,36376.41298761972,6.798999999999069,34866.73830845771,37583.83555244102,6.548000000002503,34453.428855721395,35312.90819901892,9.450000000004366,30707.29552238806,32480.74375145994,8.150000000001455,30346.809950248757,33272.416725064235,6.950000000004366,29269.39022222222,31451.604765241766,7.751000000003842,39057.63980099503,39662.07147862649,7.947999999996682,39929.82755555555,43690.18079887877,16.950000000004366,46174.86965174129,46429.70412447518,7.602000000006228,10997.126368159205,10851.718448999753,8.849999999998545,30740.441791044777,31648.138305754506,7.599999999998545,12913.799004975124,11957.018523092122,7.6489999999976135,23913.074626865673,24821.836502840208,10.947999999996682,37643.03283582089,37929.57075821191,9.150999999998021,49369.53631840796,48709.25858444289,6.7479999999995925,44826.92139303483,45215.490244504814,6.451000000000931,32296.99502487562,31238.888110254615
6.348999999994703,36198.2407960199,36400.91567390796,7.150000000001455,35361.846766169154,38026.18827376781,6.598000000005413,34762.33233830846,35649.39780425134,9.60000000000582,30520.023880597015,32237.09974305069,8.199000000000524,30702.94925373134,33546.37514599392,7.100000000005821,29334.812444444444,31718.256482130342,7.902000000001863,38918.41592039801,39528.97734174258,7.9979999999995925,40057.78488888889,43905.868722261155,17.150000000001455,45962.38009950249,46370.612002963695,7.650000000001455,11486.264676616915,11247.371696715238,8.902000000001863,31413.397014925373,32286.000493949123,7.69999999999709,13988.187064676617,12925.166707829094,7.749000000003434,25009.687562189054,25941.753519387505,11.048999999999069,37294.82189054726,37548.57001728822,9.300999999999476,49294.80597014925,48846.792805419296,6.849000000001979,45477.19004975125,45946.31365769326,6.55000000000291,33034.794029850746,32137.272599859847
6.448999999993248,36296.67661691542,36592.7362765709,7.550999999999476,35710.439800995024,38290.377014716185,6.698000000003958,34562.86567164179,35483.380518570426,9.701000000000931,31015.641791044774,32590.699369306236,8.298999999999069,30275.91641791045,33060.085026862886,7.149000000004889,29308.700444444443,31737.575332866152,7.950000000004366,38878.28059701493,39568.34010745153,8.048000000002503,40018.261333333336,43641.84442887176,17.35000000000582,46088.151243781096,46103.74117065942,7.75,12336.20696517413,12098.272165966906,9.002000000000407,32265.72736318408,33020.10768090887,7.75,14471.753233830847,13307.815263027907,7.849000000001979,25772.65671641791,27004.953321807854,11.147999999993772,37367.578109452734,37376.04741911583,10.048999999999069,49679.72935323383,49267.7523943004,6.947999999996682,45710.567164179105,46367.75104964188,6.600000000005821,34313.83880597015,33180.59145059565
6.5,36229.49253731343,36588.284980144825,7.599000000001979,35825.17810945274,38410.40130810558,6.7480000000068685,34652.08358208955,35485.7052090633,9.800999999999476,31025.528358208954,32804.58958187339,8.398999999997613,30894.344278606965,33903.10301331465,7.25,29590.030222222224,31870.34804952114,8.0,38984.89950248756,39670.615276804485,8.148000000001048,40093.738666666664,43810.60126138753,17.5,46321.62388059701,46056.38528031613,7.852000000006228,13276.019900497513,13088.256853544084,9.050999999999476,32439.960199004974,33322.491479377626,7.8510000000023865,15646.153233830846,14336.837737713016,7.8989999999976135,26236.67263681592,27352.681649790073,11.347999999998137,37766.845771144275,37808.39120770561,10.748999999996158,49857.95820895522,49538.76570894651,6.9979999999995925,45727.09253731343,46424.298345270436,6.650000000001455,34837.95422885572,33796.4400840925
6.597999999998137,36425.82288557214,36610.9488437281,7.699000000000524,35725.94626865671,38370.79560850269,6.799000000006345,34544.65273631841,35541.665965895816,9.901000000005297,31119.58606965174,32729.2651249708,8.5,30437.874626865672,33302.24153235225,7.30000000000291,29502.464,31929.523008642842,8.05000000000291,38908.40199004975,39521.225881803315,8.247999999999593,39869.354666666666,43571.82340574632,17.900000000001455,45967.12437810945,46001.31192887133,7.952000000004773,14229.795024875622,14031.434922203012,9.099999999998545,33533.86666666667,34259.520869350454,7.900000000001455,16069.301492537314,14737.837490738453,7.999000000003434,26786.340298507464,28137.31390466782,11.498999999996158,37718.14527363184,37806.644603605826,10.900999999998021,49409.607960199006,48903.94580705443,7.097999999998137,46370.62686567164,46757.061990614966,6.7520000000004075,36215.530348258704,35166.6096706377
6.647999999993772,36244.60099502488,35771.855174024764,7.748999999996158,35809.114427860695,38453.05676243868,6.848000000005413,34703.29950248756,35648.302733006305,9.950000000004366,30979.5184079602,32723.89815463677,8.550999999999476,30608.748258706466,33413.87152534455,7.400000000001455,29749.23377777778,32133.561317449195,8.099999999998545,38986.300497512435,39651.83088063537,8.298000000002503,40072.24888888889,43874.00327026396,18.09900000000198,45660.19502487562,45925.07384539393,8.052000000003318,15238.782089552238,15090.959743146455,9.19999999999709,34085.09452736318,34962.25240800198,8.0,17115.86069651741,15620.161027414177,8.048000000002503,27536.27064676617,28917.9510990368,11.599999999998545,37865.154228855725,37705.40479130649,11.048999999999069,49652.792039800996,49151.185237094134,7.150000000001455,46422.431840796016,46837.314892566064,6.802000000003318,36484.075621890544,35686.79467414156
6.698999999993248,36631.5144278607,36739.25157673441,7.849000000001979,35861.23781094528,38632.753095071246,6.948000000003958,34858.90547263682,35702.069609904225,10.150000000001455,30909.29353233831,32487.508526045316,8.650000000001455,30499.10447761194,33526.353655687926,7.450000000004366,29898.837333333333,32339.25531417893,8.200000000004366,38678.25671641791,39488.074748890445,8.347999999998137,40162.78755555556,43700.34291053492,18.449000000000524,46031.72935323383,46031.94862929118,8.10000000000582,15824.01592039801,15645.012595702643,9.252000000000407,34815.76119402985,35461.28723141516,8.099999999998545,18235.414925373134,16713.124228204495,8.148999999997613,28320.27064676617,29470.78686095332,11.748999999996158,37727.69751243781,37819.728327982215,11.199000000000524,50371.13631840796,49813.120298995564,7.2479999999995925,47044.839800995025,47505.45418621882,6.900000000001455,37879.578109452734,36857.717355758
6.797999999995227,36428.46567164179,36700.15790703107,7.900999999998021,36086.95721393035,38809.44452230787,7.048000000002503,34891.89253731343,35588.73907965429,10.251000000003842,30940.624875621892,32794.92081289418,8.699000000000524,30584.97910447761,33486.904928754964,7.55000000000291,29792.398222222222,32187.436580238264,8.25,38239.156218905475,38934.05466012614,8.398000000001048,39855.601777777774,43584.73253912637,18.64900000000489,46057.64776119403,46166.0340824895,8.201000000000931,16762.57114427861,16660.10570511237,9.300999999999476,35282.99303482587,35808.32403062485,8.201000000000931,19140.250746268655,17377.592491973326,8.25,28899.964179104478,30403.92393183502,11.998999999996158,37802.04577114428,37826.01531242282,11.648999999997613,49287.05273631841,48815.06937631394,7.297999999995227,46948.33034825871,47355.06446036058,6.950000000004366,38715.207960199004,37803.36930623686
6.847999999998137,36536.67661691542,36708.59705676244,7.949000000000524,36105.05870646766,38736.489605232426,7.098000000005413,35021.21393034826,35792.46344312077,10.30000000000291,30920.803980099503,32514.54519971969,8.798999999999069,30428.24278606965,33246.32188740948,7.600000000005821,29862.101333333332,32324.4400840925,8.30000000000291,38913.878606965176,39777.93225881804,8.497999999999593,39879.99288888889,43677.350151833685,18.80000000000291,45599.55422885572,45955.2284514695,8.25,17524.330348258707,17443.41022474685,9.400000000001455,36008.10348258707,36542.41541121264,8.25,19829.97014925373,17959.187947641392,8.398999999997613,29913.31343283582,31605.528278587306,12.099999999998545,37833.77512437811,37888.92467275871,11.998999999996158,49486.36019900497,48945.835085260456,7.447999999996682,47235.74129353234,47851.99703630526,7.100000000005821,40257.68756218906,39441.02779724364
6.897999999993772,36590.296517412935,36784.347582340575,8.000999999996566,36060.67263681592,38681.253912637236,7.149000000004889,34788.58507462686,35688.880168185,10.400000000001455,30959.74527363184,32650.180798878766,8.848999999994703,30515.40696517413,33493.04555010512,7.700000000004366,29569.180444444446,31891.52814762906,8.351000000002387,38834.69054726368,39453.824807288016,8.548000000002503,39919.92888888889,43469.96309273534,19.30000000000291,45507.18407960199,45788.24993825636,8.35000000000582,18422.73432835821,18313.626080513706,9.5,36779.98805970149,37280.06717708076,8.349999999998545,20391.180099502486,18505.072857495677,8.548999999999069,30899.3592039801,32607.944677698197,12.199000000000524,37793.305472636814,37807.774759199805,12.049999999995634,49582.025870646765,49089.44265358561,7.547999999995227,47718.51144278607,48380.12348728081,7.25,41814.04975124378,41001.437047418825
6.9979999999995925,36564.91940298508,37061.385657556646,8.099000000001979,36081.4487562189,38565.710815230086,7.2480000000068685,34769.91044776119,35783.04134548003,10.450000000004366,31099.255721393034,32869.6622284513,8.94999999999709,30498.324378109453,33225.45947208596,7.751000000003842,30282.56711111111,32615.7402476057,8.450000000004366,38846.423880597016,39347.378649848164,8.648000000001048,39776.58311111111,43269.138986218175,19.700000000004366,45485.35721393035,45870.703877500615,8.401000000005297,18958.519402985075,18979.5366757224,9.599999999998545,37420.0039800995,37847.12472215362,8.500999999996566,21730.786069651742,19861.05013583601,8.648999999997613,31685.603980099502,33394.679180044455,12.397999999993772,37874.00597014926,37603.019017041246,12.150999999998021,49335.928358208956,48769.2894183602,7.597999999998137,47987.08855721393,48341.714003457644,7.302000000003318,42368.06368159204,41541.710815230086
7.049999999995634,36774.81393034826,36915.93179163747,8.148999999997613,36114.59502487562,38664.27470217239,7.298000000002503,34940.87960199005,35836.2139686989,10.5,30836.600995024877,32463.506657323054,8.998999999996158,30565.74726368159,33492.87736510161,7.850000000005821,29732.323555555555,32024.36813828545,8.5,38815.87263681592,39379.82340574632,8.747999999999593,39578.42488888889,43238.46204157907,19.949000000000524,45177.04278606965,45503.94072610521,8.450000000004366,19534.455721393035,19471.419115831068,9.650999999998021,37871.88855721393,38260.68658928131,8.599999999998545,22786.149253731342,21043.493208199554,8.699000000000524,32157.54825870647,33834.19906149666,12.497999999999593,37743.61791044776,37713.963941714006,12.250999999996566,49196.17910447761,48783.891614108856,7.648000000001048,47671.8328358209,47947.1711533712,7.400000000001455,43253.63582089552,42431.66736743751
7.098999999994703,36604.83184079602,36810.93576267227,8.199000000000524,36183.10049751244,38774.9030600327,7.349000000001979,34922.68258706468,35755.451530016355,10.55000000000291,30919.434825870645,32592.803550572295,9.098999999994703,30593.114427860695,33370.177061434246,7.899000000004889,30299.861333333334,32481.771548703575,8.550999999999476,38150.2407960199,39112.95117963093,8.847999999998137,39779.256888888885,43343.73837888344,20.299000000006345,45259.94029850746,45491.68288466288,8.551000000006752,20701.13432835821,20694.10521116325,9.69999999999709,38185.05870646766,38607.79846875772,8.650000000001455,23329.655721393035,21408.991849839465,8.798999999999069,32286.312437810946,34112.8693504569,12.548999999999069,38333.930348258706,38343.65028402075,12.298999999999069,49469.930348258706,48642.713384723196,7.7479999999995925,48097.4487562189,48503.255124722156,7.450000000004366,43830.62288557214,42994.95631861714
7.1489999999976135,36883.47064676617,36909.824807288016,8.250999999996566,36452.09154228856,39064.29712683953,7.398000000001048,34955.749253731345,35813.99486101378,10.650000000001455,30645.142288557214,32357.01938799346,9.150999999998021,30556.76815920398,33428.3055360897,8.0,29972.849777777777,32323.860780191542,8.650000000001455,38620.4815920398,39295.61130576968,8.898000000001048,40581.57511111111,44004.86989021257,20.64900000000489,45215.41094527363,45380.0978019264,8.60000000000582,20942.407960199005,20949.840454433193,9.799999999995634,39027.58208955224,39471.34403556434,8.75,24154.730348258705,22462.423314398617,9.05000000000291,33196.386069651744,35046.41343541615,12.69999999999709,37571.0407960199,37399.93479871573,12.398999999997613,49768.86766169154,49289.36229852838,7.797999999995227,47496.91542288557,46852.69054087429,7.5,44253.882587064676,43781.13151132913
7.248999999996158,36672.30248756219,36853.75192711983,8.351000000002387,36216.10348258707,38733.27540294324,7.448000000003958,34953.66368159204,35779.864517636066,10.702000000004773,30761.71144278607,32343.276804484933,9.199000000000524,30459.733333333334,33166.79654286382,8.05000000000291,29626.069333333333,31754.595655220743,8.756000000001222,38662.51144278607,39359.80939032936,8.997999999999593,40097.52177777778,43762.847932726,20.749000000003434,45251.884577114426,45583.438873795996,8.650000000001455,21654.4,21595.30945912571,9.849999999998545,39391.80895522388,39570.56063225488,8.849999999998545,24864.811940298507,22647.05359347987,9.150000000001455,33983.012935323386,35336.46826376883,12.997999999999593,37749.63582089552,37636.461348481105,12.498999999996158,49369.95024875622,48767.59261854707,7.847999999998137,48284.65671641791,48574.47073351445,7.6010000000023865,44580.50547263682,43730.80682083625
7.348999999994703,36773.17412935323,36970.83111422565,8.449000000000524,36442.85771144278,38949.41555711282,7.4980000000068685,35028.87164179105,35847.837421163276,10.802000000003318,30869.269651741295,32383.233823872928,9.25,30503.05273631841,33363.105816398034,8.101000000002387,29935.928888888888,32148.540995094605,8.851000000002387,38878.933333333334,39513.23896285915,9.048000000002503,39744.36977777778,43242.67040411119,20.89900000000489,45144.37412935324,45222.255371696716,8.701000000000931,22056.390049751244,22063.367745122254,9.951999999997497,39739.59004975124,40087.962459866634,8.900999999998021,25332.569154228855,23668.19659175105,9.351000000002387,34274.81791044776,35916.93751543591,13.250999999996566,37690.49154228856,37740.6885650778,12.699000000000524,49768.294527363185,49237.20626021957,7.898000000001048,48157.15024875622,48647.33415658187,7.651000000005297,45015.13233830846,44629.60242933894
7.397999999993772,36717.13432835821,36877.36510161177,8.498999999996158,36152.99502487562,38828.01588413922,7.598000000005413,35081.2815920398,35868.2476056996,10.85000000000582,30885.619900497513,32551.88600794207,9.349999999998545,30351.63383084577,33325.23429105349,8.201000000000931,29966.890666666666,32197.079187105817,8.900000000001455,38521.249751243784,39165.42116327961,9.097999999998137,39808.0,43520.28030833917,21.249000000003434,45029.22189054726,45080.15213632996,8.80000000000291,23124.967164179103,23111.377624104716,10.0,40024.13532338308,40368.19362805631,8.94999999999709,25736.055721393033,24246.37787107928,9.548999999999069,34644.18706467662,36412.90590269202,13.39999999999418,37778.86567164179,37719.25117312917,12.800999999999476,49464.50149253731,48824.30833917309,7.9979999999995925,48179.74129353234,48701.33662632749,7.75,45499.430845771145,44894.03784162579
7.44999999999709,36635.04875621891,36931.67390796543,8.599000000001979,36264.03980099502,38811.35809390329,7.648000000001048,35009.018905472636,35880.7792571829,10.901000000005297,30912.57313432836,32543.72342910535,9.398999999997613,30597.97014925373,33602.291053492176,8.301000000006752,30079.104,32353.222144358795,9.001000000003842,38838.28855721393,39477.52394300397,9.148000000001048,39607.296,43245.09600560617,21.35000000000582,45577.201990049754,45761.0669301062,8.852000000006228,23571.86865671642,23593.104470239567,10.051999999996042,40568.32636815921,40958.447023956534,9.0,26190.360199004976,24528.48604593727,9.648000000001048,34942.981094527364,36812.332921709065,13.64999999999418,37371.016915422886,37249.37910595209,12.849000000001979,49146.8736318408,48578.31347815931,8.047999999995227,48643.05671641791,48851.96344776488,7.800999999999476,45866.571144278605,45289.31744919411
7.547999999995227,36662.73432835821,37005.551973837886,8.648999999997613,36160.49353233831,38831.69352954917,7.698000000003958,34951.49850746269,35865.579070310676,11.05000000000291,30961.273631840795,32450.504087829948,9.498999999996158,30423.641791044774,33250.04064470918,8.35000000000582,30076.47288888889,32095.615043214202,9.05000000000291,38857.82288557214,39518.39663629993,9.247999999999593,39729.109333333334,43484.22144358794,21.5,44826.65074626866,45152.87725364287,8.901000000005297,24252.67263681592,24183.13262533959,10.099999999998545,40924.54527363184,41378.84514694986,9.099999999998545,27047.625870646767,25622.030130896517,9.699000000000524,35039.09253731343,36722.63571252161,13.897999999993772,38417.655721393035,38268.33687330205,13.048999999999069,49051.749253731345,48506.09110021023,8.148000000001048,48441.96616915423,48882.12200543344,7.850000000005821,46921.17014925373,46391.40014015417
7.597999999998137,36687.26766169154,36908.785797710814,8.748999999996158,36241.95820895522,38814.81149264191,7.7480000000068685,35076.250746268655,36046.377949077316,11.101000000002387,30678.4,32455.299229152068,9.550999999999476,30824.51741293532,33549.454800280306,8.401000000005297,29966.222222222223,32273.39406680682,9.11699999999837,38565.7631840796,39269.333333333336,9.349000000001979,39498.652444444444,43171.77481896753,21.64900000000489,44935.45074626866,45069.921462089405,9.0,24925.213930348258,24829.474932081994,10.19999999999709,41224.071641791044,41357.04420844653,9.19999999999709,27531.653731343282,26185.55495183996,9.847999999998137,35476.64875621891,36540.131390466784,14.050999999999476,37642.618905472635,37605.93924425784,13.199000000000524,48976.3184079602,48442.81242700304,8.247999999999593,48629.77910447761,49152.75475426031,7.902000000001863,46009.4407960199,45315.65895818734
7.647999999993772,36556.44975124378,36959.52534454567,8.798999999999069,36278.41592039801,38812.72599859846,7.848000000005413,35259.605970149256,36045.98551740248,11.200000000004366,30853.95422885572,32446.288250408783,9.648999999997613,29866.634825870646,32779.38425601495,8.450000000004366,30158.02311111111,32409.33987386125,9.200000000004366,38741.63582089552,39407.11422564821,9.398000000001048,39779.37066666667,43424.75496379351,21.75,44978.292537313435,45192.87132625339,9.052000000003318,25420.43383084577,25353.42059767844,10.25,41670.57512437811,41822.850086441096,9.299999999995634,28414.200995024876,27082.811558409485,9.949000000000524,35527.22786069652,37419.69671523833,14.5,37514.33233830846,37591.90713756483,13.451000000000931,48776.05572139304,48383.91030133147,8.297999999995227,48575.26766169154,48877.03235366757,7.950000000004366,46696.421890547266,46088.506423732775
7.75,36743.259701492534,36970.22191076851,8.851000000002387,36173.070646766166,38904.883905629526,7.898000000001048,35277.022885572136,36058.879701004436,11.25,30655.88855721393,32404.90726465779,9.699000000000524,31029.683582089554,33806.18733940668,8.549000000006345,29989.447111111112,32250.741415557113,9.300999999999476,38883.43880597015,39501.41742583508,9.497999999999593,39693.980444444445,43313.595888811025,21.89900000000489,44982.09751243781,45104.10669301062,9.101000000002387,25759.554228855723,25797.89182514201,10.301999999996042,41451.605970149256,41874.212892072115,9.400000000001455,29107.72537313433,27990.630773030378,9.997999999999593,35767.96019900498,37449.71696715238,14.697999999996682,37592.45373134328,37492.48900963201,13.650000000001455,48859.76517412935,48508.101845363235,8.347999999998137,48468.63283582089,48903.108915781675,8.05000000000291,47161.83880597015,46525.50712450362
7.797999999995227,36725.63582089552,36947.748656855874,8.898999999997613,36349.436815920395,38910.29946274235,7.949000000000524,35096.708457711444,36068.04391497314,11.35000000000582,30826.15721393035,32385.386591917777,9.75,30440.119402985074,33397.269796776454,8.64900000000489,30265.130666666668,32350.437748189674,9.349999999998545,38672.82786069652,39337.75846764775,9.597999999998137,39745.64977777778,43295.33473487503,21.950000000004366,44925.77114427861,44999.436897999505,9.152000000001863,26462.662686567164,26397.775253148924,10.349999999998545,41515.95621890547,41861.334650531,9.500999999996566,29536.62089552239,28589.245739688813,10.048999999999069,36010.12537313433,37429.27537663621,15.197999999996682,37662.981094527364,37539.57619165226,13.799999999995634,48774.89353233831,47956.15230086428,8.398999999997613,48703.3631840796,49339.81526302791,8.10000000000582,47602.75422885572,46891.21607101145
7.848999999994703,36647.339303482586,36971.38799345947,9.000999999996566,36437.26965174129,38981.20252277505,7.9980000000068685,35127.94427860696,35988.787666433076,11.400000000001455,30669.45273631841,32213.935061901426,9.798999999999069,30434.70646766169,33182.052791403876,8.699000000000524,29976.376888888888,32313.141789301564,9.400000000001455,38871.387064676615,39708.09437047419,9.69999999999709,39492.08177777778,42891.91871058164,22.09900000000198,45047.530348258704,45297.90071622623,9.252000000000407,27373.24577114428,27439.695727340084,10.44999999999709,42151.1960199005,42175.16621387997,9.601999999998952,30122.953233830845,29234.93603358854,10.148999999997613,35774.153233830846,37435.58607063472,15.39999999999418,37367.59402985075,37221.06989380094,13.949000000000524,48947.74129353234,48253.701471618784,8.498999999996158,48650.90547263682,49123.78562608051,8.200000000004366,47480.979104477614,47038.220976407385
7.897999999993772,36661.1263681592,36977.83134781593,9.048999999999069,36273.91044776119,38879.62999299229,8.048000000002503,35007.21990049751,36029.56318617146,11.501000000003842,30913.162189054725,32522.827376781126,9.898999999997613,30450.308457711442,33373.55571128241,8.75,30218.524444444443,32676.817565989255,9.450000000004366,38518.04975124378,39210.341508993224,9.747999999999593,39335.65155555555,42733.7052090633,22.901000000005297,44582.09751243781,44826.20301308965,9.352000000006228,28201.93432835821,28313.230921215116,10.5,42286.407960199,42493.3603358854,9.69999999999709,30885.221890547262,29824.897011607805,10.199000000000524,36072.660696517414,37648.098789824646,15.497999999999593,37140.09154228856,37080.25487774759,13.998999999996158,49096.421890547266,48735.06937631394,8.547999999995227,48683.76517412935,48922.084465300075,8.30000000000291,47746.80199004975,47112.67460873628
7.9979999999995925,36854.113432835824,37088.153235225414,9.099000000001979,36393.79104477612,38964.04765241766,8.148000000001048,35517.78706467662,36255.54403176828,11.55000000000291,30618.268656716416,32292.71665498715,9.998999999996158,30286.471641791046,33098.74141555711,8.85000000000582,30016.369777777778,32008.947442186403,9.5,38566.27263681592,39348.93342676944,9.798000000002503,39423.30311111111,43011.617846297595,23.150000000001455,44668.46567164179,44820.67868609533,9.400000000001455,28762.921393034827,28777.68140281551,10.549999999995634,42400.97114427861,42529.7703136577,9.799999999995634,31388.97512437811,30686.375895282785,10.249000000003434,35870.933333333334,37616.569029389975,15.597999999998137,37254.81393034826,37149.6132378365,14.099000000001979,48981.062686567166,48437.74071478626,8.597999999998137,48901.476616915425,49141.22795752037,8.400000000001455,48512.70049751244,47962.5209063303
8.049999999995634,36898.388059701494,37180.44569025929,9.150000000001455,36311.880597014926,38947.19177762205,8.248000000006869,35079.10049751244,35942.050922681614,11.602000000006228,30842.475621890546,32426.476056996027,10.050999999999476,30222.137313432835,33061.695865452,8.950000000004366,30205.25511111111,32320.407381452933,9.552000000003318,38604.704477611944,39321.40714786265,9.898999999997613,39470.592,42891.98972202757,23.80000000000291,44630.017910447765,44637.49864163991,9.501000000003842,29670.925373134327,29885.968881205237,10.599999999998545,42885.4447761194,43098.24252901951,9.849999999998545,31320.199004975126,30519.95850827365,10.349000000001979,35993.39303482587,37598.55766856014,15.747999999999593,37264.09552238806,37239.93479871573,14.148999999997613,48556.49751243781,47966.72179397337,8.648000000001048,49011.37512437811,49278.39170165473,8.450000000004366,48412.19502487562,47939.68138285448
8.097999999998137,36761.67960199005,36946.227516935294,9.199000000000524,36548.90348258706,39027.25531417893,8.348000000005413,35194.157213930346,36072.89138051857,11.702000000004773,30709.556218905473,32248.74188273768,10.150000000001455,30183.148258706467,33127.811259051625,9.05000000000291,30686.32177777778,32393.444522307873,9.652000000001863,38130.21293532338,38863.600093436115,9.947999999996682,39807.744,43340.15043214202,24.050999999999476,44159.28358208955,44614.19609780193,9.601000000002387,30746.380099502487,30855.456655964437,10.650000000001455,42837.842786069654,42976.42677204248,9.951999999997497,31776.923383084577,31126.393677451222,10.448000000003958,36425.77512437811,37641.088663867624,15.94999999999709,37116.81592039801,37106.532971103974,14.248999999996158,48585.37711442786,48116.3055360897,8.747999999999593,48755.45472636816,49181.66856013831,8.550999999999476,48739.6776119403,48093.97804251343
8.14999999999418,36758.32039800995,37159.6729736043,9.298999999999069,36337.71940298507,38851.053492174724,8.398000000001048,35172.76019900497,35978.04625087597,11.802000000003318,30526.471641791046,32143.3795842093,10.199000000000524,30286.933333333334,33082.274234991826,9.099000000001979,30072.192,32411.67951413221,9.75,38499.53432835821,39057.48002803083,9.997999999999593,39903.08977777778,43338.86475122635,24.400000000001455,44224.01592039801,44331.15534699926,9.651000000005297,31049.20199004975,31336.543344035563,10.701000000000931,42903.86467661692,43020.24203507039,10.049999999995634,32428.003980099504,31535.517905655717,10.499000000003434,35977.85472636816,37688.626327488266,16.097999999998137,37143.164179104475,36887.32230180292,14.299999999995634,48198.09751243781,47795.95047886008,8.797999999995227,48911.60199004975,49173.848357619165,8.60000000000582,48519.45074626866,47860.43260920346
8.25,36800.159203980096,37053.52954917075,9.351000000002387,36444.19502487562,39000.3943003971,8.448000000003958,35199.156218905475,35980.733473487504,11.851000000002387,30703.93631840796,32168.446624620417,10.298999999999069,30257.416915422884,33044.98575099276,9.199000000000524,30159.431111111113,32277.983648680216,9.802000000003318,38690.77014925373,39268.27563653352,10.097999999998137,39731.41333333333,43328.34010745153,24.699000000000524,44380.08358208955,44702.782909360336,9.75,32043.319402985075,32359.555445789083,10.799999999995634,43053.42089552239,43133.206223758956,10.150000000001455,32895.55422885572,31774.70387750062,10.548999999999069,36257.4487562189,37755.16720177822,16.148999999997613,37106.610945273635,36967.54754260311,14.398999999997613,48856.31044776119,48246.22658257416,8.847999999998137,49114.523383084575,49333.710051864655,8.700000000004366,49139.5184079602,48700.13921980846
8.297999999995227,36699.09651741294,36996.38775986919,9.398999999997613,36536.21492537313,38965.73323989722,8.548000000002503,35129.6,35926.17052090633,12.0,30221.48457711443,31697.19598224714,10.349999999998545,30258.212935323383,32897.17729502453,9.25,30169.79911111111,32480.34384489605,9.952000000004773,38384.30248756219,39193.14926419061,10.197999999996682,39048.97422222222,42625.22961924784,24.851000000002387,44167.800995024874,44257.9086194122,9.802000000003318,32558.041791044776,32686.84613484811,10.851999999998952,43081.47263681592,43280.91281797975,10.25,33175.705472636815,32297.084712274635,10.648999999997613,36490.252736318405,37789.66856013831,16.247999999999593,37039.26766169154,36867.72240059274,14.449000000000524,48608.25472636816,48115.1992525111,8.949000000000524,49017.4407960199,49438.82637688318,8.75,48822.67064676617,48405.1763606634
8.347999999998137,36879.45870646766,37322.008876430744,9.449000000000524,36374.44776119403,38834.73207194581,8.598000000005413,35051.605970149256,35906.82924550339,12.10000000000582,30688.445771144277,32242.698434945105,10.451000000000931,30366.439800995024,33203.86078019154,9.301000000006752,30118.613333333335,32230.465779023594,10.052999999999884,38319.71343283582,38990.377949077316,10.298000000002503,39415.594666666664,42898.1602429339,24.950000000004366,44220.019900497515,44259.16522598173,9.851000000002387,32986.77810945274,33209.14793776241,10.900000000001455,43402.95323383085,43271.65423561373,10.299999999995634,33354.76218905472,32677.91948629291,10.749000000003434,36241.926368159206,37864.630279081255,16.297999999995227,37721.69552238806,37514.09632007903,14.500999999996566,48401.528358208954,47928.768044849334,9.048999999999069,48823.08457711443,49139.935786613976,8.80000000000291,49440.49353233831,49184.28778322822
8.448999999993248,36695.99203980099,37103.08432609204,9.548999999999069,36065.305472636814,38546.35832749357,8.698000000003958,35191.49850746269,36033.420228918476,12.201000000000931,30531.852736318408,32126.632095304834,10.498999999996158,30212.951243781095,33003.862648913804,9.400000000001455,30124.8,32479.62625554777,10.103000000002794,38406.86169154229,39148.98761971502,10.347999999998137,38895.189333333336,42421.87900023359,25.10000000000582,44320.525373134325,44476.34477648802,9.902000000001863,33471.379104477615,33725.53815756977,11.0,43596.25870646766,43896.16003951593,10.400000000001455,34000.09552238806,33129.262533959,10.80000000000291,36283.03283582089,37892.83279822178,16.347999999998137,36829.69154228856,36689.102494443076,14.60099999999511,48218.22089552239,47736.60733473487,9.097999999998137,48902.798009950246,49276.534452951346,8.85000000000582,48979.8368159204,48313.84442887176
8.497999999999593,36798.296517412935,37080.655921513666,9.650999999998021,36340.441791044774,38815.53281943471,8.748000000006869,35093.41293532338,35983.63746788134,12.25,30594.99303482587,32232.106517168886,10.650999999998021,30313.34527363184,32988.04952113992,9.5,30069.717333333334,32271.394533987386,10.154999999998836,38387.884577114426,39048.928754963796,10.398999999997613,39209.48622222222,42717.23055360897,25.20100000000093,44284.83184079602,44521.18350209928,10.002000000000407,34390.44776119403,34561.40676710299,11.099999999998545,43584.41393034826,43834.12793282292,10.451999999997497,34268.3223880597,32996.10175351939,10.851000000002387,36771.10447761194,37988.17288219313,16.447999999996682,36977.24179104478,36974.45097554952,14.648999999997613,48240.11144278607,47567.697266993695,9.199000000000524,49067.12835820895,49372.25784144233,8.950000000004366,49336.740298507466,48801.83134781593
8.547999999995227,36861.96218905473,37024.489605232426,9.748999999996158,36393.40895522388,38951.00770847933,8.798000000002503,35243.797014925374,36007.62812427003,12.351000000002387,30537.90248756219,32091.171221677178,10.699000000000524,30310.36815920398,33142.60780191544,9.55000000000291,30298.595555555556,32465.693062368606,10.254000000000815,38543.28358208955,39000.33450128475,10.497999999999593,39434.894222222225,42935.26185470684,25.300999999999476,44156.54527363184,44405.09360335885,10.05000000000291,34637.070646766166,34955.10792788343,11.150999999998021,43819.192039801,44108.17485798963,10.551999999996042,34512.85970149254,33041.66757224006,10.898999999997613,36660.298507462685,37947.04075080267,16.647999999993772,37114.82587064677,36990.980489009635,14.75,48409.2815920398,47787.5262789068,9.25,48716.13134328358,49119.304519634476,9.0,49427.43880597015,48931.240364400845
8.647999999993772,37198.58308457711,37433.45947208596,9.800999999999476,36505.67960199005,38963.65522074282,8.898000000001048,35310.5512437811,36090.32655921514,12.450000000004366,30585.10646766169,32082.563886942302,10.75,30330.555223880598,33040.89698668535,9.650000000001455,30323.456,32432.056061667834,10.304000000003725,38226.244776119405,38952.8465311843,10.597999999998137,39210.268444444446,42657.34548002803,25.34900000000198,44241.78308457712,44358.74141763398,10.102000000006228,35208.91542288557,35427.4813534206,11.201000000000931,43935.85671641791,43935.628550259324,10.652000000001863,35159.530348258704,33822.320572980985,10.999000000003434,36698.60298507463,38080.86539886392,16.747999999999593,36871.37114427861,36676.83674981477,14.799999999995634,48229.07860696517,47646.28451296426,9.349000000001979,48793.67960199005,49185.53321807854,9.05000000000291,49194.666666666664,48964.92968932493
8.698999999993248,36892.51343283582,37000.95117963093,9.898999999997613,36217.45671641791,38349.14085494044,8.948000000003958,35143.46666666667,36005.02312543798,12.501000000003842,30625.241791044777,32095.177762205094,10.798999999999069,30186.523383084575,32891.88881102546,9.700000000004366,30263.082666666665,32325.826676010278,10.450000000004366,38428.19502487562,38980.066339640274,10.648000000001048,39440.99555555556,42898.9152067274,25.59900000000198,43791.3631840796,44106.3018029143,10.202000000004773,35983.12437810945,36406.75722400593,11.301999999996042,44643.78905472637,44947.224499876516,10.752000000000407,35578.36417910448,34567.85181526303,11.05000000000291,36954.746268656716,38527.363793529265,16.89999999999418,36955.8288557214,36751.707582119045,14.900000000001455,47990.14527363184,47519.600093436115,9.398000000001048,49314.53134328358,49674.78784885157,9.10000000000582,50433.14626865672,49738.24059799112
8.747999999999593,36777.1223880597,37015.97196916608,9.94999999999709,36428.8,38775.04134548003,8.998000000006869,35249.83084577115,36106.71899088998,12.601000000002387,30517.667661691543,32096.441018453632,10.898999999997613,30009.99800995025,32799.95141322121,9.80000000000291,30172.060444444443,32257.917309039945,10.5,38217.67960199005,38837.60616678346,10.697999999996682,39462.272,42829.26419060967,25.699000000000524,43847.307462686564,44142.47863670042,10.302000000003318,36754.244776119405,37130.72857495678,11.349999999998545,44413.05472636816,44533.60731044703,10.799999999995634,36466.64278606965,35418.934057792045,11.150000000001455,36824.421890547266,37999.32427759941,17.047999999995227,36835.3592039801,36828.69646826377,15.400999999998021,48015.29950248756,47443.423499182434,9.447999999996682,48522.58706467662,48619.811311434925,9.151000000005297,49396.473631840796,48883.77855641206
8.847999999998137,36989.21393034826,37118.792805419296,9.998999999996158,36380.8,38899.06096706377,9.048000000002503,35325.070646766166,35993.31744919411,12.702000000004773,30334.487562189053,31937.065171688857,11.050999999999476,30237.580099502487,33022.957252978274,9.852000000006228,30126.90488888889,32253.34641438916,10.55000000000291,38112.55721393035,38759.818733940665,10.798000000002503,39084.06044444445,42562.00327026396,25.799000000006345,43989.556218905476,44022.95480365522,10.35000000000582,37020.68855721393,37466.084465300075,11.451000000000931,44598.09751243781,44801.52926648555,10.900000000001455,36060.115422885574,35236.97505556927,11.247999999999593,36324.50547263682,37909.42158557669,17.397999999993772,36614.33631840796,36570.45986663373,15.699000000000524,47798.25671641791,47344.35879467414,9.547999999995227,49246.153233830846,49463.381575697706,9.200000000004366,50333.54825870647,49882.599392665266
8.897999999993772,36719.522388059704,37052.28871758935,10.099999999998545,36472.81990049751,38825.481896753095,9.098000000005413,35297.49651741293,36091.30203223546,12.75,30611.789054726367,32101.415557112825,11.199000000000524,30215.211940298508,32923.152534454566,9.951000000000931,30083.456,32233.758467647745,10.650000000001455,38421.49253731343,39219.41228684887,10.847999999998137,39284.62222222222,42870.536790469516,25.89900000000489,43811.661691542286,43977.12027661151,10.450000000004366,37738.8736318408,38204.94541862188,11.549999999995634,44935.67363184079,44837.75747098049,10.94999999999709,36671.98407960199,35675.41615213633,11.349000000001979,36673.305472636814,38259.28772536429,17.697999999996682,37199.34726368159,37030.646579402324,15.998999999996158,48025.07462686567,47453.948142957255,9.69999999999709,49817.69552238806,49819.28179797481,9.30000000000291,49990.60696517413,49517.30903994394
8.947999999996682,36830.53532338308,37050.69656622285,10.148999999997613,36390.65472636816,38927.080588647514,9.198000000003958,35207.976119402985,35959.635599159075,12.85000000000582,30498.021890547265,31801.91170287316,11.298999999999069,29913.04278606965,32757.075449661294,10.05000000000291,30068.835555555557,32080.53445456669,10.700000000004366,37992.883582089555,38551.082457369776,10.947999999996682,39084.40177777778,42575.58888110254,25.999000000003434,44010.396019900494,44254.07162262287,10.50300000000425,38183.81691542289,38570.83921956039,11.603000000002794,44634.841791044775,44743.54754260311,11.049999999995634,36503.928358208956,36009.290195109905,11.398999999997613,36546.16517412935,38116.39021980736,18.297999999995227,36584.62885572139,36508.42380834774,16.20100000000093,47926.38407960199,47293.59308572763,9.849000000001979,48764.25870646766,49074.84119535688,9.352000000006228,50103.96019900498,49506.54146227517
9.049999999995634,36518.25671641791,37073.947208596124,10.19999999999709,36594.515422885575,39077.639803784165,9.248000000006869,35157.17412935323,35912.95117963093,12.900000000001455,30600.99502487562,32055.75893482831,11.398999999997613,30047.347263681593,32732.475589815465,10.10000000000582,30185.984,32361.949077318382,10.75,38078.10547263682,38692.832515767346,10.997999999999593,39232.35555555556,42664.98855407615,26.14900000000489,43883.255721393034,44167.176092862435,10.551000000006752,38436.075621890544,38721.169671523836,11.69999999999709,44986.475621890546,45206.69399851815,11.099999999998545,36622.662686567164,36177.616201531244,11.499000000003434,36756.21890547263,38382.9607310447,19.247999999999593,36259.13631840796,35998.842183255125,16.34900000000198,48086.62288557214,47463.456201822,9.900000000001455,48768.60497512438,48981.95505062978,9.400000000001455,49544.27860696518,49156.92221443588
9.097999999998137,36862.073631840794,37225.96028965195,10.298999999999069,36414.18507462687,38956.45316514833,9.348000000005413,35128.91542288557,35936.26162111656,13.0,30401.576119402984,31962.049988320487,11.44999999999709,30058.602985074627,32723.49824807288,10.199000000000524,29934.663111111113,31941.355758000467,10.80000000000291,38091.04875621891,38640.945573464145,11.097999999998137,39152.64,42585.59402008876,26.200000000004366,43917.532338308454,44139.55050629785,10.652000000001863,39258.571144278605,39822.379846875774,11.799999999995634,45038.153233830846,45059.931835020994,11.19999999999709,36776.94726368159,36428.60953321808,11.548999999999069,37031.657711442786,37989.061990614966,19.348999999994703,36459.78109452737,35993.26648555199,16.59900000000198,47270.113432835824,46929.52861480963,10.0,48976.27064676617,49297.37120276612,9.5,50140.51343283582,49755.511329128705
9.14999999999418,36686.296517412935,37041.726699369305,10.349999999998545,36453.22189054726,39036.25881803317,9.398000000001048,35188.569154228855,35959.0861948143,13.10000000000582,30401.544278606965,32018.83672039243,11.498999999996158,30220.75223880597,32888.42419995328,10.25,30217.486222222222,32446.83391730904,10.849999999998545,38581.014925373136,39348.9595888811,11.148000000001048,39226.76622222222,42524.44942770381,26.45100000000093,43840.429850746266,44064.87725364287,10.700000000004366,39376.620895522385,39794.26426278093,11.851999999998952,45232.60497512438,45153.72684613485,11.25,36763.94029850746,36743.38552729069,11.699000000000524,36792.708457711444,38077.795011113856,19.49899999999616,36541.21393034826,36256.45838478637,16.70100000000093,47500.56119402985,47050.124737210936,10.047999999995227,48922.63482587065,49042.56853544085,9.55000000000291,49827.5184079602,49276.96519504789
9.25,36934.62288557214,37179.978509693996,10.398999999997613,36437.58805970149,38862.66199486102,9.498000000006869,35380.09154228856,36273.973370707776,13.150000000001455,30241.194029850747,31841.461340808222,11.648999999997613,30099.34328358209,32893.936930623684,10.35000000000582,29990.129777777776,31981.178229385656,10.900000000001455,37456.70049751244,38257.89488437281,11.197999999996682,39392.36977777778,42997.53515533754,26.59900000000198,43728.41393034826,44058.799703630524,10.752000000000407,39546.666666666664,39904.035564336875,11.94999999999709,45384.18308457711,45466.65349469005,11.351999999998952,37323.59004975124,37233.49370214868,11.75,36511.50646766169,38067.80933563843,19.597999999998137,36239.570149253734,35966.901457149914,16.74899999999616,47738.618905472635,47065.21280074749,10.148000000001048,48794.443781094524,48969.83156334898,9.650000000001455,50097.751243781095,49802.124737210936
9.298999999999069,36733.73930348259,37133.604298061204,10.498999999996158,36354.8815920398,38847.40948376548,9.548000000002503,35139.6776119403,35881.85564120533,13.202000000004773,30686.694527363183,32293.030600327027,11.699000000000524,30274.67462686567,32952.80168185003,10.450000000004366,30062.72,32279.616911936464,10.953000000001339,37896.37412935324,38674.877832282174,11.447999999996682,38612.110222222225,42144.23545900491,26.699000000000524,43517.00696517413,43815.45665596444,10.852000000006228,40444.81592039801,41085.186465794024,12.050999999999476,45382.03383084577,45467.83502099284,11.400000000001455,37288.469651741296,37245.43936774512,11.849999999998545,36698.14129353234,37948.08001975797,19.697999999996682,36212.95124378109,36204.29735737219,16.84900000000198,47799.54626865672,47228.80822237795,10.248999999996158,48880.39800995025,49303.68189676463,9.700000000004366,50235.701492537315,49853.81733239897
9.348999999994703,36833.36915422886,37215.64494277038,10.548999999999069,36469.572139303484,38766.194814295726,9.648000000001048,35093.71542288557,35975.590749824805,13.300999999999476,30373.779104477613,31796.93716421397,11.798999999999069,30030.200995024876,32777.99392665265,10.549000000006345,30090.695111111112,32084.395234758234,11.0,38518.41592039801,39160.83531885074,11.548000000002503,39047.552,42243.976640971734,26.799000000006345,43803.526368159204,43956.90392689553,10.900000000001455,40692.77611940299,41246.968634230674,12.201000000000931,45676.65671641791,45610.7799456656,11.451999999997497,37422.837810945275,37703.20770560632,11.898999999997613,36486.90945273632,38100.89997530254,19.747999999999593,36366.31243781094,36088.51963447765,17.000999999996566,47488.573134328355,46945.06890913338,10.349999999998545,48781.18208955224,49043.56038528032,9.75,49792.6368159204,49457.92852137351
9.44999999999709,36772.744278606966,36983.59822471385,10.599000000001979,36594.96119402985,38923.88507358094,9.748000000006869,35210.396019900494,35947.27960756832,13.35000000000582,30081.910447761195,31603.8196683018,11.849999999998545,30047.219900497512,32594.193879934595,10.60000000000582,30024.803555555554,32065.82761037141,11.099999999998545,37872.78009950249,38594.36580238262,11.648000000001048,38912.782222222224,42478.83765475356,26.949000000000524,43850.33233830846,43962.266238577424,11.0,40831.18805970149,41585.78216843665,12.5,45754.90547263682,45463.51988145221,11.551999999996042,37478.54328358209,37698.98345270437,11.999000000003434,36884.53731343283,38319.830081501605,19.847999999998137,36111.41094527363,36009.93035317362,17.09900000000198,47341.94626865671,47032.02055594487,10.400000000001455,49177.201990049754,49098.49543097061,9.80000000000291,50133.110447761195,49559.10114459239
9.5,36655.33134328358,36936.93996729736,10.650999999998021,36479.80895522388,38862.83017986452,9.798000000002503,35092.50547263682,35917.38005138986,13.501000000003842,30423.721393034826,31817.526746087362,11.951000000000931,29951.15621890547,32704.20555944873,10.699000000000524,30214.912,32270.65451997197,11.151000000005297,37836.91144278607,38554.84606400374,11.697999999996682,38937.628444444446,42122.25928521374,27.050999999999476,43685.428855721395,43837.16670782909,11.051000000006752,41199.90447761194,41686.59125710052,12.94999999999709,45782.35223880597,45858.56458384787,11.69999999999709,37463.928358208956,38048.74289948135,12.048999999999069,36655.21990049751,38381.190417387006,19.947999999996682,36342.19303482587,36148.84465300074,17.29899999999907,47481.71144278607,46742.256482130346,10.5,48298.04577114428,48763.61373178563,9.900000000001455,50001.846766169154,49575.62812427003
9.599999999998545,36604.89552238806,37031.71782293857,10.75,36327.753233830845,38815.43938332165,9.898000000001048,35107.613930348256,35925.50525578136,13.60000000000582,30375.721393034826,31895.116094370474,12.050999999999476,30088.390049751244,32734.000467180565,10.852000000006228,30131.56977777778,32080.934361130578,11.200000000004366,38083.26368159204,38782.73674375146,11.798000000002503,38986.325333333334,42403.40854940435,27.152000000001863,43697.432835820895,43952.91281797975,11.151000000005297,42155.71741293532,42830.976537416645,13.002000000000407,46020.250746268655,46098.74240553223,11.800999999999476,37978.90547263682,38633.349469004694,12.148999999997613,37061.34925373134,38228.540380340826,20.047999999995227,36464.843781094525,36337.683378612004,17.49899999999616,47394.658706467664,46932.70544265358,10.547999999995227,48993.480597014925,49042.51321313905,9.950000000004366,50069.333333333336,49412.38402242467
9.647999999993772,36934.63880597015,37126.01354823639,10.799999999995634,36404.68059701493,38826.55828077552,9.948000000003958,35246.28059701493,36050.720859612244,13.700000000004366,30477.24577114428,31862.405979911236,12.098999999994703,29902.567164179105,32649.7846297594,10.89900000000489,30002.688,32072.898855407617,11.25,37924.60099502488,38492.62508759635,11.847999999998137,38707.569777777775,42108.1130576968,27.199000000000524,43719.27562189055,43873.38700913806,11.202000000004773,41843.69353233831,42537.70116078044,13.099999999998545,45812.123383084574,45730.157569770316,11.849999999998545,38002.13333333333,38697.20326006421,12.25,36721.305472636814,38123.35687824154,20.097999999998137,36002.69054726368,35715.461595455665,17.648999999997613,46987.876616915426,46369.38285447325,10.648000000001048,48689.305472636814,49020.50284020746,10.0,50062.63084577114,49635.93552908199
9.69999999999709,36737.385074626865,37069.58934828311,10.851000000002387,36333.40497512438,38885.815463676714,9.998000000006869,35050.14129353234,35912.83531885074,13.75,30232.183084577115,31847.81873394067,12.199000000000524,29959.864676616915,32676.46624620416,10.951000000000931,29981.354666666666,32069.14646110722,11.302999999999884,37839.09253731343,38563.976640971734,11.947999999996682,38960.810666666664,42330.03877598692,27.299000000006345,43572.027860696515,43969.031365769326,11.302999999999884,42111.96815920398,42944.17387009138,13.201999999997497,45696.68457711443,45745.552976043466,11.94999999999709,37823.58606965174,38378.9182514201,12.298999999999069,36735.60199004975,37914.222771054585,20.147999999993772,36309.98606965174,35909.42158557669,17.74899999999616,47907.62985074627,47539.86825508059,10.75,48734.08955223881,48820.42183255125,10.10000000000582,50136.199004975126,49471.794440551275
9.798999999999069,36753.68756218906,36908.55033870591,10.94999999999709,36530.89751243781,38858.39757066106,10.048000000002503,35070.567164179105,35948.33356692362,13.85000000000582,30404.409950248755,31835.989722027563,12.298999999999069,30078.232835820894,32693.40808222378,10.999000000003434,30169.472,32040.898855407617,11.349999999998545,38024.8039800995,38767.57766876898,11.997999999999593,38764.98488888889,42099.79724363467,27.449000000000524,43623.46666666667,43902.921215114846,11.35000000000582,42651.00099502488,43040.38330451964,13.349999999998545,46043.03283582089,45747.72240059274,12.0,38227.59800995025,39076.0978019264,12.398999999997613,36963.47064676617,38013.35243269943,20.24899999999616,36418.21293532338,36279.81625092615,18.04899999999907,46924.94328358209,46365.753795842094,10.849000000001979,48371.59800995025,48457.811805384044,10.150000000001455,50169.21791044776,49658.939500116794
9.847999999998137,36853.651741293535,36987.54870357393,10.998999999996158,36434.54726368159,38835.105816398034,10.148000000001048,35105.337313432836,35862.895585143655,13.900000000001455,30295.418905472638,31725.20065405279,12.348999999994703,30132.394029850748,32679.88600794207,11.10000000000582,29988.096,32003.17309039944,11.400000000001455,38046.13731343284,38637.64540995094,12.048000000002503,38634.15466666667,42122.57696799813,27.55000000000291,43525.23781094528,43812.42183255125,11.401000000005297,42540.86368159204,43253.96295381576,13.5,45985.62388059701,46142.36008891084,12.101000000002387,38220.242786069655,38830.170412447515,12.499000000003434,36926.13731343284,38485.62706841195,20.347999999998137,36078.58308457711,36149.14102247469,18.09900000000198,47087.14029850746,46688.717589348285,10.898999999997613,48753.19402985075,49094.05779204742,10.25,49940.3144278607,49317.34828311142
9.89999999999418,36749.96218905473,37038.81149264191,11.050999999999476,36562.706467661694,38833.98832048587,10.248000000006869,35277.94626865671,36057.78089231488,14.002000000000407,30296.549253731344,31873.0390095772,12.44999999999709,29983.219900497512,32727.897220275638,11.14900000000489,30113.180444444446,32017.4576033637,11.5,37860.473631840796,38716.427003036675,12.148000000001048,38644.209777777774,42010.41999532819,27.64900000000489,43632.68457711443,43752.14423314398,11.501000000003842,42926.85373134328,43503.92887132625,13.652999999998428,46140.62487562189,46022.46875771796,12.19999999999709,38810.06169154229,39560.19165225982,12.55000000000291,36942.05771144279,37918.711780686586,20.447999999996682,36300.86368159204,35977.4601136083,18.150000000001455,47313.09850746269,46901.886475122636,10.998999999996158,48576.71641791045,48728.428747838974,10.30000000000291,50340.425870646766,49705.851903760806
9.948999999993248,36336.41393034826,36584.14389161411,11.148999999997613,36432.68457711443,38911.891614108856,10.298000000002503,34960.23880597015,35894.71992525111,14.101000000002387,30527.8407960199,31991.930857276337,12.498999999996158,29808.700497512436,32520.543798177994,11.25,29955.626666666667,32034.242466713386,12.150000000001455,37746.435820895524,38290.69096005606,12.247999999999593,38895.90044444444,42176.37000700771,27.700000000004366,43559.5144278607,43745.430476660906,11.601000000002387,43027.10447761194,43596.80711286738,13.799999999995634,45850.92139303483,45678.047913064955,12.25,37737.95024875622,38532.64312175846,12.699000000000524,36731.31940298507,38032.58088416893,20.497999999999593,35982.05771144279,35707.736231168186,18.24899999999616,46945.22587064677,46598.52557813595,11.049999999995634,48559.74527363184,48846.1467028896,10.35000000000582,50348.51343283582,49701.23989722028
10.050999999999476,36710.32039800995,36974.4414856342,11.199000000000524,36400.939303482584,38733.83228217706,10.400000000001455,35030.30447761194,35849.87059098342,14.200000000004366,30104.660696517414,31831.82247138519,12.550999999999476,29825.687562189054,32445.45853772483,11.30000000000291,30189.724444444444,31940.881102546133,12.30000000000291,37075.21592039801,37799.00023359028,12.298000000002503,38599.281777777775,41912.58117262322,27.749000000003434,44048.23880597015,44344.54334403556,11.700000000004366,43427.42288557214,44021.74956779452,13.94999999999709,46052.68059701493,45923.97530254384,12.349999999998545,38352.33432835821,39238.40948382317,12.75,36621.69154228856,38275.465547048654,20.647999999993772,36030.16915422885,35810.20894047913,18.349999999998545,47303.18009950249,46908.13174491941,11.150000000001455,48710.4,49089.51346011361,10.400000000001455,50309.98606965174,49722.53211866386
10.097999999998137,36688.78009950249,36960.74748890446,11.248999999996158,36278.65472636816,38815.66736743751,10.448000000003958,35056.6368159204,35841.4576033637,14.25,30282.332338308457,31914.33403410418,12.650000000001455,29719.848756218904,32473.040878299464,11.39900000000489,29977.07377777778,31854.650782527446,13.025000000001455,37154.83383084577,37884.58397570661,12.347999999998137,38975.232,42439.53095071245,27.84900000000198,43448.119402985074,43795.29562855026,11.80000000000291,43678.073631840794,44251.6216349716,14.049999999995634,45706.95323383085,45802.80365522351,12.400000000001455,38583.00497512438,39431.27488268708,12.849000000001979,37063.562189054726,37874.83329217091,20.697999999996682,36143.3631840796,35910.27908125463,18.398999999997613,47095.49850746269,46495.15907498248,11.197999999996682,48756.23482587065,48971.7046184243,10.5,50236.68855721393,49783.837421163276
10.148999999997613,36566.54328358209,36966.22658257416,11.349000000001979,36367.80895522388,38709.67344078486,10.548000000002503,35231.98407960199,35873.27446858211,14.35000000000582,29653.874626865672,31209.070777855643,12.699000000000524,29827.40696517413,32449.390329362297,11.450000000004366,30042.837333333333,32060.733473487504,13.10399999999936,37231.23582089552,38036.17472553142,12.447999999996682,38673.991111111114,42129.33426769447,27.949000000000524,43515.653731343285,43647.102988392195,11.851000000002387,43575.530348258704,44223.99209681403,14.299999999995634,46037.04676616915,45941.4452951346,12.5,38300.44975124378,39222.67028896024,12.948000000003958,36694.845771144275,38016.11459619659,20.79899999999907,36094.614925373135,35909.66263274883,18.54899999999907,46932.202985074626,46463.43190843261,11.349999999998545,48708.36218905473,48913.825635959496,10.60000000000582,50233.10646766169,49719.557112824106
10.19999999999709,36833.73532338309,37154.175192711984,11.398999999997613,36514.99303482587,38809.45199719691,10.64900000000489,35053.659701492536,35843.74118196683,14.450000000004366,30224.62089552239,31650.320953048355,12.748999999996158,29928.039800995026,32669.865919177762,11.549000000006345,29992.448,32026.36019621584,13.25,37369.21791044776,37964.96893249241,12.497999999999593,38690.73066666667,42247.897220275634,28.00100000000384,43478.73432835821,43766.80069152877,11.900000000001455,43824.87562189055,44533.20819955545,14.349999999998545,46272.68457711443,46136.88318103235,12.549999999995634,38466.75422885572,39462.70585329711,12.999000000003434,36442.60298507463,37870.02025191405,20.897999999993772,36098.41990049751,35998.79871573228,18.699000000000524,47466.10945273632,47115.54870357393,11.449000000000524,48167.73731343284,48524.739935786616,10.650000000001455,49785.66368159204,49171.78229385657
10.349999999998545,36839.27562189055,36970.405045550106,11.451000000000931,36553.74328358209,38897.56225181033,10.748000000006869,35004.75223880597,35801.4333099743,14.55000000000291,30084.441791044777,31511.57953749124,12.85099999999511,29985.544278606965,32455.971969166083,11.601000000002387,29562.197333333334,31397.916374678814,13.351999999998952,37401.66368159204,38091.855174024764,12.548000000002503,38576.19911111111,41928.910067741184,28.101000000002387,43475.90049751244,43582.111138552726,12.0,44055.45074626866,44846.86589281304,14.451000000000931,46055.10049751244,46136.51173129168,12.701999999997497,38472.612935323385,39546.83131637442,13.048000000002503,36835.31144278607,38143.25314892566,20.947999999996682,35852.76815920398,35543.81229933317,18.949000000000524,46105.53631840796,45524.443821537025,11.547999999995227,48309.98606965174,48580.90392689553,10.75,49924.28258706468,49625.21653819201
10.397999999993772,36711.753233830845,36857.87806587246,11.498999999996158,36246.60696517413,38735.53281943471,10.848000000005413,34995.05671641791,35759.09180098108,14.650000000001455,30186.173134328357,31711.738378883438,12.898999999997613,29896.039800995026,32517.475356225183,11.700000000004366,29849.002666666667,31849.66876897921,13.450000000004366,37441.99004975124,38237.97804251343,12.648000000001048,39214.15111111111,42502.44335435646,28.150000000001455,43699.90049751244,43585.12620400099,12.05000000000291,44252.41791044776,44894.775006174365,14.599999999998545,45961.249751243784,45831.79254136824,12.75,38579.07263681592,39566.47468510743,13.150000000001455,36736.82786069652,37888.893060014816,21.047999999995227,36081.73532338309,35855.774759199805,19.09900000000198,47161.74328358209,46591.86918944172,11.597999999998137,48567.45074626866,48902.16448505804,10.85000000000582,50087.1960199005,49462.74234991824
10.448999999993248,36663.800995024874,37052.47558981546,11.599000000001979,36268.78407960199,38786.77692128008,10.898000000001048,34956.3223880597,35720.43167484233,14.75,29971.12039800995,31522.21630460173,12.998999999996158,29766.38407960199,32401.70053725765,11.80000000000291,29865.65688888889,31944.461574398505,13.50300000000425,37081.83880597015,37640.30833917309,12.697999999996682,38097.00977777778,41386.55828077552,28.300999999999476,43308.59303482587,43580.89404791306,12.102000000006228,44562.03781094527,44981.259570264265,14.851000000002387,45853.389054726365,45937.4581378118,12.849999999998545,38326.4,39400.17979748086,13.25,36816.85970149254,38210.64361570758,21.097999999998137,35955.86865671642,35748.35860706347,19.29899999999907,46668.03582089552,46154.405045550106,11.650000000001455,48703.379104477615,48718.94887626574,11.0,50110.59900497513,49547.38799345947
10.548999999999069,36632.708457711444,36903.14225648213,11.650999999998021,36356.91940298508,38661.041812660595,10.948000000003958,34989.03880597015,35705.63886942303,14.85000000000582,29846.989054726368,31498.726465779022,13.048999999999069,30074.25273631841,32749.52581172623,11.849000000001979,30051.01511111111,31746.17145526746,13.552000000003318,37153.974129353235,38065.00911002103,12.748999999996158,38515.11466666667,41944.1924783929,28.401000000005297,43321.1223880597,43676.90590269202,12.150000000001455,44490.45970149254,45349.856260805136,15.049999999995634,45941.524378109454,45972.200543344035,12.900999999998021,38589.882587064676,39534.17831563349,13.347999999998137,36988.37014925373,38287.93282291924,21.197999999996682,35965.850746268654,35864.1956038528,19.74899999999616,46867.3592039801,46453.497780892314,11.75,48389.7631840796,48572.589775253145,11.30000000000291,50178.94527363184,49532.901658491006
10.597999999998137,36631.753233830845,36906.21817332399,11.699000000000524,36378.80995024875,38730.360196215835,10.998000000006869,35063.880597014926,35797.69960289652,14.902000000001863,29965.675621890547,31538.537724830647,13.148999999997613,29943.339303482586,32710.211632796076,11.950000000004366,29943.936,32010.16584910068,13.599999999998545,37188.50547263682,37910.72740014015,12.847999999998137,38604.88533333333,42029.89581873394,28.650000000001455,191.8407960199005,167.93479871573228,12.25,44457.01094527363,45316.90392689553,15.25,45926.431840796016,46038.377871079276,13.049999999995634,38622.67860696517,39642.017288219315,13.448000000003958,36335.26766169154,37804.11163250185,21.297999999995227,36055.05273631841,35627.91800444554,19.898999999997613,46659.0407960199,46205.81733239897,11.898000000001048,48225.46467661692,48367.703630526055,11.400000000001455,50591.64975124378,49977.47442186405
10.647999999993772,36738.0855721393,36925.14832982948,11.750999999996566,36278.97313432836,38647.0861948143,11.098000000005413,35035.016915422886,35742.3742116328,14.950000000004366,30029.198009950247,31593.42957252978,13.199000000000524,29786.34825870647,32425.238962859145,12.052000000003318,30037.447111111112,32007.097407147863,13.701000000000931,37326.344278606965,37928.06540527914,12.947999999996682,38360.12088888889,41729.050221910766,28.749000000003434,184.54925373134327,171.26599160286491,12.302000000003318,45066.95323383085,45843.51296616448,15.299999999995634,44689.592039801,44942.644603605826,13.099999999998545,38547.12039800995,39459.0308718202,13.548000000002503,36996.53731343283,37878.452951346015,21.397999999993772,35549.341293532336,35405.585576685604,20.398999999997613,46505.90248756219,45951.72716654987,11.997999999999593,48677.77910447761,49054.50629785132,11.5,50162.00597014926,49727.65989254847
10.75,36734.59900497513,36918.45830413455,11.849000000001979,36213.66766169154,38730.47979444055,11.148000000001048,35049.6,35775.0619014249,15.05000000000291,30093.818905472635,31403.75426302266,13.298999999999069,29695.458706467663,31575.72156038309,12.099000000001979,29892.451555555555,31972.81009110021,13.760999999998603,37133.72338308458,37922.97874328428,12.997999999999593,38504.54755555555,41869.13338005139,28.85000000000582,199.67363184079602,163.923931835021,12.400000000001455,44741.04676616915,45349.61916522598,15.44999999999709,46215.68955223881,46249.503581131146,13.201000000000931,38598.33631840796,39440.375401333666,13.648999999997613,36559.6815920398,37954.612002963695,21.5,35376.891542288555,35157.21610274142,21.04899999999907,46279.164179104475,45922.05933193179,12.097999999998137,48207.23582089552,48405.1370708817,11.60000000000582,50309.49253731343,49490.780658724594
10.797999999995227,36571.653731343285,36884.71291754263,11.900999999998021,36521.71144278607,38914.11913104415,11.298000000002503,35033.63184079602,35802.89091333801,15.150000000001455,30031.188059701493,31616.811025461342,13.44999999999709,30024.788059701492,32731.376781125906,12.200000000004366,29811.598222222223,31772.135482363934,13.851000000002387,37074.13333333333,37714.96379350619,13.097999999998137,38394.666666666664,41613.68652184069,28.89900000000489,191.9681592039801,171.23833045196344,12.5,44771.64577114428,44606.30081501605,15.549999999995634,46022.17711442786,45961.90664361571,13.25,38682.937313432834,39594.40849592492,13.747999999999593,36846.80597014925,38379.94961718943,21.547999999995227,36009.02686567164,35688.91479377624,21.24899999999616,46460.43383084577,45866.842326559214,12.197999999996682,47956.77611940299,48186.99728327982,11.75,50112.891542288555,49387.01798645176
10.849999999998545,36795.08059701492,37179.70941368839,11.998999999996158,36385.066666666666,38682.352721326795,11.348000000005413,34980.983084577114,35878.992758701235,15.200000000004366,30152.867661691544,31623.900957720158,13.549999999995634,29726.025870646765,32451.31885073581,12.599000000001979,29890.232888888888,31912.297126839523,13.901000000005297,37206.51144278607,37760.855874795605,13.197999999996682,38549.04888888889,41818.18079887877,28.999000000003434,188.09950248756218,164.46925166707828,12.552000000003318,44730.63482587065,45471.039762904424,15.650000000001455,45710.392039800994,45718.66633736725,13.300999999999476,38912.28656716418,39926.63472462336,13.798000000002503,36551.259701492534,37718.255371696716,21.598999999994703,35893.58805970149,35389.04025685354,21.49899999999616,46906.92139303483,46386.9152067274,12.297999999995227,47901.293532338306,48373.516423808345,11.80000000000291,49746.27661691542,49263.43190843261
10.897999999993772,36615.562189054726,36873.63513197851,12.049999999995634,36546.78606965174,38807.874795608506,11.449000000000524,35010.706467661694,35658.808689558515,15.25,29959.880597014926,31447.37024059799,13.650999999998021,29737.36119402985,32369.29315580472,12.801000000006752,30088.334222222224,32195.737444522307,13.951000000000931,36808.45373134328,37596.2139686989,13.247999999999593,38591.97155555555,41697.00163513198,29.049000000006345,185.04278606965175,164.82489503581132,12.652000000001863,45065.58407960199,45634.14176339837,15.69999999999709,45870.50348258707,45790.02815510002,13.402000000001863,38740.664676616914,39700.56408989874,13.898999999997613,36387.58208955224,37785.7406767103,21.799999999995634,35740.19502487562,35588.95924919733,21.79899999999907,46245.572139303484,45798.9366970334,12.398000000001048,48054.68656716418,48547.96739935787,12.05000000000291,49618.05373134329,49185.921046484465
10.997999999999593,36688.60497512438,36988.67741181967,12.099000000001979,36293.19004975125,38440.64097173558,11.498000000006869,34897.17810945274,35701.40808222378,15.400000000001455,30147.98009950249,31675.2758701238,13.750999999996566,29501.29353233831,32153.149264190608,12.900000000001455,29632.668444444444,31734.409717355757,14.001000000003842,36911.87263681592,37634.54893716421,13.298000000002503,38293.731555555554,41607.6393366036,29.09900000000198,181.60398009950248,162.21289207211657,12.75300000000425,45273.201990049754,45731.864657940234,15.799999999995634,45637.1263681592,45816.20745863176,13.549999999995634,39218.73830845771,40050.244504816,13.94999999999709,36787.80497512438,37665.42652506792,21.847999999998137,35730.340298507464,35579.69671523833,22.199000000000524,46394.92139303483,46003.06844195281,12.549999999995634,47929.39303482587,48122.76018770067,12.150000000001455,49940.37810945274,49464.64844662462
11.047999999995227,36776.99502487562,37064.97734174258,12.199000000000524,36375.657711442786,38634.60313010979,11.60000000000582,34857.77512437811,35635.73744452231,15.450000000004366,29985.400995024876,31569.076384022424,13.798999999999069,29505.321393034825,32199.407615043216,13.299000000006345,29557.162666666667,31505.17729502453,14.107000000003609,37053.659701492536,37593.85564120533,13.398000000001048,38223.90044444444,41470.598458304135,29.20100000000093,203.52636815920397,170.26623857742652,12.801000000006752,45267.3592039801,45973.00271672018,15.94999999999709,45760.987064676614,45948.03260064213,13.599999999998545,38535.37114427861,39618.36305260558,14.05000000000291,36274.64278606965,37701.43344035564,22.047999999995227,35740.78407960199,35571.64336873302,22.398999999997613,45835.23980099503,45228.894183601966,12.648000000001048,47767.705472636815,48168.709310940976,12.25,49788.44975124378,49068.55033870591
11.099999999998545,36686.519402985075,36913.11375846765,12.25,36241.337313432836,38625.56225181033,11.748000000006869,34927.12437810945,35648.63162812427,15.60000000000582,30077.994029850746,31493.449194113524,13.898999999997613,29552.27064676617,32325.202522775053,13.400000000001455,29745.99111111111,31704.270964727868,14.150000000001455,36991.50646766169,37848.20742817099,13.497999999999593,38478.648888888885,41609.27259985985,29.249000000003434,189.81890547263683,163.21659669054088,12.900000000001455,45596.57711442786,46252.90590269202,16.049999999995634,45717.68358208955,45795.90417387009,13.69999999999709,38730.50746268657,39785.53124228204,14.097999999998137,36536.89950248756,37789.854285008645,22.099999999998545,35709.32537313433,35556.24401086688,22.5,46312.883582089555,46188.382153702405,12.748999999996158,48148.10746268657,48168.21536181773,12.35000000000582,49921.00298507463,49283.49077318383
11.148999999997613,36503.880597014926,36839.57953749124,12.449000000000524,36204.35422885572,38531.46087362766,11.798000000002503,35153.066666666666,35709.74632095305,15.700000000004366,29988.171144278607,31501.89955617846,13.998999999996158,29540.585074626866,32222.73674375146,13.451000000000931,29512.618666666665,31535.200186872225,14.203000000001339,37158.431840796016,37659.197383788836,13.548000000002503,38224.426666666666,41575.13104414856,29.300999999999476,196.88756218905473,167.54359101012597,12.950000000004366,45492.04378109453,46166.460854531986,16.351000000002387,45962.80995024875,46206.055816250926,13.801999999996042,38774.54328358209,39777.14201037293,14.198000000003958,36619.844776119404,38005.25166707829,22.199000000000524,35889.337313432836,35644.14324524574,22.650000000001455,46327.753233830845,45962.6554543331,12.847999999998137,47476.85572139303,47688.77648802174,12.450000000004366,49891.2,49349.58747956085
11.25,36640.87562189055,36929.09133380051,12.599000000001979,36155.653731343285,38498.75075916842,11.848000000005413,34916.05970149254,35776.17565989255,15.800999999999476,30336.764179104477,31773.350151833685,14.097999999998137,29514.284577114428,32082.537724830647,13.499000000003434,29628.416,31602.018220042046,14.300999999999476,36722.0855721393,37516.38589114693,13.597999999998137,38060.672,41487.600093436115,29.400000000001455,188.75223880597014,169.60632254877748,13.001000000003842,45481.61592039801,46373.87601877007,16.599999999998545,45429.603980099506,45370.606075574215,13.849999999998545,38865.13034825871,39739.53074833292,14.298999999999069,36488.8039800995,37937.45023462583,22.297999999995227,35797.49253731343,35762.414423314396,22.79899999999907,46649.61592039801,46021.060499883206,12.949000000000524,47846.12935323383,48182.99827117807,12.60000000000582,49581.96218905473,49097.80331698201
11.297999999995227,36675.15223880597,36770.08923148797,12.699000000000524,36193.209950248754,38451.61037140855,11.948000000003958,35050.82587064677,35823.49170754496,15.85000000000582,29862.04975124378,31177.3323989722,14.199000000000524,29651.008955223882,32245.281009110022,13.55000000000291,29549.582222222223,31232.171922448026,14.349999999998545,37102.75820895522,37376.822237794906,13.648000000001048,38338.332444444444,41692.07194580705,29.50100000000384,197.5721393034826,172.44751790565573,13.05000000000291,45502.50348258707,45973.318844159054,17.000999999996566,45487.21990049751,45298.79772783403,13.94999999999709,38620.35422885572,39629.060014818475,14.499000000003434,36601.71144278607,37867.97727834033,22.397999999993772,35945.37711442786,35659.684860459376,22.949000000000524,45824.66865671642,45354.76757766877,13.047999999995227,47948.83184079602,47940.61941220054,12.700000000004366,49978.63482587065,49639.14599392665
11.349999999998545,36483.48656716418,36710.00607334735,12.748999999996158,36218.204975124376,38643.59915907498,12.30000000000291,34903.37114427861,35714.4293389395,15.950000000004366,29866.268656716416,31244.090633029668,14.298999999999069,29505.194029850747,31958.409717355757,13.651000000005297,29643.96088888889,31475.96542863817,14.400000000001455,36929.607960199006,37605.55384256015,13.697999999996682,37970.673777777774,41245.981779957954,29.549000000006345,199.68955223880596,168.0810076562114,13.101000000002387,45418.427860696516,46081.46208940479,17.25,45739.62189054726,45677.85823660163,14.000999999996566,38947.34328358209,39952.39911089158,14.55000000000291,36359.67363184079,37652.23610768091,22.497999999999593,35455.02885572139,35252.14126944925,23.09900000000198,45790.248756218905,45352.35318850736,13.148999999997613,47927.45074626866,48430.771054581375,12.800999999999476,49253.842786069654,48545.446391030135
11.448999999993248,36677.77910447761,36950.07708479327,12.849999999998545,36164.075621890544,38441.418360196214,12.448000000003958,34817.95820895522,35667.68138285448,16.05000000000291,29948.01990049751,31416.528848399907,14.49199999999837,29547.383084577115,32174.02662929222,13.75,29454.60622222222,31426.13781826676,14.455000000001746,37089.41691542289,37962.2704975473,13.798000000002503,38109.696,41008.24667133847,29.60000000000582,184.59701492537314,160.5453198320573,13.152000000001863,45574.41592039801,46412.739935786616,17.299999999995634,45637.34925373134,45574.041985675474,14.101000000002387,38563.31144278607,39636.28747838973,14.650000000001455,36413.67562189055,37491.92393183502,22.547999999995227,35947.78109452737,36030.9607310447,23.199000000000524,46013.24577114428,45456.58304134548,13.19999999999709,47422.63084577114,47687.28673746604,12.900000000001455,49655.91243781095,49118.871291754265
11.497999999999593,36461.42089552239,36743.00770847933,12.898999999997613,36258.62686567164,38456.734407848635,12.848000000005413,34762.28457711443,35709.480962391965,16.10000000000582,29878.75024875622,31141.740714786265,14.604999999995925,29684.648756218907,32215.717822938564,13.802000000003318,29612.174222222224,31471.316047652417,14.502000000000407,36599.49850746269,37167.54403176828,13.847999999998137,38341.87377777778,41624.56248540061,29.64900000000489,198.41592039800994,158.08347740182762,13.30000000000291,45517.659701492536,46415.98024203507,17.400000000001455,45445.41293532338,45429.55593973821,14.201000000000931,38686.67860696517,39570.691034823416,14.751000000003842,36428.13134328358,37526.93504569029,22.647999999993772,35419.08059701492,34496.40306248456,23.34900000000198,45749.158208955225,45370.53211866386,13.299999999995634,47903.45870646766,48128.31217584589,13.0,49972.23482587065,49394.421864050455
11.549999999995634,36564.76019900497,36745.59028264424,12.949000000000524,36558.00995024876,38791.986918944174,13.048000000002503,34564.1711442786,35189.12403644009,16.200000000004366,29848.135323383085,31392.79233823873,14.900000000001455,29263.57014925373,31937.872459705675,13.89900000000489,29424.170666666665,31415.49357626723,14.599999999998545,37041.32139303483,37588.96706377015,13.898000000001048,38092.10311111111,41407.84302733006,29.75100000000384,199.6099502487562,166.70190170412448,13.650000000001455,45598.933333333334,46318.95282785873,17.44999999999709,45379.62985074627,45228.29340577921,14.25,38708.63283582089,39721.819708570016,14.849000000001979,36443.064676616916,37657.78019264016,22.747999999999593,35696.525373134325,35531.404297357374,23.449000000000524,45604.027860696515,45159.43377715487,13.347999999998137,45283.295522388056,46214.73351444801,13.052000000003318,49163.574129353234,48642.69843494511
11.597999999998137,36581.795024875624,36791.179630927356,13.048999999999069,36220.03582089552,38348.01962158374,13.199000000000524,34910.28059701493,35714.30600327026,16.25,29856.12736318408,31359.364634431207,15.048999999999069,29393.687562189054,31833.717355758,13.999000000003434,29465.571555555554,31391.41695865452,14.651000000005297,36936.13532338308,37492.95585143658,13.997999999999593,38071.864888888886,41514.18827376781,29.80000000000291,208.46169154228855,163.56433687330204,13.952000000004773,46074.427860696516,46871.39343047666,17.549999999995634,45264.71641791045,45274.91034823413,14.349999999998545,38597.158208955225,39666.29982711781,14.94999999999709,35867.31940298507,36936.41689306001,22.897999999993772,35595.5104477612,35345.477895776734,23.49899999999616,45836.3223880597,45600.8708245737,13.498999999996158,47713.00298507463,47706.45591504075,13.200000000004366,49505.751243781095,48745.59775753329
11.648999999997613,36501.49253731343,36690.67227283345,13.099000000001979,36209.99004975124,38315.18243401075,13.301000000006752,34663.24378109453,35338.42747021724,16.35000000000582,29967.044776119405,31425.659425367903,15.11699999999837,29481.52039800995,31965.693996729737,14.05000000000291,29482.368,31129.993926652653,14.702000000004773,36551.18009950249,37152.216771782296,14.048999999999069,38080.54044444444,41451.9448726933,29.84900000000198,196.44179104477612,173.45122252408,14.25,45922.21293532338,46657.149913558904,17.65099999999802,45543.14825870647,45421.447270931094,14.402000000001863,38662.82985074627,39610.98542850086,14.997999999999593,36309.63582089552,37770.76413929365,23.047999999995227,35402.10945273632,35182.182267226475,23.59900000000198,45642.73034825871,45289.48937164214,13.648000000001048,47534.50348258707,47730.876759693754,13.35000000000582,48958.28059701493,48448.14949778089
11.748999999996158,36368.25472636816,36710.87689792104,13.150999999998021,36067.85273631841,38408.812894183604,13.348000000005413,34680.58109452736,35328.392431674845,16.450000000004366,29688.99502487562,31137.06890913338,15.349999999998545,29252.664676616914,31786.386358327494,14.10000000000582,29884.444444444445,31471.091800981078,14.80000000000291,36632.59701492537,37550.254613408084,14.148000000001048,38161.408,41501.69773417426,29.902000000001863,198.9094527363184,167.91504075080266,14.55000000000291,46020.69651741294,46660.41392936528,17.70100000000093,45331.45472636816,45293.35638429242,14.69999999999709,38814.64676616916,39673.03334156582,15.05000000000291,36549.39701492537,37757.795011113856,23.199000000000524,35556.664676616914,35141.60335885404,23.650000000001455,45879.54626865672,44566.32001868722,13.748999999996158,47652.33034825871,48019.10595208694,13.400000000001455,49447.848756218904,48928.53445456669
11.797999999995227,36629.87462686567,36801.367904695166,13.199000000000524,35406.21691542288,37227.85143658024,13.39900000000489,34716.14726368159,35456.14576033637,16.5,29683.02487562189,31188.555944872693,15.517999999996391,29270.33631840796,31806.983415089933,14.199000000000524,29505.308444444443,31496.7792571829,14.849999999998545,36898.27661691542,37497.83695398271,14.197999999996682,38128.09955555556,41348.23078719925,29.949000000000524,204.13134328358208,166.66633736725117,14.60000000000582,46201.568159203984,46577.99555445789,17.75,45181.19800995025,45260.649049147934,14.800999999999476,38668.68855721393,39760.64015806372,15.150999999998021,36133.97014925373,37406.53000740924,23.447999999996682,35730.0855721393,35529.45616201531,23.699000000000524,45704.294527363185,45174.51436580238,13.797999999995227,47598.694527363186,47731.24030624846,13.5,49120.843781094525,48657.5585143658
11.847999999998137,36467.05671641791,36630.589114692826,13.298999999999069,36467.82089552239,38869.015650548936,13.499000000003434,34525.16616915423,35322.64797944405,16.55000000000291,29822.885572139305,31357.892081289418,16.697999999996682,29313.512437810947,31666.582574164913,14.251000000003842,29342.492444444444,31158.65638869423,14.900000000001455,36808.931343283584,37168.426068675544,14.248999999996158,38025.64266666667,41322.950712450365,29.999000000003434,193.78308457711444,163.95159298592245,14.650000000001455,45954.35621890547,46591.28476166955,17.849999999998545,45372.21094527363,45113.79995060509,14.849999999998545,38597.68358208955,39717.247715485304,15.198000000003958,36393.37711442786,37241.58656458385,23.547999999995227,35748.394029850744,35467.02889602371,23.74899999999616,45938.10149253732,45660.79327259986,13.898000000001048,47494.28855721393,47468.76364534453,13.60000000000582,49293.51641791045,48645.75192711983
11.897999999993772,36634.41194029851,36603.08526045317,13.349000000001979,36066.22885572139,38292.51109553842,13.548000000002503,34683.71741293532,35404.04952113992,16.650000000001455,29730.595024875623,31078.723662695633,16.802999999999884,29191.944278606967,31780.29432375613,14.351000000002387,29479.05422222222,31008.605466012614,14.951000000000931,36888.77213930348,37375.8318149965,14.298000000002503,38228.23822222222,41522.9488437281,30.049000000006345,191.681592039801,162.31168189676464,14.700000000004366,46278.20895522388,47030.87182020252,17.94999999999709,45463.848756218904,45366.7927883428,14.94999999999709,38554.348258706465,39630.111138552726,15.349999999998545,35971.47064676617,37373.96888120523,23.597999999998137,35597.707462686565,35472.52951346011,23.84900000000198,46101.34925373134,45844.86241532352,14.049999999995634,47300.075621890544,47640.63818226723,13.650000000001455,48971.63781094527,48453.81920112123
11.997999999999593,36512.09552238806,36884.89605232422,13.400000000001455,36199.78507462687,38321.18850735809,13.648000000001048,34584.67661691542,35285.38192011212,16.700000000004366,29701.763184079602,31228.318617145527,16.99899999999616,29055.63383084577,31618.436813828546,14.450000000004366,29494.15822222222,31370.37888343845,15.05000000000291,36667.016915422886,37304.689558514365,14.398000000001048,37974.869333333336,41173.52020555945,30.14900000000489,189.75522388059701,168.10866880711288,14.801000000006752,45761.08258706467,46493.585576685604,18.049999999995634,45202.706467661694,45159.20375401334,15.000999999996566,38502.46368159204,39491.2284514695,15.449000000000524,36401.51243781095,37365.33069893801,23.699000000000524,35716.13930348259,35513.882934057794,23.898999999997613,45598.16915422885,45094.028498014486,14.148999999997613,47474.977114427864,47856.237095579156,13.752000000000407,49142.25671641791,48542.03036673674
12.048999999999069,36506.841791044775,36807.52721326793,13.44999999999709,35956.64875621891,38274.847932726,13.80000000000291,34522.41194029851,35222.77972436346,16.80000000000291,29745.114427860695,31221.445456669004,17.10899999999674,29363.50248756219,31917.641672506423,14.5,29383.40977777778,31066.061200654054,15.101000000002387,36685.78706467662,37315.41228684887,14.449000000000524,38219.491555555556,41404.91287082458,,,,14.85000000000582,45995.08059701492,46630.247468510745,18.099999999998545,45308.87960199005,45340.05235860706,15.150000000001455,38581.253731343284,39594.938009385034,15.55000000000291,36249.934328358206,37523.64336873302,23.74899999999616,35296.01592039801,35040.04741911583,23.99899999999616,45174.95721393035,44614.62275169353,14.197999999996682,47443.661691542286,47822.85798962707,13.85000000000582,49506.49950248756,49185.640738145295
12.097999999998137,36448.0,36602.03877598692,13.498999999996158,36134.94129353234,38295.1534688157,13.848000000005413,34504.565174129355,35214.273300630695,16.851000000002387,29541.603980099502,31132.763373043683,17.24899999999616,28897.114427860695,31432.28965195048,14.551000000006752,29307.278222222223,31124.021490306004,15.150000000001455,36650.396019900494,37375.4804952114,14.497999999999593,37954.673777777774,41141.03433777155,,,,14.900000000001455,46351.92039800995,46752.52951346011,18.400000000001455,44975.64975124378,45030.67028896024,15.44999999999709,38379.478606965175,39366.26722647568,15.650000000001455,35882.31641791045,37281.58854038034,23.849999999998545,35455.426865671645,34955.81526302791,24.04899999999907,45361.592039801,45318.62648913805,14.25,47022.96517412936,47466.45986663373,18.550999999999476,47545.6,46958.26582574165
12.148999999997613,36263.76915422885,36649.736042980614,13.549999999995634,36128.38208955224,38397.9219808456,13.900000000001455,34499.00895522388,35242.56575566457,16.950000000004366,29971.964179104478,31372.266292922213,17.348999999994703,28900.696517412936,31400.93996729736,14.650000000001455,29216.540444444443,31067.769212800747,15.200000000004366,36579.39104477612,37142.60780191544,14.597999999998137,38014.890666666666,41402.66292922215,,,,15.0,46143.64975124378,46728.495924919735,18.650000000001455,45218.84975124378,45358.73549024451,15.849999999998545,38338.21293532338,39498.890590269206,15.75,36386.244776119405,37289.44035564337,23.897999999993772,35594.204975124376,35297.73079772783,24.09900000000198,44958.31243781094,44662.72740014015,14.349999999998545,47351.68955223881,47804.206470733516,18.651000000005297,47519.12437810945,46920.241065171685
12.25,36661.34925373134,36735.977575332865,13.648999999997613,36108.05174129353,38338.19014249007,13.998000000006869,34452.792039800996,35143.25064237328,17.05000000000291,29630.105472636817,30997.284746554542,17.453999999997905,29026.037810945272,31529.022191076852,14.699000000000524,29361.294222222223,31229.092268161643,15.251000000003842,36485.17412935323,37146.91333800514,14.648000000001048,37836.10311111111,41131.01424900724,,,,15.05000000000291,45799.164179104475,46388.97900716226,18.799999999995634,45353.48855721393,45081.42850086441,15.94999999999709,38425.39303482587,39257.59051617683,15.849999999998545,35912.151243781096,37260.97703136577,23.997999999999593,36092.89552238806,35833.06100271672,24.150000000001455,45346.610945273635,45192.04671805653,14.398000000001048,47011.31144278607,47510.82440108669,18.80000000000291,47082.45970149254,46951.52347582341
12.348999999994703,36647.482587064675,36805.333333333336,13.699000000000524,36002.929353233834,38242.60499883205,14.048000000002503,34419.85273631841,35099.83274935763,17.150000000001455,29733.42885572139,31224.797944405513,17.5570000000007,28818.579104477612,31294.02662929222,14.799000000006345,29243.306666666667,31092.757766876897,15.300999999999476,36835.16815920398,37336.90259285214,14.699000000000524,37896.462222222224,41184.76617612707,,,,15.10000000000582,45999.64975124378,46624.094838231664,18.900000000001455,44728.883582089555,44742.496418868854,16.049999999995634,38638.710447761194,39586.32748826871,15.898000000001048,36301.21393034826,37383.40528525562,24.097999999998137,33941.66766169154,34132.45739688812,24.199000000000524,45650.18109452736,45139.87572996963,14.497999999999593,46858.04577114428,47297.691281797976,18.950000000004366,47392.159203980096,46835.77108152301
12.397999999993772,36410.14129353234,36661.3109086662,13.798999999999069,36120.86766169154,38448.067274001405,14.148000000001048,34468.935323383084,35152.198084559685,17.200000000004366,29653.365174129354,30985.15300163513,17.625,28757.030845771144,31319.101144592383,14.849000000001979,29208.26311111111,31184.085961224013,15.401000000005297,36527.39502487562,37140.94837654754,14.747999999999593,38048.61155555556,41317.5127306704,,,,15.151000000005297,46134.98905472637,46435.83304519635,19.049999999995634,44944.429850746266,45149.73968881205,16.20100000000093,38723.56616915423,39580.43961471968,16.09900000000198,36091.876616915426,37430.54383798469,24.147999999993772,35331.80497512438,35225.25858236602,24.29899999999907,45845.14228855722,45311.92151366503,14.549999999995634,46895.53830845771,47303.28673746604,19.351000000002387,46860.4815920398,46393.014716187805
12.497999999999593,36443.46268656717,36568.90259285214,13.898999999997613,36032.27064676617,38218.39383321654,14.198000000003958,34302.121393034824,35148.12800747489,17.30000000000291,29714.5631840796,31220.526045316514,17.79899999999907,28872.756218905473,31350.43214202289,14.949000000000524,29394.24711111111,31182.531184302734,15.5,36627.45472636816,37232.926886241534,14.80000000000291,38114.87288888889,41277.14085494044,,,,15.25,45898.96915422886,46594.48950358113,19.150000000001455,44957.89850746268,45071.76685601383,16.400000000001455,38238.614925373135,39300.338849098545,16.199000000000524,36082.03781094527,37350.93504569029,24.247999999999593,35372.52935323383,35122.19708570017,24.34900000000198,45927.96019900498,45416.753095071246,14.648999999997613,47283.86865671642,47675.9021980736,19.550999999999476,47404.067661691544,47026.9488437281
12.547999999995227,36446.26467661691,36748.03457136183,13.94999999999709,35915.192039801,38148.46624620416,14.25,34395.71741293532,35040.85961224013,17.400000000001455,29560.93134328358,31001.788367203924,17.90099999999802,28722.579104477612,31206.869423032003,15.049000000006345,29324.913777777776,31285.004438215372,15.556000000004133,36508.68855721393,37136.41111889746,14.898000000001048,38017.22311111111,41275.0067741182,,,,15.301000000006752,46276.18706467662,46554.37293158805,19.25,45005.930348258706,44649.87107927883,16.549999999995634,38156.067661691544,39160.52358607064,16.298000000002503,36339.18407960199,37220.88021733762,24.347999999998137,35599.39502487562,35231.40726105211,24.398999999997613,45579.86069651741,45136.85961224013,14.697999999996682,47254.5592039801,47500.64114596196,19.652000000001863,46896.748258706466,46370.62368605466
12.599999999998545,36469.14228855722,36742.51062835786,14.0,36013.10248756219,38147.82714319084,14.298000000002503,34341.66766169154,35123.38238729269,17.652000000001863,29586.97711442786,31113.743517869658,17.95799999999872,28952.151243781096,31317.97243634665,15.101000000002387,29270.058666666668,31145.141789301564,15.599999999998545,36583.96019900498,37188.48119598225,14.947999999996682,37990.10133333333,41284.118663863585,,,,15.35000000000582,46267.89253731343,46873.8513213139,19.349999999998545,44885.572139303484,45061.20424796246,16.650000000001455,38699.78109452737,39461.23586070635,16.349999999998545,35683.00895522388,36978.64756730057,24.447999999996682,35236.425870646766,35182.7947641393,24.449000000000524,45653.46069651741,45158.18547068442,14.797999999995227,46871.020895522386,47366.47666090393,19.80000000000291,47171.884577114426,46535.22821770614
12.69999999999709,36394.794029850746,36643.30390095772,14.099000000001979,36011.12835820895,38073.02219107685,14.349000000001979,34496.54129353234,35195.776687689795,17.80000000000291,29494.27263681592,31096.43914973137,18.051999999996042,28645.349253731343,31232.512029899557,15.199000000000524,29187.65511111111,31104.515767344077,15.700000000004366,36607.26766169154,37536.530717122165,14.997999999999593,37877.60355555556,41249.75286148096,,,,15.450000000004366,46177.95820895522,46712.46036058286,19.5,44715.797014925374,44847.05161768338,16.75,38255.85671641791,39230.83428006915,16.398999999997613,36287.44278606965,37494.53593479872,24.497999999999593,35514.746268656716,35443.03877500617,24.49899999999616,45478.89353233831,44945.53608969867,14.898000000001048,47070.31243781094,47330.83724376389,19.900000000001455,46947.00895522388,46584.8465311843
12.747999999999593,36298.77810945274,36582.58537724831,14.148999999997613,35917.293532338306,38098.3284279374,14.450000000004366,34338.77014925373,35089.857509927584,17.900000000001455,29381.508457711443,30762.62555477692,18.213999999999942,28936.246766169155,31304.442887175894,15.299000000006345,29235.797333333332,31301.064237327726,15.75,36588.99104477612,37100.47185237094,15.048999999999069,37947.96088888889,41084.505489371644,,,,15.5,45898.985074626864,46529.430476660906,19.601000000002387,45004.68855721393,45195.81526302791,16.902000000001863,38468.807960199,39326.71968387256,16.497999999999593,35907.58208955224,37295.3835514942,24.598999999994703,35282.89751243781,35150.261299086196,24.599999999998545,45451.749253731345,45159.134781593086,14.997999999999593,46983.78507462687,47119.782662385776,19.95100000000093,47040.04776119403,46528.51202989955
12.797999999995227,36273.40099502487,36589.305302499415,14.199000000000524,35864.421890547266,38086.035972903526,14.498000000006869,34404.123383084574,35131.425367904696,17.952000000004773,29508.951243781095,31046.75729969633,18.352999999995518,28863.96815920398,31276.752160710115,15.351000000002387,29237.176888888887,30980.69796776454,15.80000000000291,36731.22388059701,37561.59402008876,15.099000000001979,37323.97511111111,40492.61761270731,,,,15.60000000000582,46045.22985074627,46377.4324524574,19.849999999998545,44773.651741293535,44918.22375895283,16.949000000000524,37551.0447761194,38071.74512225241,16.55000000000291,35780.839800995025,37257.5154359101,24.64999999999418,35576.612935323385,35252.006915287726,24.648999999997613,45206.86169154229,44844.2812427003,15.097999999998137,47080.86766169154,47567.39145468017,20.05000000000291,47292.54527363184,46732.35225414623
12.847999999998137,36487.18009950249,36607.555244101844,14.248999999996158,36009.95024875622,38185.99392665265,14.548000000002503,34658.197014925376,35348.07007708479,18.05000000000291,29348.744278606966,30771.744919411354,20.45799999999872,28412.33830845771,30756.854940434478,15.451000000000931,29150.96177777778,31015.022658257418,15.849999999998545,36452.87164179105,37070.94230320019,15.148000000001048,38104.03555555556,41316.26068675543,,,,15.652000000001863,45976.26268656716,46643.8172388244,19.94999999999709,44768.92338308458,44711.02198073598,17.049999999995634,38591.58606965174,39661.90565571746,16.597999999998137,36013.32537313433,37131.43986169425,24.697999999996682,35485.022885572136,35199.0160533465,24.898999999997613,45449.568159203984,45047.95701938799,15.197999999996682,46674.59502487562,47055.92887132625,20.101000000002387,47601.703482587065,47108.16725064237
12.94999999999709,36246.28855721393,36469.57626722728,14.349999999998545,35873.63980099503,38045.152067274,14.598000000005413,34349.69154228856,34900.35038542397,18.150000000001455,29689.82288557214,30988.04952113992,20.555999999996857,28527.299502487564,30988.165381920113,15.499000000003434,29169.28,30928.11586078019,15.950000000004366,35837.19800995025,36468.42139686989,15.298000000002503,37696.34133333333,40946.37327727167,,,,15.700000000004366,46044.22686567164,46769.355396394174,20.0,44766.31243781094,44776.20350703877,17.150000000001455,38272.68457711443,39042.95974314646,16.698000000003958,35893.333333333336,37269.40577920474,24.74899999999616,35289.45671641791,35106.284020745865,24.99899999999616,45555.10447761194,45266.67601027797,15.248999999996158,47155.27960199005,47553.884909854285,20.202000000004773,47174.19303482587,46851.60289651951
12.997999999999593,36269.08656716418,36527.38332165382,14.398999999997613,35782.28855721393,38051.82340574632,14.698000000003958,34352.09552238806,34973.297827610375,18.30000000000291,29280.57313432836,30790.989021256715,20.614999999997963,28165.110447761195,30426.44241999533,15.60000000000582,29099.363555555556,30961.887409483767,16.0,36676.712437810944,37148.935295491705,15.400000000001455,37343.71555555556,40663.168418593785,,,,15.80000000000291,45794.94527363184,46520.693504569026,20.101000000002387,44619.924378109456,44661.49666584342,17.25,38316.84776119403,39328.92862435169,16.798000000002503,35546.714427860694,36919.8873795999,24.849999999998545,35405.99402985074,35004.411953568786,25.199000000000524,45180.19502487562,44981.02312543798,15.349000000001979,46677.651741293535,47081.27043714497,20.300999999999476,46960.3184079602,46489.94533987386
13.047999999995227,36202.09353233831,36444.2139686989,14.449000000000524,35827.39104477612,38053.841625788365,14.749000000003434,34489.74328358209,35040.45596823172,18.400000000001455,29405.627860696517,30953.657556645645,20.677999999999884,28541.5960199005,30859.53001635132,15.651000000005297,29101.653333333332,30894.990889978977,16.052000000003318,36061.15024875622,36803.82340574632,15.498999999996158,37649.29422222222,40631.45246437748,,,,15.852000000006228,46282.96915422886,46801.019510990365,20.152000000001863,44826.985074626864,45117.55396394171,17.349999999998545,38918.76616915423,39713.60829834527,16.849999999998545,36028.3223880597,37058.77006668313,25.247999999999593,35651.12039800995,35201.817732773525,25.34900000000198,45419.81293532338,44926.17238962859,15.398000000001048,46806.41592039801,47125.14102247469,20.35000000000582,46573.22985074627,45916.26255547769
13.147999999993772,36216.89950248756,36468.79514132212,14.498999999996158,35897.63184079602,38067.51319785097,14.849000000001979,34309.49253731343,34985.235225414624,18.5,29277.866666666665,30773.662228451296,21.0,28672.68457711443,31081.530483531886,15.699000000000524,29311.872,31231.185237094138,16.150000000001455,36380.60895522388,36952.30833917309,15.597999999998137,37567.232,40865.52861480963,,,,15.951000000000931,45938.81791044776,46755.418127932826,20.25,44514.244776119405,44378.866880711284,17.44999999999709,38436.202985074626,39278.126944924676,16.999000000003434,36047.41094527363,36947.83699678933,25.397999999993772,35159.259701492534,34878.76710298839,25.398999999997613,45639.339303482586,45229.226816164446,15.497999999999593,46830.296517412935,47037.324771548534,20.401000000005297,47090.81791044776,46639.80939032936
13.197999999996682,36168.99502487562,36384.55687923382,14.599000000001979,35900.56119402985,38156.6325624854,14.898000000001048,34166.017910447765,35008.32515767344,18.55000000000291,29076.18706467662,30680.267227283344,21.098999999994703,28270.248756218905,30806.271431908433,15.799000000006345,29290.624,30854.33123102079,16.20799999999872,36176.6368159204,36875.17122167718,15.648000000001048,37835.818666666666,40916.33169820136,,,,16.0,46233.01094527363,46819.540627315386,20.400000000001455,44576.60497512438,44753.69523339096,17.549999999995634,38101.50845771144,38932.94344282539,17.097999999998137,35862.09751243781,37295.28476166955,25.647999999993772,35474.27661691542,35193.04914793776,25.500999999996566,45416.26268656716,44818.20882971268,15.548999999999069,46774.81393034826,46826.210916275624,20.499000000003434,46900.76019900497,46410.29292221444
13.25,36079.426865671645,36416.90819901892,14.648999999997613,36224.04776119403,38412.37841625788,14.949000000000524,34299.36716417911,34870.67507591684,18.652000000001863,29383.609950248756,30666.147161878067,21.199000000000524,28229.58805970149,30592.085961224013,15.849000000001979,29236.693333333333,31031.1871058164,16.25,36364.704477611944,37036.81195982247,15.75,37618.659555555554,40699.44779257183,,,,16.051000000006752,46016.58905472637,46624.695480365524,20.601000000002387,44667.924378109456,44632.77253642875,17.601000000002387,38416.159203980096,39210.44801185478,17.199000000000524,35385.568159203984,36691.935786613976,25.797999999995227,35448.72437810945,34942.41541121264,25.648999999997613,45166.86965174129,44812.91287082458,15.648999999997613,46454.20895522388,46660.03457643863,20.55000000000291,46925.58009950249,46391.78883438449
13.349999999998545,36166.49552238806,36449.21093202523,14.748999999996158,35942.32039800995,38073.20532585844,15.049000000006345,34365.978109452735,35057.139920579306,18.75,29344.27064676617,30893.21186638636,21.252999999996973,28299.526368159204,30812.654987152535,15.951000000000931,29012.309333333335,30846.893716421397,16.30000000000291,36264.10348258707,36920.81663162813,15.798000000002503,37521.621333333336,40752.28030833917,,,,16.150000000001455,46135.45074626866,46422.19214620894,20.650000000001455,44618.2368159204,44358.0064213386,17.70100000000093,38110.31243781094,37970.00345764386,17.351000000002387,35599.570149253734,36840.58285996543,26.047999999995227,35087.88855721393,34877.324771548534,25.74899999999616,44648.4855721393,44580.00654052792,15.697999999996682,46806.03383084577,47097.05309953075,20.650000000001455,47113.74328358209,46605.98551740248
13.397999999993772,36215.27562189055,36485.79303900958,14.799999999995634,35752.08756218905,37976.79420696099,15.14900000000489,34249.02686567164,34950.71618780659,18.900000000001455,29366.57512437811,30750.519971969166,21.300999999999476,28137.058706467662,30538.78252744686,16.00100000000384,29200.31288888889,31039.394533987386,16.349999999998545,36266.18905472637,36845.006306937634,15.847999999998137,37663.31733333333,40918.985283812195,,,,16.20100000000093,46425.154228855725,47056.758705853295,20.75,44473.83880597015,44632.61052111632,17.75,38211.709452736315,39114.56655964436,17.398999999997613,35632.71641791045,36974.308718202024,26.197999999996682,35455.156218905475,35268.62336379353,25.79899999999907,44978.69054726368,44594.86288250409,15.797999999995227,46870.38407960199,47339.04470239565,20.700000000004366,47093.31741293532,46385.98084559682
13.44999999999709,36252.067661691544,36339.12076617613,14.849000000001979,35822.16915422885,38020.7914038776,15.249000000003434,34190.13731343284,35049.66129409017,19.0,29401.93432835821,30606.168652184067,21.398000000001048,28206.805970149253,30745.093202522774,16.049000000006345,29273.130666666668,30760.525110955383,16.450000000004366,36168.199004975126,36655.177762205094,15.947999999996682,37427.214222222225,40671.63373043681,,,,16.30000000000291,46036.72835820896,46823.6621387997,20.849999999998545,44668.92736318408,44943.438873795996,17.849999999998545,38075.797014925374,38838.08150160533,17.497999999999593,35604.04378109453,36920.760681649794,26.397999999993772,35278.567164179105,35001.69325759447,25.84900000000198,45347.47064676617,44773.157673440786,15.898000000001048,46102.25671641791,46459.534699925905,20.800999999999476,47054.91741293533,46607.372109320255
13.497999999999593,36219.27164179104,36408.49147395468,14.949000000000524,35689.09054726368,38040.69329595889,15.349000000001979,34077.40497512438,34902.44709180098,19.20100000000093,29086.455721393035,30373.2436346648,21.449000000000524,28150.670646766168,30484.27563653352,16.152000000001863,29164.572444444446,31072.384956785798,16.5,36134.17711442786,36742.095772015884,16.048000000002503,37773.12711111111,40882.519037608035,,,,16.401000000005297,45970.706467661694,46271.61669548036,20.95100000000093,44485.842786069654,44485.710051864655,17.94999999999709,38275.757213930345,39232.32007903186,17.648000000001048,35603.69353233831,36939.265991602864,26.49899999999616,34793.32935323383,34703.46258335392,25.949000000000524,45401.82288557214,44939.12263489839,15.94999999999709,46900.99900497512,47267.12175845888,20.85000000000582,46740.28258706468,46417.28568091567
13.597999999998137,36169.90248756219,36367.92898855408,14.998999999996158,35795.62985074627,37947.65708946508,15.450000000004366,34081.799004975124,34703.783228217704,19.30000000000291,29373.9144278607,30729.025928521372,21.5,28195.900497512437,30598.148096239198,16.39900000000489,29192.46222222222,31086.72179397337,16.55000000000291,36238.26467661691,36974.9609904228,16.197999999996682,37658.922666666665,40634.08362532119,,,,16.5,45513.64776119403,46309.48876265745,21.150000000001455,44196.58507462686,44427.017041244755,18.002000000000407,38018.8815920398,38883.659175104964,17.798000000002503,35623.45074626866,36972.07606816498,26.597999999998137,35619.48656716418,35312.825882934056,25.99899999999616,45006.18507462687,44873.26886241532,16.049999999995634,46376.67661691542,46735.09903679921,21.00100000000384,47021.08656716418,46392.26348983882
13.69999999999709,36423.8328358209,36791.493576267225,15.099000000001979,35683.53432835821,37951.62251810325,15.498000000006869,33961.26567164179,34766.404111188975,19.400000000001455,29234.92935323383,30746.973137117497,21.599999999998545,28356.202985074626,30701.73137117496,16.60000000000582,28750.421333333332,30589.95935529082,16.650000000001455,36173.30945273632,36746.71899088998,16.298000000002503,37458.13333333333,40670.860079420694,,,,16.60000000000582,45670.59104477612,46346.26228698444,21.299999999995634,44426.96915422886,44355.607804396146,18.101000000002387,38085.795024875624,39028.34675228452,17.898999999997613,35402.10945273632,36742.05779204742,26.747999999999593,35224.692537313436,34967.72141269449,26.04899999999907,45136.66865671642,44757.9985984583,16.148999999997613,46744.86766169154,47119.454680167946,21.05000000000291,46906.396019900494,46285.454800280306
13.747999999999593,36198.798009950246,36301.73137117496,15.199000000000524,35788.6407960199,37891.64027096473,15.598000000005413,33985.607960199006,34632.50268628825,19.452000000004773,29842.738308457712,31122.156505489373,21.699000000000524,28235.988059701493,30713.993926652653,16.699000000000524,29346.11911111111,31312.84466246204,16.700000000004366,36201.982089552235,36892.531651483296,16.34900000000198,37579.477333333336,40755.49824807288,,,,16.651000000005297,45939.56616915423,46508.76364534453,21.349999999998545,44374.7184079602,44647.108915781675,18.201999999997497,38054.76616915423,39159.33020498889,18.152000000001863,35334.14527363184,36640.703383551496,26.797999999995227,35119.14029850746,34694.47270931094,26.148999999997613,45194.60298507463,45064.89511796309,16.197999999996682,46074.33233830846,46477.51839960484,21.101000000002387,46921.58407960199,46418.25367904695
13.799999999995634,36121.07462686567,36447.33847231955,15.25,35633.066666666666,37913.32492408316,15.651000000005297,34037.58805970149,34769.9434711516,19.552000000003318,29412.123383084578,30958.777855641205,21.74899999999616,28201.281592039802,30638.019154403177,16.900000000001455,28810.382222222222,30586.483531885075,16.75100000000384,36249.85472636816,36802.52651249708,16.447999999996682,37159.552,40271.40200887643,,,,16.75,45590.70248756219,46345.77624104717,21.44999999999709,44453.22189054726,44537.61422573475,18.24899999999616,37873.09850746269,38574.980489009635,18.298000000002503,35515.30348258706,36397.24573968881,26.898999999997613,35059.16815920398,34924.340824895036,26.19999999999709,44935.211940298504,44664.6783461808,16.297999999995227,46372.82388059702,46806.34625833539,21.25,46902.16119402985,46477.578135949545
13.847999999998137,35948.242786069655,36278.34618079888,15.298999999999069,35647.09253731343,37866.19574865686,15.698000000003958,33948.3223880597,34770.967530950715,19.60000000000582,29095.06865671642,30446.52370941369,21.79899999999907,28096.01592039801,30499.434711516,16.949000000000524,28992.924444444445,30805.916374678814,17.55000000000291,35888.76417910448,36446.45269796776,16.497999999999593,37035.63377777778,40039.06750759168,,,,16.80000000000291,45824.17512437811,46192.91676957274,21.5,44419.8368159204,44517.15682884663,18.349999999998545,37798.62288557214,38772.86836255866,18.44999999999709,35047.76915422885,36232.140281551,26.99899999999616,34972.99104477612,34678.39762904421,26.24899999999616,44919.41890547264,44667.978509693996,16.347999999998137,46863.90447761194,47104.72709310941,21.300999999999476,46807.068656716416,46248.23732772717
13.947999999996682,36214.46368159204,36409.86685353889,15.349000000001979,35688.660696517414,37955.96169119365,15.798000000002503,34077.19800995025,34690.68722261154,19.75,29181.516417910447,30659.943003971035,21.902000000001863,28020.712437810944,30331.17869656622,17.14900000000489,28879.317333333332,30776.37187572997,17.603000000002794,35871.39502487562,36466.37327727167,16.548000000002503,37958.96888888889,41186.24994160243,,,,16.85000000000582,46050.64278606965,46270.15855766856,21.549999999995634,44604.43383084577,44802.01531242282,18.40099999999802,38312.565174129355,38980.394171400345,18.550999999999476,35318.27263681592,35882.677204247964,27.098999999994703,34822.5592039801,34619.94171400346,26.34900000000198,45396.37810945274,44957.850969399675,16.398000000001048,46713.71144278607,47048.3102000494,21.401000000005297,46599.976119402985,46107.39920579304
13.997999999999593,35978.68258706468,36256.94183601962,15.398999999997613,35648.66865671642,37732.215837421165,15.898000000001048,34066.0855721393,34882.335902826446,19.85000000000582,29227.574129353234,30598.52184069143,21.94999999999709,28116.887562189055,30474.16584910068,17.249000000003434,28947.228444444445,30784.27283345013,17.71100000000297,35672.81990049751,36308.4064470918,16.648000000001048,37389.92355555556,40670.93109086662,,,,16.950000000004366,45841.209950248754,46383.32427759941,21.601999999998952,44509.45273631841,44680.27068411953,18.601000000002387,37806.18507462687,38624.296369473945,18.59900000000198,35334.20895522388,36468.121511484314,27.147999999993772,34878.423880597016,34463.023956532474,26.45100000000093,45399.46666666667,45206.08455968232,16.497999999999593,46637.070646766166,47123.10990367992,21.45100000000093,46918.38407960199,46326.738612473724
14.14999999999418,35981.707462686565,36296.67460873628,15.498999999996158,35484.60895522388,37753.242700303665,15.949000000000524,33950.94925373134,34763.20112123336,19.900000000001455,29145.29751243781,30400.37374445223,22.04899999999907,28268.33830845771,30715.141322121,17.499000000003434,28653.169777777777,30517.729502452697,18.052000000003318,35660.386069651744,36272.14202289185,16.697999999996682,37220.29511111111,40402.6647979444,,,,17.0,45798.44776119403,46353.620153124226,21.70100000000093,44700.019900497515,44897.98765127192,18.69999999999709,38122.714427860694,38999.74117065942,18.698000000003958,35519.379104477615,36921.39293652754,27.197999999996682,35079.96019900498,34956.63324277599,26.54899999999907,45198.75820895522,45222.42466713385,16.54899999999907,46873.77512437811,46879.92887132625,21.55000000000291,46779.49452736318,46189.74258350852
14.247999999999593,35897.58407960199,36185.89675309507,15.599000000001979,35680.71641791045,37769.736042980614,15.998000000006869,34044.08358208955,34743.15720626022,20.0,29153.735323383084,30756.410184536322,22.098999999994703,28019.50248756219,30456.50642373277,17.651000000005297,28973.596444444443,30899.875729969634,18.30000000000291,35801.39303482587,36406.192945573464,16.747999999999593,37482.894222222225,40421.46788133614,,,,17.05000000000291,45542.27263681592,46441.938256359594,21.75,44357.747263681595,44403.09014571499,18.800999999999476,37940.807960199,38682.357125216105,18.798000000002503,35767.14825870647,36908.04840701408,27.297999999995227,35241.95024875622,34953.554951839964,26.59900000000198,44796.57711442786,44591.86918944172,16.648999999997613,46396.08358208955,46802.09434428254,21.60000000000582,46879.53830845771,46288.28778322822
14.297999999995227,35830.017910447765,36143.61130576968,15.650000000001455,35917.341293532336,38204.25881803317,16.098000000005413,34011.09651741294,34700.08689558514,20.10000000000582,28998.20895522388,30480.77738846064,22.199000000000524,27893.094527363184,30411.810324690494,17.699000000000524,28705.009777777777,30368.156972669938,18.434000000001106,36151.32338308458,36788.26068675543,16.798000000002503,37534.80533333333,40700.355991590746,,,,17.10000000000582,45775.793034825874,46187.139540627315,21.849999999998545,44237.22985074627,44414.980489009635,18.90099999999802,37890.149253731346,38730.665349469,18.898000000001048,35150.94925373134,36628.73005680415,27.397999999993772,34901.98606965174,34539.90614966658,26.699000000000524,44727.37114427861,44400.69142723663,16.697999999996682,46520.53333333333,47105.019510990365,21.650000000001455,47042.64278606965,46492.2476056996
14.398999999997613,36006.89353233831,36460.87175893483,15.748999999996158,35719.37114427861,37606.159308572765,16.14900000000489,34037.4447761194,34667.2422331231,20.200000000004366,28963.82089552239,30482.780658724598,22.269000000000233,28348.08358208955,30702.374211632796,17.84900000000198,29106.03377777778,30996.626956318618,18.56300000000192,35484.37014925373,36094.34431207662,16.847999999998137,37287.70844444444,40469.30717122168,,,,17.151000000005297,46020.68059701493,46476.064213386024,21.900000000001455,44355.26368159204,44262.93899728328,19.101000000002387,37816.03980099502,38627.007162262285,18.95100000000093,35229.21393034826,36384.557174611014,27.497999999999593,35077.63582089552,34650.10422326501,26.750999999996566,45169.51243781095,44640.52697967765,16.797999999995227,46345.63184079602,46667.459619659174,21.75,46051.64577114428,45605.56505489372
14.599999999998545,35912.469651741296,36053.58000467181,15.799999999995634,35508.712437810944,37676.303667367436,16.198000000003958,34023.068656716416,34724.10745153001,20.25100000000384,29095.721393034826,30514.19014249007,22.898999999997613,28007.976119402985,30260.86989021257,17.999000000003434,28791.893333333333,30676.406447091802,18.656000000002678,35519.63383084577,36175.24129876197,16.947999999996682,37440.21333333333,40590.32188740948,,,,17.25,45885.77114427861,45906.88861447271,21.94999999999709,44353.878606965176,44588.02074586318,19.20100000000093,37893.572139303484,38756.066189182515,19.05000000000291,35102.82189054726,36576.960237095576,27.547999999995227,34940.25870646766,34759.82020251914,26.79899999999907,45017.42487562189,44765.3202522775,16.847999999998137,46314.889552238805,46829.50654482588,21.84900000000198,46519.0368159204,46005.24737210932
14.698999999993248,36439.164179104475,36494.66946975006,15.898999999997613,35755.08059701492,37534.33683718757,16.298000000002503,33931.41492537314,34609.50245269797,20.351000000002387,28995.741293532337,30406.398505022193,22.949000000000524,27122.897512437812,29686.71992525111,18.150000000001455,28661.802666666666,30281.395935529083,19.00800000000163,35287.434825870645,35961.82947909367,16.997999999999593,37421.681777777776,40464.36253211866,,,,17.35000000000582,45955.10447761194,46623.56137317856,22.099999999998545,44404.90348258706,44443.736231168186,19.25,37815.705472636815,38615.01407755001,19.148000000001048,34964.887562189055,36274.50926154606,27.647999999993772,34776.692537313436,34655.28871326253,26.898999999997613,44866.00597014926,44348.43821537024,16.949000000000524,46455.96019900498,46543.5495183996,21.901000000005297,46884.21890547263,46242.67601027797
14.797999999995227,35946.77810945274,36105.28381219341,15.949000000000524,35618.340298507464,37826.694697500585,16.34900000000198,33885.19800995025,34644.63443120766,20.5,29043.91641791045,30556.027096472786,23.047999999995227,28013.13432835821,30340.081289418362,18.301000000006752,28577.735111111113,30177.19971969166,19.165000000000873,35280.159203980096,35967.697266993695,17.048000000002503,37145.92711111111,40398.228451296425,,,,17.400000000001455,45869.54825870647,46279.369720918745,22.150000000001455,44076.25870646766,44446.59323289701,19.299999999995634,37704.071641791044,38669.0244504816,19.347999999998137,35055.41094527363,36526.320572980985,27.747999999999593,35277.03880597015,34828.87033835515,26.99899999999616,44841.39303482587,44585.67250642373,17.047999999995227,46325.333333333336,47013.59150407508,21.999000000003434,46664.53333333333,46144.99416024293
14.897999999993772,35928.788059701496,36253.077318383555,15.998999999996158,35601.018905472636,37791.83928988554,16.450000000004366,33962.937313432834,34608.627890679745,20.55000000000291,29115.701492537315,30603.28334501285,23.108000000000175,27931.255721393034,30295.392665265124,18.449000000000524,28657.08088888889,30370.70217238963,19.401000000005297,35364.569154228855,35787.88507358094,17.148000000001048,37282.84444444445,40568.3270263957,,,,17.450000000004366,45437.50049751244,45931.63348975056,22.299999999995634,44092.0039800995,44446.522104223266,19.400000000001455,37913.36119402985,38754.9478883675,19.398000000001048,35010.4039800995,36285.8384786367,27.847999999998137,34552.979104477614,34208.55322301803,27.09900000000198,44878.26467661691,44513.5585143658,17.097999999998137,46033.41691542289,46487.9427019017,22.09900000000198,46561.751243781095,45873.50992758701
15.047999999995227,35880.931343283584,36167.669236159774,16.101000000002387,35507.613930348256,37618.57509927587,16.49800000000687,33896.469651741296,34642.044382153705,20.60000000000582,28799.69751243781,30193.861247372108,23.199000000000524,28012.97512437811,30572.595188040177,18.59900000000198,28485.70311111111,30339.94674141556,19.601999999998952,35478.57512437811,36329.60896986685,17.197999999996682,37144.93155555556,40328.96612940902,,,,17.5,45719.62587064676,46422.52803161275,22.349999999998545,44157.05472636816,44391.19585082737,19.49899999999616,37767.387064676615,38555.02494443073,19.499000000003434,35273.05870646766,36488.63423067424,27.89999999999418,35457.35323383084,35149.97283279822,27.199000000000524,44932.792039800996,44484.58210698435,17.197999999996682,46171.112437810945,46561.82168436651,22.199000000000524,46682.14129353234,46145.805185704274
15.097999999998137,35956.09154228856,36021.1427236627,16.148999999997613,35559.76915422885,37629.39873861247,16.598000000005413,33837.5960199005,34609.2408315814,20.700000000004366,29071.172139303482,30505.30997430507,23.24899999999616,28180.457711442785,30505.986451763605,18.799000000006345,28575.715555555555,30257.547302032235,19.650000000001455,35549.50049751244,36172.25881803317,17.29899999999907,37302.82666666667,40432.848399906565,,,,17.60000000000582,45500.49751243781,46326.95875524821,22.44999999999709,44134.2407960199,44225.40281551,19.601000000002387,37847.27562189055,38860.54235613732,19.548000000002503,35246.86965174129,36503.843912077056,27.947999999996682,34853.46069651741,34744.83971350951,27.299999999995634,44581.73134328358,44675.45713618313,17.347999999998137,46921.45671641791,47046.184243022966,22.25,46301.850746268654,45934.74048119598
15.14999999999418,35900.51343283582,35976.04298061201,16.24899999999616,35537.78308457712,37608.82784396169,16.648000000001048,33765.61990049751,34421.47535622518,20.802000000003318,28970.45970149254,30573.31277738846,23.297999999995227,27789.723383084576,30103.231955150666,18.89900000000489,28622.392888888888,30319.544031768277,19.75,35199.522388059704,35841.31931791637,17.347999999998137,37201.109333333334,40304.011212333564,,,,17.75,45693.2776119403,46293.22400592739,22.650000000001455,44036.983084577114,43889.18152630279,19.69999999999709,38092.0039800995,39014.646579402324,19.650000000001455,35094.03383084577,36447.229439367744,28.047999999995227,34939.89253731343,34661.267473450236,27.34900000000198,44852.77611940299,44311.54216304602,17.497999999999593,46278.82985074627,46621.09162756236,22.39900000000489,46473.2815920398,45802.16211165616
15.248999999996158,35755.90845771144,36014.42653585611,16.29899999999907,35596.54527363184,37670.98902125672,16.699000000000524,33982.58308457711,34691.41976173791,20.85000000000582,29435.430845771145,30929.40901658491,23.398000000001048,28111.044776119405,30382.81896753095,19.0,28361.67111111111,30025.541695865453,19.849999999998545,34766.90149253731,35480.46904928755,17.44999999999709,37006.09422222222,39946.91707544966,,,,17.851000000002387,45716.99900497512,46018.31958508274,22.701999999997497,43863.73731343284,44203.605828599655,19.799999999995634,37520.891542288555,38308.125463077304,19.747999999999593,35199.41094527363,36710.0340824895,28.147999999993772,34819.661691542286,34619.25808841689,27.449000000000524,44522.90547263682,44206.534921747254,17.547999999995227,46131.709452736315,46463.00815016053,22.651000000005297,46375.73731343284,45902.19855174025
15.297999999995227,35830.82985074627,35999.144125204395,16.349999999998545,35432.390049751244,37648.36626956319,16.798000000002503,33863.73731343284,34587.35809390329,20.950000000004366,29132.75223880597,30467.554309740714,23.497999999999593,27840.700497512436,30258.261153935997,19.10000000000582,28391.665777777776,30104.854006073347,19.950000000004366,35130.204975124376,35788.73721093203,17.497999999999593,37431.594666666664,40781.96683017987,,,,17.900000000001455,45431.211940298504,46218.5823660163,22.75,44064.04776119403,44369.228945418625,19.90099999999802,37569.528358208954,38400.22128920721,19.849999999998545,34961.09850746269,36387.64336873302,28.199000000000524,34504.4855721393,33683.44578908372,27.648999999997613,45183.64975124378,44591.41695865452,17.648000000001048,46445.00696517413,46650.79575203754,22.75,46411.22388059701,45824.06353655688
15.348999999994703,35817.79104477612,35932.77084793273,16.44999999999709,35471.840796019904,37522.85167017052,16.848000000005413,33800.13532338308,34445.0175192712,21.002000000000407,28823.625870646767,30235.48142957253,23.54899999999907,27886.471641791046,30413.0511562719,19.150000000001455,28087.04,29554.683485167017,20.00100000000384,35257.32935323383,35760.497080121466,17.597999999998137,37200.085333333336,40129.29315580472,,,,18.0,45500.22686567164,46259.49320819956,22.849999999998545,44436.425870646766,44730.799703630524,19.949000000000524,37352.10348258707,38159.73524326994,19.898999999997613,35141.699502487565,36429.249691281795,28.29899999999907,34915.34328358209,34494.76710298839,27.750999999996566,44277.26965174129,44265.67998131278,17.697999999996682,45971.56616915423,46558.86589281304,23.0,46415.29950248756,45903.11422564821
15.398999999997613,35730.57910447761,35951.185237094134,16.49899999999616,35547.526368159204,37724.41205325859,16.948000000003958,33988.87164179105,34671.37584676477,21.102000000006228,29052.306467661692,30518.125671572063,23.598999999994703,27557.69950248756,29945.369773417427,19.200000000004366,28483.825777777776,29992.09530483532,20.05000000000291,35268.82388059702,35971.64774585377,17.697999999996682,37640.746666666666,40873.99766409717,,,,18.05000000000291,45691.526368159204,46181.30303778711,22.900000000001455,43782.28855721393,43930.32156087923,20.04899999999907,37602.4039800995,38491.23042726599,20.04899999999907,35592.18308457711,36810.2464806125,28.347999999998137,34646.57512437811,34518.26327488269,27.79899999999907,44617.01094527363,44341.9985984583,17.74899999999616,46206.248756218905,46767.26105211163,23.09900000000198,46735.63383084577,46222.41906096706
15.497999999999593,35708.81592039801,35959.459939266526,16.599999999998545,35456.12736318408,37527.6056996029,17.09900000000198,33840.50945273632,34561.06143424434,21.150000000001455,28809.58407960199,30237.693996729737,23.653999999994994,27933.38905472637,30192.168185003506,19.299000000006345,28084.124444444446,29783.340341041814,20.150000000001455,35311.3631840796,36001.6257883672,17.798000000002503,36918.869333333336,40031.28614809624,,,,18.10000000000582,45544.32636815921,46117.00271672018,23.0,43985.54427860696,44160.035564336875,20.099999999998545,37882.985074626864,38573.67646332428,20.097999999998137,35059.709452736315,36252.30526055816,28.447999999996682,35066.8736318408,34691.12175845888,27.849999999998545,45392.66865671642,45170.08175659893,17.84900000000198,45984.66865671642,46419.04272659916,23.199000000000524,46197.014925373136,45811.565522074285
15.547999999995227,35940.1711442786,36010.26676010278,16.699000000000524,35353.50447761194,37594.67414155571,17.198000000003958,33862.95721393035,34573.806120065405,21.25,29117.261691542288,30405.31464611072,23.74899999999616,27970.435820895524,30388.836253211866,19.34900000000198,28431.72977777778,30038.26769446391,20.25,35035.71741293532,35686.6003270264,17.847999999998137,37374.592,40571.212333566924,,,,18.150000000001455,45489.2736318408,46049.86120029637,23.050999999999476,44068.155223880596,44252.514694986414,20.199000000000524,37847.81691542289,38643.99110891578,20.198000000003958,34834.57910447761,36138.147690787846,28.5,34742.00199004975,34516.64707335144,27.898999999997613,44531.59800995025,44118.26769446391,17.949000000000524,46287.93631840796,46452.10965670536,23.299000000006345,46524.44975124378,46057.508058864754
15.597999999998137,35644.4815920398,35950.747956085026,16.75,35414.27263681592,37348.391497313714,17.30000000000291,33641.886567164176,34369.745386591916,21.30000000000291,28766.009950248757,30212.555944872693,23.801999999996042,27928.294527363185,30384.975473020324,19.449000000000524,28524.34488888889,30289.09880868956,20.349999999998545,35179.23980099503,35885.03620649381,17.900000000001455,37153.09511111111,40322.649848166315,,,,18.25,45587.613930348256,46222.16250926154,23.150000000001455,44062.933333333334,44270.09928377377,20.25,37850.746268656716,38568.85156828847,20.247999999999593,34802.069651741294,36188.26969622129,28.647999999993772,34903.211940298504,34639.52185724871,27.99899999999616,44556.94328358209,44170.89838822705,18.047999999995227,46034.929353233834,46372.71029883922,23.45100000000093,46462.05771144279,45954.896519504786
15.647999999993772,35756.290547263685,35998.99088997897,16.84900000000198,35584.73233830846,37756.37094136884,17.348000000005413,33732.521393034825,34413.551973837886,21.35000000000582,29023.076616915423,30527.07685120299,23.847999999998137,27831.339303482586,30127.147862648915,19.499000000003434,28442.12622222222,30358.903060032702,20.5,35185.846766169154,35779.46087362766,18.0,36945.664,40041.261387526276,,,,18.30000000000291,45484.97512437811,46096.67572240059,23.19999999999709,44015.060696517416,44275.78562608051,20.349999999998545,37390.13731343284,38275.37070881699,20.347999999998137,34923.5104477612,36256.33983699679,28.747999999999593,34917.46069651741,34555.933810817485,28.049999999995634,45048.67661691542,44428.408315814064,18.097999999998137,46235.797014925374,46584.97406767103,23.499000000003434,46286.423880597016,45995.088997897685
15.747999999999593,35706.65074626866,36019.60289651951,16.949000000000524,35396.36218905473,37412.09623919645,17.448000000003958,33767.291542288556,34555.99719691661,21.400000000001455,28981.349253731343,30378.730203223546,23.95300000000134,27977.42487562189,30294.245269796775,19.549000000006345,28516.067555555557,30102.054660126138,20.652000000001863,35105.49651741293,35819.088997897685,18.048000000002503,37189.56088888889,40322.597523943004,,,,18.351000000002387,45605.54029850746,46124.328970116076,23.400000000001455,43528.10348258707,43823.42306742405,20.40099999999802,37383.72139303482,38186.811558409485,20.398000000001048,34774.17711442786,36074.56655964436,28.847999999998137,136.8995024875622,94.32057298098296,28.148999999997613,44469.85870646766,44098.41065171689,18.197999999996682,46299.112437810945,46857.03334156582,23.60000000000582,46407.78507462687,45865.078252744686
15.847999999998137,35757.81890547264,35982.052791403876,16.99899999999616,35527.59402985075,37678.47138519037,17.547000000005937,33642.22089552239,34374.211632796076,21.450000000004366,28701.309452736317,30196.86241532352,24.049999999995634,27739.828855721393,30166.51062835786,19.59900000000198,28630.784,30220.684886708714,20.700000000004366,34942.59900497513,35596.785797710814,18.09900000000198,36916.778666666665,40114.22377949077,,,,18.450000000004366,45512.612935323385,46086.630773030374,23.5,43654.65472636816,43874.85305013583,20.49899999999616,37442.03781094527,38389.69424549271,20.448000000003958,34872.77213930348,36275.34304766609,29.047999999995227,128.30248756218904,97.10644603605829,28.24899999999616,44517.556218905476,44529.7752861481,18.297999999995227,46041.10646766169,46433.13805877994,23.700000000004366,45892.21890547263,45566.17238962859
15.948999999993248,35681.05074626866,35887.14786264891,17.199000000000524,35333.062686567166,37399.90095772016,17.59900000000198,33652.712437810944,34430.026629292224,21.60000000000582,28869.524378109454,30147.087129175427,24.098999999994703,27955.02487562189,30250.061200654054,19.749000000003434,28329.742222222223,30156.931558047185,20.75,35203.12039800995,35995.53001635132,18.197999999996682,37036.64355555556,40277.22120999766,,,,18.5,45187.24776119403,45739.68881205236,23.652000000001863,43830.41592039801,43971.29167695728,20.549999999995634,37519.88855721393,38377.882934057794,20.497999999999593,34897.19402985075,35999.27685848358,29.147999999993772,135.45074626865673,92.22227710545813,28.29899999999907,44606.96517412936,44247.54963793506,18.347999999998137,46197.41293532338,46803.868609533216,23.75,46163.37512437811,45740.20275636533
15.997999999999593,35555.69353233831,35781.62859145059,17.24899999999616,35422.439800995024,37463.93833216538,17.648000000001048,33779.13631840796,34529.93599626255,21.650000000001455,28819.45472636816,30191.121700537256,24.15099999999802,27676.624875621892,30107.645877131512,19.80000000000291,28322.432,30275.44592384957,20.851999999998952,34940.4815920398,35763.86825508059,18.247999999999593,37001.92711111111,40298.74515300163,,,,18.60000000000582,45382.12935323383,45927.86762163497,23.69999999999709,43863.32338308458,43880.32995801432,20.70100000000093,37827.3592039801,38663.14052852556,20.597999999998137,34851.18407960199,36298.53494690047,29.19999999999709,143.76119402985074,94.1704124475179,28.398999999997613,44576.46169154229,44390.3499182434,18.398999999997613,45770.90547263682,46268.88219313411,23.80000000000291,46295.1960199005,45865.88927820603
16.047999999995227,35893.09452736318,36225.91357159542,17.349999999998545,35391.63383084577,37424.41111889746,17.74800000000687,33584.939303482584,34416.51576734408,21.75,29084.29054726368,30604.942770380752,24.247999999999593,27914.953233830845,30327.478626489137,19.89900000000489,28254.065777777778,30105.885540761505,20.900000000001455,34836.26666666667,35589.68839056295,18.298000000002503,36804.25244444444,40043.24970801215,,,,18.651000000005297,45323.23980099503,45717.96690540874,23.752000000000407,43843.86865671642,43868.463324277596,20.74899999999616,37629.26169154229,38455.28278587305,20.650000000001455,34892.27462686567,35972.465300074095,29.29899999999907,139.25572139303483,93.25759446776982,28.500999999996566,139.27164179104477,93.56318617145527,18.497999999999593,46674.658706467664,47112.6737466041,23.900000000001455,46037.556218905476,45436.22518103247
16.097999999998137,35843.3592039801,36120.98855407615,17.398999999997613,35278.153233830846,37442.58257416492,17.798000000002503,33643.972139303485,34502.6003270264,21.85000000000582,28769.018905472636,30273.853772483064,24.347999999998137,27765.731343283584,30210.533987386123,19.949000000000524,28461.539555555555,30242.02195748657,21.0,34686.26467661691,35384.3943003971,18.347999999998137,37055.97155555555,40273.420228918476,,,,18.700000000004366,45280.23880597015,46009.262533959,23.900000000001455,43810.84975124378,43775.72734008397,20.84900000000198,37479.45074626866,38368.7310447024,20.75,34950.0815920398,36166.2869844406,29.347999999998137,140.67263681592038,88.91874536922697,28.54899999999907,138.31641791044777,95.82060266292922,18.59900000000198,45940.4895522388,46473.98962706841,23.999000000003434,46432.11144278607,45876.619481429574
16.147999999993772,35537.305472636814,35685.340808222376,17.44999999999709,35296.3184079602,37303.564587713154,17.89900000000489,33918.10547263682,34671.08432609204,22.002000000000407,28529.416915422884,29966.789067974772,24.400000000001455,27762.70646766169,30286.583508526044,20.049000000006345,28494.52088888889,30379.978509693996,21.103000000002794,34974.00995024876,35660.60640037374,18.447999999996682,36780.202666666664,39926.31254379818,,,,18.801000000006752,45002.63482587065,45538.40256853544,24.049999999995634,44035.47064676617,44251.19486292912,20.900000000001455,37549.978109452735,38489.9935786614,20.798000000002503,35078.00199004975,36081.72289454186,29.447999999996682,139.6537313432836,92.53445295134601,28.59900000000198,132.3462686567164,97.48002803083392,18.697999999996682,45875.91641791045,46471.66609039269,24.049000000006345,46093.42089552239,45494.05839757066
16.247999999999593,35664.22288557214,35799.81499649615,17.49899999999616,35304.469651741296,37335.30296659659,17.948000000003958,33672.85174129353,34307.49824807288,22.101000000002387,28807.562189054726,30137.724830647046,24.447999999996682,28041.95024875622,30460.352254146226,20.09900000000198,28424.27733333333,30180.19341275403,21.150000000001455,35429.07860696517,36108.797010044385,18.54699999999866,36974.76266666667,40154.659191777624,,,,18.901000000005297,45410.26069651741,45883.04075080267,24.150000000001455,43871.23582089552,43970.03507038775,20.94999999999709,37456.07960199005,38165.07384539393,20.849999999998545,34416.14328358209,35896.12447517906,29.5,134.4,90.66930106199061,28.648999999997613,137.23383084577114,91.05162345246438,18.747999999999593,45753.23383084577,46492.17485798963,24.14900000000489,46168.77213930348,45900.778322821774
16.297999999995227,35654.04975124378,35790.56482130344,17.599999999998545,35185.54427860696,37301.31838355524,17.99800000000687,33437.341293532336,34152.85400607335,22.150000000001455,28912.06368159204,30182.850735809392,24.54899999999907,27880.358208955226,30243.587946741416,20.199000000000524,28265.443555555554,30047.996262555476,21.25100000000384,35008.891542288555,35730.90025694931,18.648000000001048,36812.94222222222,39887.30483531885,,,,18.950000000004366,45404.56119402985,45724.09187453692,24.301999999996042,43671.24378109453,43798.441096567054,21.099999999998545,38014.85373134328,38695.59101012596,20.949000000000524,34775.164179104475,35881.28229192393,29.60099999999511,144.0636815920398,89.96986910348234,28.750999999996566,135.8965174129353,94.61714552674609,18.847999999998137,45888.796019900496,46351.26105211163,24.25,45941.9223880597,45471.08432609204
16.347999999998137,35633.35323383084,35880.79420696099,17.648999999997613,35272.58109452736,37288.26348983882,18.09900000000198,33521.018905472636,34383.40200887643,22.25,28821.158208955225,30112.003737444524,24.597999999998137,27579.749253731345,30007.86732071946,20.249000000003434,28262.798222222224,30174.471385190376,21.351999999998952,34700.67263681592,35232.99416024293,18.747999999999593,36874.80888888889,40236.901658491006,,,,19.0,45190.46368159204,45802.97357372191,24.349999999998545,43745.878606965176,43991.982217831566,21.19999999999709,37503.02885572139,38403.659175104964,20.997999999999593,34594.0855721393,35868.858483576194,29.69999999999709,133.20597014925374,94.09138058779946,28.79899999999907,143.66567164179105,92.43447792571828,18.898000000001048,45747.2,45344.889108421834,24.299000000006345,46183.068656716416,45575.84863349685
16.447999999996682,35684.95124378109,35751.92338238729,17.74899999999616,35344.35024875622,37369.08199018921,18.148000000001048,33608.23084577115,34336.40364400841,22.35000000000582,28768.03184079602,30339.629058631162,24.648000000001048,27819.287562189056,30083.412286848867,20.39900000000489,28358.784,30075.73931324457,21.400000000001455,34884.28258706468,35487.3123102079,18.798000000002503,36752.753777777776,39819.67577668769,,,,19.051000000006752,45414.22487562189,46044.664855519884,24.549999999995634,43491.62985074627,43862.60706347246,21.25,37653.63582089552,38464.90096320079,21.09900000000198,34746.80995024875,36116.28747838973,29.799999999995634,146.5950248756219,95.08718202025192,28.84900000000198,142.18507462686568,98.82924550338706,18.947999999996682,45280.987064676614,46000.41096567053,24.35000000000582,46153.09054726368,45535.04321420229
16.497999999999593,35621.572139303484,35745.52861480963,17.79899999999907,35203.27960199005,37313.8089231488,18.198000000003958,33813.63582089552,34610.03316982013,22.400000000001455,28668.40199004975,29999.764540995093,24.747999999999593,28090.905472636816,30531.079654286383,20.449000000000524,28717.909333333333,30479.289885540762,21.5,34785.91044776119,35343.891614108856,18.898999999997613,37232.92444444444,40338.545199719694,,,,19.151000000005297,45172.50547263682,45882.89454186219,24.801999999996042,43762.658706467664,43880.52753766362,21.34900000000198,37572.425870646766,38349.60928624352,21.198000000003958,34710.38407960199,35968.55322301803,29.898999999997613,140.6407960199005,94.54976537416645,28.898999999997613,139.52636815920397,98.39570193879935,19.047999999995227,45664.14328358209,46111.47048653989,24.450000000004366,46201.26567164179,45520.98294790937
16.547999999995227,35613.24577114428,35752.5774351787,17.84900000000198,35197.30945273632,37242.8236393366,18.299000000006345,33647.49054726368,34310.61901424901,22.55000000000291,28659.12039800995,30030.68441952815,24.847999999998137,27831.06865671642,30245.124036440084,20.549000000006345,28311.86488888889,29861.512730670405,21.599999999998545,34898.81791044776,35587.87572996963,19.097999999998137,36776.817777777775,39821.5033870591,,,,19.200000000004366,45216.6368159204,45809.38700913806,25.000999999996566,43691.04875621891,43768.08891084218,21.44999999999709,37314.977114427864,38165.27537663621,21.298000000002503,34874.8736318408,36050.8925660657,30.0,138.38009950248755,88.31810323536676,28.99899999999616,151.33930348258707,94.9535155337538,19.097999999998137,45715.47064676617,46119.61076809089,24.5,45976.58109452736,45565.56318617146
16.647999999993772,35527.5144278607,35773.0511562719,17.898999999997613,35239.46666666667,37362.47045082925,18.34700000000157,33672.246766169155,34333.32772716655,22.650000000001455,28867.26368159204,30278.282644242,24.898000000001048,27711.85671641791,30185.096939967298,20.59900000000198,28369.834666666666,29839.588881102547,21.650000000001455,34783.53830845771,35419.04414856342,19.19999999999709,36697.65688888889,39919.686054660124,,,,19.30000000000291,45246.77412935323,45874.26426278093,25.049999999995634,43583.0447761194,43930.8629291183,21.500999999996566,37463.73731343284,38136.46826376883,21.34900000000198,34989.707462686565,35887.25314892566,30.047999999995227,139.41492537313434,88.06915287725364,29.050999999999476,140.8955223880597,96.20929689324925,19.297999999995227,45586.610945273635,46227.61570758212,24.55000000000291,46223.74527363184,45611.088997897685
16.697999999996682,35473.162189054725,35709.402476056996,17.99899999999616,35438.153233830846,37605.65101611773,18.398000000001048,33498.85771144278,34230.518103246905,22.75,28639.80895522388,30052.49988320486,24.949000000000524,27672.326368159203,29930.890913338004,20.699000000000524,28368.241777777777,30071.280541929456,21.752000000000407,34881.78308457712,35599.12170053726,19.29899999999907,36970.638222222224,39805.62672272833,,,,19.400000000001455,45063.578109452734,45588.662879723386,25.150000000001455,43523.86865671642,43993.5984193628,21.601000000002387,37235.45472636816,38175.21758458879,21.44999999999709,35002.937313432834,36401.19733267473,30.098999999994703,132.36218905472637,86.96270684119536,29.148999999997613,144.97114427860697,98.29105349217473,19.347999999998137,45755.5104477612,46359.709557915536,24.650000000001455,45972.394029850744,45537.87245970568
16.747999999999593,35442.84975124378,35743.65615510395,18.09900000000198,34897.257711442784,36973.47348750292,18.447000000000116,33483.653731343285,34267.5935529082,22.80000000000291,28766.742288557212,30170.02382620883,25.047999999995227,27816.597014925374,30224.538192011212,20.799000000006345,28051.456,29947.38425601495,21.800999999999476,34629.428855721395,35325.58561083859,19.398000000001048,36922.894222222225,39905.68185003504,,,,19.45100000000093,44750.694527363186,45669.994566559646,25.351999999998952,43344.620895522385,43692.139293652755,21.69999999999709,37349.603980099506,38255.00024697456,21.497999999999593,34828.067661691544,35732.94344282539,30.147999999993772,142.29651741293532,94.49839466534947,29.199000000000524,131.12039800995024,94.59845830413455,19.398000000001048,45394.59502487562,45872.91676957274,24.75,45976.342288557214,45578.84980144826
16.848999999994703,35445.062686567166,35661.43985050222,18.148999999997613,35080.91542288557,37106.63863583275,18.548000000002503,33490.64278606965,34241.349217472554,22.900000000001455,28812.29054726368,30370.500350385424,25.097999999998137,27628.417910447763,29975.134781593086,20.84900000000198,28151.04,29805.48469983649,21.90299999999843,34352.23880597015,35059.55430974071,19.548000000002503,36646.34311111111,39613.14085494044,,,,19.55000000000291,45434.06169154229,46228.52457396888,25.400000000001455,43448.10348258707,43719.82810570511,21.898999999997613,37320.199004975126,38029.92541368239,21.548000000002503,34675.43880597015,36071.369720918745,30.199000000000524,136.40597014925373,91.49913558903432,29.299999999995634,139.12835820895523,97.11375846764774,19.497999999999593,45733.41293532338,46257.38305754507,24.80000000000291,45853.50049751244,45315.00490539594
16.897999999993772,35542.30447761194,35699.259051623456,18.199000000000524,35099.89253731343,37293.78743284279,18.647000000004482,33599.44278606965,34166.7348750292,23.0,28660.807960199007,30099.51693529549,25.148000000001048,27733.126368159203,30167.598224713853,20.949000000000524,28090.695111111112,29893.69960289652,22.0,34676.28258706468,35560.768044849334,19.648000000001048,36720.56888888889,39801.88927820603,,,,19.60000000000582,45032.565174129355,45910.840207458634,25.5,43537.114427860695,43824.5334650531,22.049999999995634,37158.798009950246,37991.93479871573,21.698000000003958,34630.27263681592,35961.78414423314,30.247999999999593,133.58805970149254,92.4435663126698,29.34900000000198,144.1273631840796,92.42700303667367,19.648000000001048,45430.70248756219,45540.47715485305,24.89900000000489,45999.33134328358,45514.81990189208
16.947999999996682,35639.96019900498,35796.09623919645,18.29899999999907,35493.54029850746,37477.710815230086,18.698000000003958,33514.937313432834,34138.887175893484,23.10000000000582,28572.306467661692,30117.725765008177,25.252000000000407,27557.65174129353,29973.475356225183,20.999000000003434,28145.877333333334,29841.40901658491,22.099999999998545,34793.48855721393,35431.94580705443,19.747999999999593,36443.50577777778,39534.239663629996,,,,19.650000000001455,45179.46268656717,45842.80167942702,25.550999999999476,43522.977114427864,43492.330945912574,22.148999999997613,36951.387064676615,37794.05877994566,21.84900000000198,34496.65273631841,35996.30921215115,30.347999999998137,125.0865671641791,92.29735737219066,29.398999999997613,133.84278606965174,96.0037374445223,19.797999999995227,45814.8776119403,46455.51197826624,24.999000000003434,45887.840796019904,45450.03130109787
16.99899999999616,35402.82587064677,35693.544498948846,18.349999999998545,35164.68855721393,37243.31324456903,18.798000000002503,33621.71542288557,34287.932725998595,23.200000000004366,28990.169154228857,30507.417893015652,25.297999999995227,27634.77014925373,29989.60242933894,21.09900000000198,28187.989333333335,29632.986685353888,22.150000000001455,35139.48656716418,35843.143190843264,19.849999999998545,36551.580444444444,39554.80682083625,,,,19.75,45176.8039800995,45770.12793282292,25.652000000001863,43057.35323383084,43374.36799209681,22.25,37831.339303482586,38366.26525067918,21.898000000001048,34758.90945273632,35957.20424796246,30.398999999997613,140.21094527363184,91.4398616942455,29.44999999999709,131.59800995024875,92.61013781826676,19.898000000001048,45673.982089552235,45945.06100271672,25.09900000000198,45781.34925373134,45445.42676944639
17.097999999998137,35438.91741293533,35713.48002803083,18.40099999999802,35117.9144278607,37171.184302733,18.848000000005413,33519.55422885572,34137.49684653118,23.30000000000291,26988.8,29027.54683485167,25.398000000001048,27587.93233830846,29969.67063770147,21.199000000000524,28117.987555555555,30023.36650315347,22.300999999999476,34944.14328358209,35647.59635599159,19.997999999999593,36519.936,39450.1695865452,,,,19.851000000002387,44863.34726368159,45560.08100765621,25.701999999997497,43475.50248756219,43513.025438379846,22.34900000000198,36808.32636815921,37487.85774265251,21.997999999999593,34580.99900497512,35932.87428994814,30.447999999996682,129.38507462686567,96.10274141763398,29.5,139.09651741293533,91.7243634664798,19.949000000000524,45081.04278606965,45780.94739441838,25.150000000001455,46126.59900497513,45884.56155103948
17.147999999993772,35270.49552238806,35490.89278206027,18.500999999996566,35146.41194029851,37239.60943704742,18.89900000000489,33580.09950248756,34294.237794907734,23.400000000001455,28680.390049751244,29948.673674375146,25.447999999996682,27552.971144278607,29975.104882036907,21.249000000003434,27963.320888888888,29774.75543097407,22.55000000000291,34555.287562189056,35304.14762905863,20.29899999999907,36819.27111111111,40078.24340107451,,,,19.950000000004366,44927.87263681592,45837.51049641887,25.799999999995634,43329.89452736318,43612.94937021487,22.449000000000524,37185.00298507463,38147.87651271919,22.04899999999907,34823.89651741293,35833.64583847864,30.5,133.84278606965174,90.7364781427513,29.54899999999907,141.45273631840797,96.72132679280541,20.047999999995227,45327.92039800995,45955.63151395406,25.252000000000407,45892.63283582089,45481.33613641673
17.24899999999616,35523.77313432836,35649.356692361594,18.54899999999907,35035.59004975124,37031.071245036204,18.99800000000687,33401.26567164179,34155.38799345947,23.45100000000093,28613.65174129353,30124.50175192712,25.49899999999616,27666.5631840796,30135.44872693296,21.34900000000198,28028.899555555556,29754.132212099976,22.599999999998545,34447.69751243781,35211.0404111189,20.398999999997613,36531.17155555556,39700.488670871295,,,,20.05000000000291,45122.610945273635,45374.48653988639,25.902000000001863,43267.74129353234,43617.77426525068,22.5,37263.26766169154,37981.38404544332,22.148000000001048,34534.22487562189,35565.182514201035,30.547999999995227,141.2776119402985,87.14448011854779,29.599999999998545,142.64676616915423,95.62625554776922,20.097999999998137,45133.05472636816,45673.68140281551,25.35000000000582,46071.91243781095,45588.01775286148
17.348999999994703,35568.54129353234,35749.594954449894,18.648999999997613,34998.78208955224,37025.56598925485,19.047000000005937,33328.41393034826,33903.44312076618,23.550999999999476,28594.97711442786,29916.04952113992,25.599999999998545,27679.96815920398,30308.94090165849,21.39900000000489,28110.620444444445,29733.034337771547,22.702000000004773,34445.51641791045,35318.99649614576,20.49899999999616,36444.68622222222,39468.86428404578,,,,20.10000000000582,44834.78606965174,45525.129167695726,26.002000000000407,43294.58308457711,43522.65151889355,22.54899999999907,37050.49154228856,37927.85576685602,22.198000000003958,34176.73233830846,35413.16078043961,30.599999999998545,123.44676616915423,88.49592491973327,29.648999999997613,148.74427860696517,91.7729502452698,20.148000000001048,45704.246766169155,46120.13237836503,25.39900000000489,45919.41094527363,45312.88951179631
17.397999999993772,35372.54527363184,35663.55898154637,18.74899999999616,34873.61592039801,37074.45176360664,19.09900000000198,33373.67562189055,34102.61901424901,23.60000000000582,28668.60895522388,30101.071712216773,25.648999999997613,27337.7592039801,29642.88343844896,21.499000000003434,27907.640888888887,29620.81009110021,22.75,34327.37114427861,35102.026629292224,20.548000000002503,36452.67911111111,39617.40527914039,,,,20.151000000005297,44954.10945273632,45555.647320326,26.049999999995634,43445.93830845771,43646.16646085453,22.650000000001455,37318.22487562189,38070.57149913559,22.298000000002503,34448.07960199005,35599.375648308225,30.647999999993772,138.5870646766169,93.1311434922203,,,,20.197999999996682,45376.55721393035,45677.76339836997,25.449000000000524,46457.72736318408,45923.45713618313
17.497999999999593,35437.86666666667,35553.270731137585,18.800999999999476,34927.85671641791,37125.18009810792,19.199000000000524,33434.60298507463,34140.16538192011,23.700000000004366,28456.612935323385,29818.08736276571,25.697999999996682,27726.599004975124,30139.16000934361,21.59900000000198,28282.282666666666,30008.005606166782,22.849999999998545,34542.471641791046,34745.88180331698,20.648000000001048,36405.00622222222,39261.06236860547,,,,20.25100000000384,44910.75820895522,45626.934057792045,26.150000000001455,43259.23980099503,43337.18745369227,22.75,37167.522388059704,37877.314892566064,22.347999999998137,34776.565174129355,35799.47246233638,30.747999999999593,132.64875621890548,90.15164238083477,,,,20.297999999995227,45467.22388059701,45997.24573968881,25.549000000006345,46581.795024875624,46170.31160943705
17.547999999995227,35471.90447761194,35627.98224713852,18.949000000000524,35050.09353233831,37049.10067741182,19.297000000005937,33314.96119402985,34053.85657556645,23.75100000000384,28544.923383084577,30053.426769446392,25.754000000000815,27642.809950248757,30074.10604998832,21.699000000000524,27609.25866666667,29362.02569493109,22.900000000001455,34354.467661691546,35079.32539126372,20.75,36449.934222222226,39540.899789768744,,,,20.35000000000582,45065.9184079602,45334.68214373919,26.25,43345.432835820895,43405.61718942949,22.800999999999476,37363.15223880597,38055.298592244995,22.448000000003958,34850.41990049751,36182.17238824401,30.800999999999476,131.2955223880597,87.38552729068905,,,,20.34900000000198,45116.4815920398,45861.793035317365,25.651000000005297,45815.705472636815,45368.23732772717
17.597999999998137,35279.474626865675,35537.52113992058,18.99899999999616,35190.5592039801,37140.01401541696,19.34700000000157,33361.607960199006,34035.703807521604,23.85000000000582,28426.555223880598,29923.359962625556,25.847999999998137,27612.76815920398,30013.690259285213,21.749000000003434,28424.88888888889,30234.16584910068,23.0,34570.666666666664,35272.5288483999,20.896999999997206,36426.026666666665,39549.69399672974,,,,20.400000000001455,45101.15024875622,45593.14793776241,26.300999999999476,43208.931343283584,43487.87354902445,22.898999999997613,37105.81492537313,37807.707582119045,22.548000000002503,34225.95820895522,35662.80661891825,30.847999999998137,129.60796019900496,89.9461595455668,,,,20.447999999996682,45536.41393034826,46085.919486292914,25.699000000000524,46024.6447761194,45455.81686521841
17.697999999996682,35404.05174129353,35503.32352254146,19.04899999999907,34959.66567164179,37035.776687689795,19.398000000001048,33475.295522388056,34162.30226582574,24.05000000000291,28540.68855721393,29979.810324690494,25.898999999997613,27947.637810945274,30426.745153001637,21.799000000006345,28036.11022222222,29891.700070077084,23.05000000000291,34414.82189054726,34985.57533286615,21.09700000000157,36186.51022222222,39253.26605933193,,,,20.5,44711.86467661692,45526.780933563845,26.349999999998545,43231.92039800995,43491.85675475426,22.95100000000093,37176.35820895522,38132.10965670536,22.59900000000198,34817.703482587065,35749.68239071376,30.897999999993772,137.87064676616916,91.5465547048654,,,,20.547999999995227,45314.81791044776,45826.22079525809,25.80000000000291,46089.17014925373,45474.193879934595
17.747999999999593,35439.50646766169,35588.522307871994,19.09900000000198,35027.69353233831,37050.43494510628,19.449000000000524,33396.85572139303,34046.30320018687,24.152000000001863,28441.56815920398,29914.195748656857,25.99899999999616,27635.741293532337,30016.0672740014,21.89900000000489,27938.844444444443,29632.571829011915,23.101999999998952,34290.340298507464,35059.80845596823,21.298000000002503,36452.06755555556,39797.20626021957,,,,20.55000000000291,44945.35323383084,45574.95875524821,26.500999999996566,43239.705472636815,43619.145468016795,23.04899999999907,37087.69751243781,37743.26500370462,22.698000000003958,34263.880597014926,35626.013336626325,30.99899999999616,136.40597014925373,91.3529266485552,,,,20.597999999998137,45570.435820895524,46013.87009138059,25.85000000000582,45579.14427860697,45200.541929455736
17.797999999995227,35389.96218905473,35532.54660126139,19.199000000000524,34924.78407960199,36967.10861948143,19.548000000002503,33309.070646766166,33948.6325624854,24.5,28860.75223880597,30263.96449427704,26.047999999995227,27940.298507462685,30345.952814762906,21.999000000003434,28068.79288888889,29926.065872459705,23.20100000000093,34288.90746268657,34767.31978509694,21.396999999997206,36437.17688888889,39263.73464143892,,,,20.650000000001455,44882.78606965174,45462.911336132376,26.601000000002387,43499.064676616916,43828.74981476908,23.099999999998545,37113.09054726368,37919.06742405532,22.747999999999593,34442.90547263682,35823.229439367744,31.047999999995227,128.46169154228855,93.10743393430477,,,,20.648000000001048,45415.020895522386,46042.1318844159,25.950000000004366,45676.54527363184,44983.19831814997
17.897999999993772,35448.89950248756,35635.40481195982,19.25,34930.00597014926,36987.99719691661,19.647000000004482,33340.91144278607,34004.15977575333,24.700000000004366,28308.839800995025,29902.893716421397,26.098999999994703,27639.05273631841,29965.193179163747,22.09900000000198,27880.90311111111,29396.739079654286,23.25,34088.67661691542,34715.38799345947,21.447999999996682,36318.15111111111,39614.7591684186,,,,20.700000000004366,44631.59402985075,45413.46900469252,26.650000000001455,43167.33134328358,43384.235119782665,23.19999999999709,36940.19502487562,37674.005433440354,22.847999999998137,34366.50348258707,35490.56063225488,31.098999999994703,138.82587064676616,88.94640652012842,,,,20.697999999996682,45585.09850746269,45996.96517658681,26.049000000006345,45500.6407960199,45207.837421163276
17.948999999993248,35335.64179104478,35610.360196215835,19.29899999999907,34923.95621890547,37046.32001868722,19.698000000003958,33326.153233830846,33958.921747255314,25.0,28467.08855721393,29870.9273534221,26.148000000001048,27680.955223880595,30065.136183134782,22.199000000000524,27831.623111111112,29707.298294790937,23.300999999999476,34126.10547263682,34712.461574398505,21.646999999997206,36181.47555555555,39344.7213267928,,,,20.75,44700.51343283582,45434.005433440354,26.69999999999709,43216.55721393035,43444.722153618175,23.349999999998545,37000.246766169155,37679.60879229439,22.898000000001048,34491.30348258706,35347.402321560876,31.147999999993772,130.08557213930348,88.01383057545073,,,,20.747999999999593,45393.209950248754,45941.82859965423,26.14900000000489,45765.062686567166,45309.54823639336
17.997999999999593,35280.44577114428,35484.51670170521,19.398999999997613,34884.4895522388,36966.62275169353,19.74800000000687,33352.58109452736,33917.26792805419,25.10000000000582,28333.723383084576,29811.004905395934,26.197999999996682,27518.519402985075,29813.800513898623,22.299000000006345,27993.159111111112,29802.34898388227,23.349999999998545,34350.025870646765,35111.29549170755,21.699000000000524,36274.645333333334,39266.50782527447,,,,20.900000000001455,44968.788059701496,45467.013089651766,26.799999999995634,43222.73432835821,43541.192393183504,23.398999999997613,37071.09253731343,37869.048160039514,22.948000000003958,34311.848756218904,35759.20572980983,,,,,,,20.898000000001048,45358.519402985075,45900.95727340084,26.199000000000524,45702.065671641794,45046.40971735576
18.049999999995634,35451.207960199004,35634.63489838823,19.49899999999616,34907.112437810945,37052.6661994861,19.798000000002503,33221.747263681595,34017.31931791637,25.30000000000291,28285.373134328358,29652.081289418362,26.299999999995634,27680.557213930348,30051.681382854473,22.35000000000582,27913.742222222223,29634.69096005606,23.5,34195.10447761194,34883.266526512496,21.798000000002503,36198.144,39407.626255547766,,,,20.952000000004773,44796.8,45521.04322054829,26.900000000001455,43352.03980099502,43437.00864410966,23.54899999999907,37433.63184079602,38132.8841689306,23.048000000002503,34086.22487562189,35515.05260558162,,,,,,,20.947999999996682,44640.70049751244,45177.551000246975,26.299000000006345,45829.556218905476,45399.2543798178
18.147999999993772,35132.89552238806,35433.60149497781,19.599999999998545,34842.95323383085,36941.25671572063,19.84900000000198,33375.203980099504,34073.65381920112,25.450000000004366,28240.764179104477,29716.64564354123,26.398999999997613,27440.859701492536,29805.092268161643,22.39900000000489,27867.008,29574.71992525111,23.55000000000291,34636.68855721393,35435.63092735342,21.84900000000198,36229.54666666667,39370.775052557816,,,,21.0,44817.36915422886,45519.05952086935,27.152000000001863,43353.10646766169,43703.314398616945,23.648999999997613,37008.54129353234,37753.882934057794,23.148000000001048,34413.22985074627,35649.52136329958,,,,,,,20.997999999999593,45525.49253731343,45798.15263027908,26.400000000001455,45491.64577114428,45258.46484466246
18.197999999996682,35081.99800995025,35326.8937164214,19.648999999997613,34733.37313432836,36803.74118196683,19.948000000003958,33167.18805970149,33894.34618079888,25.601000000002387,28552.358208955226,30035.378649848168,26.44999999999709,27399.864676616915,29928.6447091801,22.499000000003434,27960.035555555554,29718.454566690027,23.601999999998952,34046.82189054726,34599.669236159774,21.949000000000524,35940.465777777776,39053.656622284514,,,,21.101000000002387,44542.90149253731,45320.744875277844,27.25,43183.251741293534,43173.994566559646,23.74899999999616,36977.17810945274,37918.80266732527,23.198000000003958,34079.474626865675,35517.48678686095,,,,,,,21.097999999998137,44932.394029850744,45600.97999506051,26.450000000004366,45500.704477611944,45004.88670871292
18.25,35219.13631840796,35399.75519738379,19.74899999999616,34754.435820895524,36866.01448259752,20.047000000005937,33271.339303482586,33960.39803784162,25.902000000001863,28177.289552238806,29709.110955384254,26.500999999996566,27539.55024875622,30024.472786732073,22.59900000000198,27926.96888888889,29784.700770847932,23.702000000004773,34158.153233830846,34915.606633964024,21.99699999999575,36240.796444444444,39227.06657323056,,,,21.151000000005297,44782.5512437811,45332.58384786367,27.300999999999476,43267.86865671642,43384.92269696221,23.799999999995634,36840.94726368159,37761.940232156085,23.247999999999593,34214.17711442786,35480.01383057545,,,,,,,21.148000000001048,45068.97512437811,45652.62731538652,26.499000000003434,45887.17213930348,45215.75706610605
18.348999999994703,35124.68059701493,35476.60453165149,19.851000000002387,34737.655721393035,36796.329829479095,20.098000000005413,33227.81293532338,33332.507358093906,26.35000000000582,28102.46368159204,29575.725297827612,26.598999999994703,27594.220895522387,29978.569493109087,22.699000000000524,28077.283555555554,29711.618780658726,23.75,34094.407960199,34723.442186405046,22.048000000002503,35934.976,39051.72436346648,,,,21.252000000000407,45129.66368159204,45760.92862435169,27.402000000001863,43137.83084577115,43329.05902692023,23.849999999998545,36950.92537313433,37738.685107433936,23.347999999998137,34009.37711442786,35315.29167695728,,,,,,,21.247999999999593,44726.92537313433,45468.4080019758,26.59900000000198,45222.81393034826,44711.35155337538
18.397999999993772,35272.979104477614,35407.92898855408,19.898999999997613,34755.18407960199,36827.451530016355,20.247000000003027,33021.62786069652,33858.64611072179,26.64900000000489,28090.36417910448,29512.2597523943,26.648999999997613,27466.602985074627,29715.277738846064,22.799000000006345,28138.993777777778,29796.17472553142,23.849999999998545,34119.387064676615,34893.03994393833,22.09700000000157,35923.00088888889,38994.27610371409,,,,21.35000000000582,44532.521393034825,45007.96048407014,27.44999999999709,43159.05273631841,43578.404544331934,23.94999999999709,36979.40696517413,37847.05754507286,23.448000000003958,34408.91542288557,35714.4420844653,,,,,,,21.297999999995227,45417.74328358209,45662.27710545814,26.650000000001455,45691.76517412935,45193.10067741182
18.448999999993248,35239.068656716416,35516.61761270731,19.949000000000524,34930.563184079605,36901.28100911002,20.298000000002503,33146.443781094524,33844.87362765709,26.902000000001863,28034.94527363184,29632.444755898156,26.697999999996682,27438.99701492537,29737.48937164214,22.900000000001455,27876.821333333333,29640.902592852137,23.950000000004366,34210.658706467664,35075.345012847465,22.197000000000116,35915.76177777778,39033.45573464144,,,,21.400000000001455,44212.85572139303,44868.56013830575,27.549999999995634,43237.205970149254,43306.03704618424,24.049999999995634,37046.04975124378,37684.931588046435,23.497999999999593,34266.92139303483,35743.92491973327,,,,,,,21.347999999998137,44996.202985074626,45681.78612002964,26.75,45763.12039800995,45275.50011679514
18.497999999999593,35293.46865671642,35435.32071945807,19.99899999999616,34721.51243781095,36805.67717822939,20.398000000001048,33206.5592039801,33811.584209296896,27.002000000000407,27992.565174129355,29525.172623218874,28.040000000000873,27326.503482587064,29870.516234524643,22.949000000000524,27380.394666666667,29262.419060967062,24.05000000000291,34149.89054726368,34857.82947909367,22.25,35853.36888888889,39045.94253679047,,,,21.450000000004366,44729.74328358209,45510.22375895283,27.599999999998545,43027.6776119403,43414.60311187948,24.20100000000093,37072.12736318408,37972.11755989133,23.597999999998137,34187.12835820895,35085.74759199802,,,,,,,21.447999999996682,45089.114427860695,45656.59866633737,26.84900000000198,46337.751243781095,45859.09460406447
18.598999999994703,35025.46467661692,35369.49684653118,20.050999999999476,34810.33233830846,36795.36930623686,20.449000000000524,33115.04875621891,33787.14879701004,27.101000000002387,28288.859701492536,29885.088530717123,28.203999999997905,27370.809950248757,29691.30576967998,23.049000000006345,27489.09511111111,29275.80658724597,24.099999999998545,34245.428855721395,34973.23429105349,22.34900000000198,36229.020444444446,39140.00280308339,,,,21.5,44750.200995024876,45304.35366757224,27.650000000001455,43003.94029850746,43475.5090145715,24.299999999995634,36880.68457711443,37519.26500370462,23.648999999997613,34320.90746268657,35684.05828599654,,,,,,,21.497999999999593,45196.067661691544,45847.19980242035,26.949000000000524,45599.09253731343,45260.18406914272
18.697999999996682,35012.04378109453,35311.90656388694,20.19999999999709,34551.1960199005,36724.23078719925,20.547000000005937,33126.22487562189,33844.97827610371,27.20100000000093,28123.590049751245,29478.148096239198,28.297999999995227,27266.579104477612,29595.014249007243,23.10000000000582,27848.163555555555,29491.22167717823,24.152000000001863,34051.5184079602,34767.76454099509,22.398000000001048,35835.477333333336,39005.806120065405,,,,21.60000000000582,44772.21890547263,45063.73326747345,27.69999999999709,43076.37810945274,43284.63521857249,24.349999999998545,37112.071641791044,37863.836008891085,23.747999999999593,34207.07661691542,35354.222771054585,,,,,,,21.597999999998137,44980.90348258706,45548.78340330946,26.999000000003434,45372.86368159204,44997.23989722028
18.747999999999593,35213.78706467662,35450.535856108385,20.24899999999616,34788.664676616914,36816.100911002104,20.598000000005413,33536.14328358209,34170.97313711749,27.352000000006228,28108.52935323383,29522.530249941603,28.351999999998952,26853.508457711443,29219.62532118664,23.199000000000524,27762.019555555555,29530.81242700304,24.25,34264.72437810945,34955.02546134081,22.497999999999593,35946.282666666666,38784.478392898855,,,,21.650000000001455,44648.86766169154,45374.89355396394,27.750999999996566,42670.296517412935,42977.169671523836,24.44999999999709,37097.32935323383,38048.61249691282,23.798000000002503,34123.04875621891,35441.102494443076,,,,,,,21.648000000001048,44734.614925373135,45502.447023956534,27.10000000000582,45498.82587064677,45015.85237094137
18.799999999995634,35247.379104477615,35256.136416725065,20.29899999999907,34586.157213930346,36621.61551039477,20.648000000001048,32824.35820895522,33552.98294790937,27.5,28083.50248756219,29450.390095772014,28.398000000001048,9185.448756218906,10008.786732071945,23.249000000003434,27855.985777777776,29684.619481429574,24.30000000000291,32411.399004975123,33425.08759635599,22.54899999999907,36167.267555555554,39393.48376547536,,,,21.700000000004366,44416.60497512438,45083.68881205236,27.799999999995634,43222.65472636816,43607.9427019017,24.549999999995634,37018.60298507463,37806.36008891084,23.898999999997613,33565.67562189055,34881.71103976291,,,,,,,21.747999999999593,45045.66766169154,45766.184243022966,27.14900000000489,45379.9960199005,44892.557813594954
18.89999999999418,35125.82686567164,35303.41135248774,20.398999999997613,34604.81592039801,36734.53118430273,20.747000000003027,33022.04179104478,33773.30903994394,27.59900000000198,27885.34129353234,29396.95585143658,28.547999999995227,71.70547263681593,84.36159775753329,23.499000000003434,27713.934222222222,29516.12800747489,24.400000000001455,34068.521393034825,34911.065638869426,22.648000000001048,36317.51111111111,39472.31020789535,,,,21.75,44486.0815920398,44993.556927636455,27.900000000001455,43253.49253731343,43619.77772289454,24.59900000000198,36994.67462686567,37748.79723388491,23.948000000003958,34144.01592039801,35224.096814028155,,,,,,,21.797999999995227,44884.45771144279,45491.57619165226,27.200000000004366,45553.51243781095,44877.08853071712
18.947999999996682,34988.704477611944,35308.434477925715,20.449000000000524,34669.58009950249,36726.48072880168,20.798000000002503,33245.882587064676,33870.17986451764,27.652000000001863,27958.41592039801,29340.90539593553,28.599999999998545,68.47363184079602,87.76267227283346,23.549000000006345,27894.72711111111,29645.9556178463,24.5,34060.08358208955,34828.681149264194,22.75,35948.72888888889,39027.046017285684,,,,21.851000000002387,44558.471641791046,45240.420844653,28.051999999996042,205.8507462686567,127.37959990121017,24.699000000000524,36358.86169154229,37101.43146455915,24.097999999998137,34120.692537313436,35589.781180538404,,,,,,,21.847999999998137,45188.616915422885,45811.80933563843,27.25,45664.85970149254,45294.28451296426
18.997999999999593,35200.44577114428,35431.05255781359,20.54899999999907,34666.28457711443,36521.788367203924,20.848000000005413,33047.99203980099,33752.188740948375,27.749000000003434,27912.692537313433,29258.976874562017,28.697999999996682,74.02985074626865,93.97430506890913,23.59900000000198,27665.692444444445,29436.576500817566,24.55000000000291,33970.03781094527,34775.33660359729,22.84700000000157,36082.09066666666,39142.28638168652,,,,21.950000000004366,44393.17014925373,45115.23437885898,28.099999999998545,168.45373134328358,123.91800444554211,24.750999999996566,36931.47064676617,37656.78439120771,24.148000000001048,34058.12537313433,35359.05556927637,,,,,,,21.997999999999593,45322.73034825871,45931.13558903433,27.35000000000582,45604.96716417911,45100.415790703104
19.047999999995227,35159.339303482586,35289.77341742584,20.601000000002387,34744.835820895525,36732.81943471151,20.948000000003958,32996.616915422885,33693.06984349451,27.949000000000524,28133.349253731343,29644.262555477693,28.747999999999593,77.80298507462686,81.9995328194347,23.650000000001455,27776.227555555557,29156.055127306703,24.650000000001455,34323.48656716418,35028.05138986218,22.898999999997613,35586.44622222222,38615.14225648213,,,,22.0,44770.99303482587,45267.82514201037,28.15099999999802,192.7323383084577,121.30995307483329,24.79899999999907,36628.3144278607,37477.35836008891,24.199000000000524,34114.32437810945,35449.088663867624,,,,,,,22.047999999995227,44889.61592039801,45490.82143739195,27.400000000001455,45366.22487562189,45016.25227750526
19.147999999993772,35018.31641791045,35354.36393366036,20.699000000000524,34879.66567164179,37104.27283345013,21.048000000002503,32998.59104477612,33732.443821537025,28.05000000000291,28025.99800995025,29438.531184302734,28.8070000000007,71.78507462686566,87.28054192945574,23.75100000000384,27817.27288888889,29583.973837888345,24.700000000004366,33949.659701492536,34745.156739079655,22.99699999999575,35925.91644444445,38853.10161177295,,,,22.10000000000582,44514.149253731346,45074.86095332181,28.252000000000407,199.45074626865673,127.73129167695727,24.900000000001455,36709.34925373134,37495.05754507286,24.29899999999907,34047.69751243781,35360.39911089158,,,,,,,22.097999999998137,45210.90547263682,45940.872314151646,27.499000000003434,45399.387064676615,44811.87759869189
19.197999999996682,35054.10547263682,35290.60686755431,20.75,34350.296517412935,36369.823872926885,21.148000000001048,32921.02686567164,33685.97991123569,28.199000000000524,27987.789054726367,29359.592618547067,28.898000000001048,78.55124378109453,91.05536089698668,23.799000000006345,27812.721777777777,29746.747021723895,24.80000000000291,33922.67462686567,34675.34127540294,23.048000000002503,35812.110222222225,38713.156739079655,,,,22.151000000005297,44503.96019900498,45359.74314645591,28.299999999995634,175.37910447761195,122.45986663373672,24.99899999999616,37002.96915422886,37525.30303778711,24.398000000001048,34206.13731343284,35517.60928624352,,,,,,,22.197999999996682,44751.50646766169,45405.55001234873,27.549000000006345,45756.338308457714,45169.99579537491
19.24899999999616,34962.91343283582,35239.85984583041,20.84900000000198,34665.42487562189,36710.7348750292,21.198000000003958,33133.99402985074,33785.104414856345,28.352000000006228,71.41890547263682,80.81476290586312,28.99899999999616,67.47064676616915,85.92758701238029,23.89900000000489,27742.90488888889,28881.05022191077,24.851000000002387,34017.209950248754,34838.84699836487,23.09900000000198,35929.984,39091.397337070775,,,,22.25100000000384,44504.023880597015,45227.526796739934,28.400000000001455,183.00497512437812,127.34008397135095,25.049999999995634,36741.205970149254,37518.61694245493,24.449000000000524,33848.31044776119,35243.665102494444,,,,,,,22.297999999995227,44513.03482587064,45119.33613237837,27.650000000001455,45312.6368159204,44853.58000467181
19.347999999998137,35020.09950248756,35211.05162345246,20.90099999999802,34721.08258706467,36701.454800280306,21.24800000000687,33133.89850746268,33852.49053959355,29.74000000000524,64.1592039800995,78.01915440317683,29.0570000000007,74.15721393034826,83.28147629058631,23.950000000004366,27721.756444444443,29537.076384022424,24.950000000004366,33996.09950248756,34725.44171922448,23.197000000000116,35777.59288888889,38705.23335669236,,,,22.352000000006228,44359.41890547264,44921.14003457644,28.44999999999709,185.80696517412935,126.9449246727587,25.150000000001455,36828.3223880597,37680.91676957274,24.548000000002503,34426.50746268657,35368.00592738948,,,,,,,22.398000000001048,45655.89651741293,46186.799703630524,27.699000000000524,45541.82686567164,45043.651483298294
19.447999999996682,34836.13930348259,35249.67063770147,21.002000000000407,34620.76815920398,36606.325624854006,21.348000000005413,33059.18407960199,33648.22050922682,30.35000000000582,71.78507462686566,79.97010044382154,29.152000000001863,75.09651741293533,87.2170053725765,24.0,27748.565333333332,29485.5706610605,25.0,33895.62587064676,34601.48563419762,23.247999999999593,35945.400888888886,39080.96986685354,,,,22.452000000004773,44467.40696517413,45204.03852803161,28.550999999999476,180.31442786069653,126.98839219560385,25.24899999999616,36724.298507462685,37486.97258582366,24.698000000003958,34023.45074626866,35442.05087675969,,,,,,,22.447999999996682,44680.35820895522,45370.06470733514,27.84900000000198,45661.73930348259,45226.861013781825
19.497999999999593,34954.300497512435,35206.861948142956,21.050999999999476,34426.443781094524,36582.491941135246,21.398000000001048,32972.92736318408,33626.894650782524,30.70100000000093,74.55522388059701,75.56365335202055,29.19999999999709,79.28358208955224,86.4545666900257,24.09900000000198,27759.630222222222,29555.46461107218,25.05000000000291,33936.55721393035,34724.15977575333,23.34900000000198,35804.68622222222,38578.49287549638,,,,22.5,44311.78507462687,45048.78043961472,28.599999999998545,188.5771144278607,128.051370708817,25.299999999995634,36784.477611940296,37636.714250432204,24.798000000002503,34134.03383084577,35535.98024203507,,,,,,,22.497999999999593,45048.23084577115,45656.00197579649,27.89900000000489,45519.17213930348,44977.207194580704
19.547999999995227,34858.204975124376,35025.472553141786,21.15099999999802,34643.42288557214,36579.318850735806,21.497000000003027,32963.72537313433,33687.93085727634,,,,29.297999999995227,69.47661691542288,85.95748656855875,24.14900000000489,27594.88,29372.09810791871,25.150000000001455,33761.432835820895,34484.24199953282,23.400000000001455,35846.926222222224,38881.59962625555,,,,22.602000000006228,44501.062686567166,44960.960237095576,28.69999999999709,180.93532338308458,129.5134601136083,25.400000000001455,36468.33034825871,37438.249444307236,24.847999999998137,34161.305472636814,34821.23190911336,,,,,,,22.59900000000198,44618.618905472635,45236.76166954804,27.999000000003434,44771.2,44268.65872459706
19.647999999993772,34932.202985074626,35360.65031534688,21.199000000000524,34603.08059701492,36625.71548703574,21.547000000005937,32976.92338308458,33650.642373277275,,,,29.347999999998137,67.6139303482587,86.85447325391264,24.199000000000524,27499.875555555554,28991.887876664332,25.20100000000093,33960.8039800995,34710.91800981079,23.447999999996682,35668.26666666667,38878.183601962155,,,,22.650000000001455,44322.929353233834,44980.394171400345,28.799999999995634,186.4915422885572,119.68189676463324,25.49899999999616,36615.68955223881,37610.04099777723,24.948000000003958,33901.54825870647,35281.50160533465,,,,,,,22.697999999996682,44877.67562189055,45232.69943195851,28.150000000001455,45447.339303482586,44881.59962625555
19.69999999999709,34840.708457711444,35189.094136883905,21.250999999996566,34541.42089552239,36520.98855407615,21.648000000001048,32817.09850746269,33612.0457836954,,,,29.398000000001048,70.44776119402985,83.43097407147863,24.299000000006345,27589.091555555555,29342.090165849102,25.25,33813.07860696517,34538.70777855641,23.49899999999616,35646.72,38691.378649848164,,,,22.75,44466.64278606965,45160.77253642875,28.851999999998952,176.30248756218904,124.24598666337367,25.549999999995634,36674.03781094527,37527.64633242776,25.048000000002503,33915.22388059701,35327.502099283774,,,,,,,22.747999999999593,44609.49651741293,45183.44677698197,28.200000000004366,45364.55323383085,44894.546134080825
19.79899999999907,34624.06368159204,34745.04461574399,21.54899999999907,34512.206965174126,36516.0551273067,21.74800000000687,33048.59701492537,33694.325624854006,,,,29.449000000000524,72.67661691542288,90.41625788367205,24.34900000000198,27739.619555555557,29260.617612707312,25.349999999998545,33811.8368159204,34693.37070777856,23.548000000002503,35803.03644444444,39027.143190843264,,,,22.85000000000582,44195.91641791045,44977.296122499385,28.900000000001455,182.95721393034825,129.79007162262286,25.650000000001455,36692.60099502488,37561.357372190665,25.148000000001048,33712.35024875622,35070.715732279576,,,,,,,22.847999999998137,44869.205970149254,45542.48061249691,28.25,45324.76815920398,44787.221677178226
19.898999999997613,34941.850746268654,35164.86802149031,21.59900000000198,34454.81393034826,36412.35225414623,21.798000000002503,33007.64975124378,33855.872926886244,,,,29.497999999999593,70.19303482587064,84.63443120766176,24.39900000000489,27960.13511111111,29708.348516701706,25.401000000005297,33984.9552238806,34685.76500817566,23.697999999996682,35766.51377777778,38978.877832282174,,,,22.950000000004366,43935.3631840796,44807.51197826624,28.94999999999709,183.02089552238806,125.39985181526303,25.750999999996566,37081.39303482587,37735.45665596444,25.34900000000198,34070.7184079602,35260.54235613732,,,,,,,22.947999999996682,45004.99104477612,45492.78537910595,28.34900000000198,45322.0776119403,45026.82924550339
19.947999999996682,34907.86069651741,35200.15697266994,21.70100000000093,34455.562189054726,36509.338939500114,21.997000000003027,32823.91243781095,33524.085026862886,,,,29.547999999995227,81.67164179104478,90.47979444055127,24.50100000000384,27721.728,29203.617846297595,25.499000000003434,33996.9592039801,34599.02639570194,23.74699999999575,35895.936,38968.65965895819,,,,23.051000000006752,44473.67960199005,45020.62138799704,29.0,186.47562189054727,125.26944924672759,25.799999999995634,36732.09950248756,37689.68140281551,25.499000000003434,34073.80696517413,35274.62583353915,,,,,,,23.047999999995227,44533.82686567164,45087.15040750803,28.449000000000524,45258.69850746269,44800.95678579771
20.047999999995227,34925.802985074624,35137.06890913338,21.74899999999616,34409.61592039801,36412.83438448961,22.048000000002503,33066.0776119403,33642.31908432609,,,,29.597999999998137,72.42189054726369,85.16514832982948,24.549000000006345,27478.940444444444,29285.63606633964,25.55000000000291,33942.49552238806,34616.62228451297,23.84700000000157,35704.61866666667,38834.02943237561,,,,23.200000000004366,44038.33631840796,44905.46406520128,29.099999999998545,194.8497512437811,125.8187206717708,25.898999999997613,36516.37810945274,37462.35416152136,25.648000000001048,33981.54825870647,35301.583600889106,,,,,,,23.097999999998137,44792.023880597015,45495.101012595704,28.55000000000291,150.4,96.12333566923616
20.097999999998137,34950.73432835821,35190.73113758468,21.84900000000198,34655.23582089552,36523.8962859145,22.098000000005413,32981.556218905476,33731.62905863116,,,,29.648999999997613,76.7363184079602,84.51109553842561,24.60000000000582,27525.97333333333,29263.77201588414,25.650000000001455,33708.338308457714,34517.26232188741,23.900000000001455,35587.01511111111,38377.50432142023,,,,23.30000000000291,44408.85174129353,44849.351444801185,29.150000000001455,199.355223880597,121.5233390960731,25.94999999999709,36590.981094527364,37475.91207705606,25.747999999999593,33516.43383084577,35043.05062978513,,,,,,,23.197999999996682,44687.53830845771,45104.65201284268,28.650000000001455,153.7910447761194,91.55991590749825
20.147999999993772,34849.78308457712,35069.74258350852,21.90099999999802,34494.710447761194,36701.331464611074,22.24800000000687,32817.799004975124,33520.04858677879,,,,29.699000000000524,74.02985074626865,84.29806120065405,24.70100000000093,27459.740444444444,29157.97243634665,25.75100000000384,33667.16815920398,34308.821303433775,23.947000000000116,35763.811555555556,38869.02312543798,,,,23.35000000000582,43921.73532338309,44724.35860706347,29.19999999999709,183.25970149253732,122.67720424796246,26.050999999999476,36766.742288557216,37429.88787354902,25.84900000000198,33611.430845771145,34908.03655223512,,,,,,,23.297999999995227,44223.63383084577,44727.832057298096,28.699000000000524,143.9363184079602,93.35388927820603
20.25,34868.69651741294,35214.88624153235,21.949000000000524,34380.76815920398,36444.81195982247,22.348000000005413,32965.87462686567,33590.518103246905,,,,29.747999999999593,69.90646766169154,86.0808222377949,24.749000000003434,27553.464888888888,29250.747021723895,25.80000000000291,34035.56616915423,34903.24316748423,23.997999999999593,35629.184,38719.97383788834,,,,23.400000000001455,44080.28656716418,44733.35638429242,29.25,199.70547263681593,124.84662879723389,26.09900000000198,36233.50447761194,37046.54383798469,25.949000000000524,33765.428855721395,34800.6164485058,,,,,,,23.398000000001048,44663.45074626866,45079.97826623858,28.799000000006345,163.2955223880597,95.50665732305536
20.297999999995227,34792.708457711444,35062.7685120299,22.04899999999907,34646.70248756219,35984.119598224715,22.398000000001048,32834.563184079605,33448.95491707545,,,,29.797999999995227,71.83283582089553,85.07544966129409,24.799000000006345,27580.913777777776,29448.685821069845,25.900000000001455,33937.09850746269,34598.0808222378,24.097999999998137,35392.61155555556,38009.17168885774,,,,23.55000000000291,44352.620895522385,44889.819708570016,29.349999999998545,188.1950248756219,124.52259817238824,26.19999999999709,36731.03283582089,37378.339343047664,26.048000000002503,33697.94228855721,35070.32847616696,,,,,,,23.497999999999593,44514.0855721393,45120.77451222524,28.85000000000582,134.5592039800995,96.10091100210231
20.398999999997613,34874.73034825871,35130.25928521374,22.150000000001455,34411.14427860697,36484.35038542397,22.49800000000687,32838.22487562189,33450.035038542395,,,,29.847999999998137,76.16318407960199,87.67297360429806,24.89900000000489,27631.04711111111,29305.179163746787,26.0,33779.295522388056,34442.22191076851,24.148000000001048,35739.136,38686.73674375146,,,,23.602000000006228,44330.396019900494,44780.6885650778,29.400000000001455,190.53532338308457,123.40824895035811,26.351000000002387,36632.1671641791,37490.086441096566,26.097999999998137,33788.84776119403,35059.71844899975,,,,,,,23.697999999996682,44859.81293532338,45578.1318844159,28.950000000004366,155.55820895522388,94.86381686521841
20.447999999996682,34857.69552238806,35054.878766643305,22.199000000000524,34622.121393034824,36449.28568091567,22.548000000002503,32838.57512437811,33575.310441485635,,,,29.898999999997613,79.02885572139303,88.77925718290119,24.999000000003434,27601.493333333332,29430.11819668302,26.099999999998545,33942.63880597015,34473.2651249708,24.24699999999575,36161.720888888885,39290.19948610138,,,,23.70100000000093,44168.294527363185,44728.57495677945,29.44999999999709,191.5542288557214,127.5771795505063,26.45100000000093,36467.980099502485,37289.91059520869,26.148000000001048,33570.35621890547,35008.20153124228,,,,,,,23.797999999995227,44487.928358208956,44828.649049147934,29.05000000000291,151.68955223880596,98.22377949077318
20.497999999999593,34782.53532338308,34993.15860780192,22.29899999999907,34491.605970149256,36469.269796776454,22.648000000001048,32765.771144278606,33395.68138285448,,,,29.947999999996682,65.76716417910448,91.0179864517636,25.05000000000291,27455.459555555557,29235.374912403644,26.150000000001455,33632.70049751244,33452.87923382387,24.29899999999907,35466.85155555556,38591.424433543565,,,,23.80000000000291,44082.77014925373,44713.19535687824,29.5,189.77114427860695,121.13213139046678,26.49899999999616,36446.82189054726,37278.93702148679,26.247999999999593,33772.21094527363,34493.35638429242,,,,,,,23.847999999998137,44309.795024875624,44912.78241541121,29.150000000001455,157.13432835820896,93.87339406680682
20.597999999998137,34737.86268656716,34941.447325391266,22.351000000002387,34368.796019900496,36326.50315346882,22.698000000003958,32730.539303482587,33385.59402008876,,,,29.997999999999593,69.36517412935324,86.66386358327493,25.14900000000489,27450.097777777777,29132.89044615744,26.25100000000384,33644.14726368159,34247.60196215838,24.347999999998137,35595.96088888889,38841.37351086195,,,,23.852000000006228,44019.64577114428,44857.19140528526,29.549999999995634,183.16417910447763,126.063719436898,26.59900000000198,36708.346268656715,37521.624104717215,26.398000000001048,33599.07661691542,35120.25685354409,,,,,,,23.947999999996682,44478.00995024876,44879.65225981724,29.200000000004366,142.53532338308457,98.67227283345012
20.647999999993772,34810.571144278605,34998.114459238495,22.550999999999476,34275.16815920398,36240.295258117265,22.798000000002503,32834.13333333333,33486.04905395935,,,,30.047999999995227,76.01990049751244,89.42583508526046,25.199000000000524,27431.196444444446,29362.05185704275,26.30000000000291,33712.46169154229,34339.47208596122,24.398000000001048,35548.27377777778,38599.10114459239,,,,24.0,44147.0407960199,44583.48826870832,29.599999999998545,191.76119402985074,130.37095579155346,26.699000000000524,36581.81094527363,37407.62064707335,26.449000000000524,33812.1711442786,35160.05334650531,,,,,,,24.047999999995227,44785.40099502487,45389.23783650284,29.249000000003434,148.93532338308458,95.2861480962392
20.697999999996682,34635.797014925374,34949.333333333336,22.599999999998545,34338.48358208955,36236.337304368135,22.898000000001048,32687.26766169154,33420.427003036675,,,,30.097999999998137,72.56517412935324,85.9836486802149,25.299000000006345,27561.216,29322.12099976641,26.450000000004366,33616.01592039801,34425.11936463443,24.497999999999593,35634.048,38639.065638869426,,,,24.052000000003318,43957.14228855722,44695.314398616945,29.69999999999709,194.16517412935323,124.23808347740183,26.799999999995634,36520.612935323385,37080.571005186466,26.548000000002503,33658.33233830846,35208.84761669548,,,,,,,24.148000000001048,44231.291542288556,44946.71079278834,29.34900000000198,152.13532338308457,92.41579070310675
20.747999999999593,34719.85671641791,35014.790936697034,22.648999999997613,34426.33233830846,36414.579771081524,22.948000000003958,32827.44676616915,33668.12987619715,,,,30.148000000001048,75.78109452736318,88.46157439850502,25.34900000000198,27280.213333333333,28878.18360196216,26.5,33436.81592039801,34256.16444755898,24.59700000000157,35449.51466666667,38554.59565522074,,,,24.10000000000582,44087.40298507463,44643.37466040998,29.799999999995634,189.75522388059701,121.65769325759447,26.851000000002387,36335.72935323383,37016.27463571252,26.648000000001048,33590.86169154229,34917.785132131394,,,,,,,24.24899999999616,44624.27064676617,45308.84267720425,29.449000000000524,152.86766169154228,92.44569025928521
20.79899999999907,34867.613930348256,35087.398271431906,22.699000000000524,34242.37213930348,36308.75402943238,23.048000000002503,32609.990049751243,33346.403176827844,,,,30.197999999996682,70.60696517412936,88.98481663162812,25.39900000000489,27808.526222222223,29556.600794206963,26.601000000002387,33602.84975124378,34214.08829712684,24.646999999997206,35716.992,38765.14832982948,,,,24.200000000004366,44077.35721393035,44707.394418374904,29.849999999998545,186.22089552238805,125.95702642627809,26.95100000000093,36278.2407960199,37193.764386268216,26.747999999999593,33718.113432835824,35129.12817979748,,,,,,,24.297999999995227,44192.33432835821,44907.81526302791,29.5,144.3820895522388,94.2434010745153
20.897999999993772,34816.939303482584,35004.61387526279,22.79899999999907,34246.4,36298.26676010278,23.098000000005413,32710.145273631842,33341.96309273534,,,,30.247999999999593,71.29154228855721,90.83111422564821,25.499000000003434,27940.238222222222,29384.596122401308,26.650000000001455,33603.13631840796,34363.85143658024,24.697999999996682,35692.62933333333,38744.928754963796,,,,24.30000000000291,43880.740298507466,44448.08693504569,29.902000000001863,196.69651741293532,123.47147443813287,27.19999999999709,36250.714427860694,37101.45122252408,26.798000000002503,33774.790049751246,34863.25710051865,,,,,,,24.398000000001048,44591.92039800995,45155.29562855026,29.59900000000198,143.79303482587065,89.59775753328661
20.948999999993248,34852.298507462685,35093.736977341745,22.84900000000198,34158.519402985075,36258.85167017052,23.198000000003958,32741.826865671643,33446.473253912634,,,,30.297999999995227,70.4955223880597,86.66012613875263,25.549000000006345,27487.075555555555,29172.671805652884,26.700000000004366,33480.91542288557,34196.574632095304,24.74699999999575,35551.90044444444,38680.62228451297,,,,24.35000000000582,43837.484577114425,44491.48332921709,30.049999999995634,187.81293532338307,123.59397382069646,27.299999999995634,36911.060696517416,37391.81427512966,26.898000000001048,33533.50049751244,35045.60731044703,,,,,,,24.449000000000524,44677.87462686567,45226.64559150407,29.64900000000489,139.1601990049751,94.96099042279842
20.997999999999593,34704.843781094525,34892.43821537024,22.898999999997613,34407.848756218904,36315.16374678813,23.24800000000687,32889.568159203984,33546.763840224245,,,,30.347999999998137,78.55124378109453,84.01401541695866,25.59900000000198,27433.329777777777,29186.34711516001,26.75,33698.75422885572,34379.14879701004,24.79699999999866,35700.864,38750.50502219108,,,,24.401000000005297,44134.27263681592,44739.57224005927,30.15099999999802,184.16716417910447,118.83625586564584,27.351000000002387,36433.432835820895,37183.12274635713,27.048000000002503,33729.17810945274,35107.31538651519,,,,,,,24.497999999999593,44250.82587064677,44988.50284020746,29.699000000000524,153.36119402985074,92.89792104648447
21.04899999999907,34743.976119402985,35015.17589348283,22.99899999999616,34164.21890547263,36225.252043914974,23.348000000005413,32363.590049751245,33061.26232188741,,,,30.398999999997613,74.1094527363184,83.54683485167017,25.699000000000524,27573.717333333334,29352.981079187106,26.849999999998545,33419.76517412935,34158.34804952114,24.898999999997613,35342.47822222222,38476.434477925715,,,,24.450000000004366,43941.93830845771,44428.08792294394,30.19999999999709,182.9094527363184,127.33613237836502,27.5,36250.12537313433,37194.866880711284,27.148000000001048,33440.12736318408,34779.728327982215,,,,,,,24.597999999998137,44698.5552238806,45092.08199555446,29.75,139.79701492537313,95.63746788133614
21.197999999996682,34736.65273631841,34945.8089231488,23.049999999995634,34429.83482587065,36371.25531417893,23.398000000001048,32717.850746268658,33333.94627423499,,,,30.447999999996682,71.29154228855721,87.35155337537958,25.749000000003434,27505.26577777778,29163.421630460172,26.900000000001455,33454.18507462687,34187.5262789068,25.05000000000291,35436.81422222222,38441.83695398271,,,,24.5,43910.65472636816,44712.693504569026,30.252999999996973,187.28756218905474,125.65275376636207,27.599999999998545,36411.71741293532,37097.63398369968,27.298000000002503,33803.86069651741,34927.92491973327,,,,,,,24.648000000001048,44424.979104477614,44787.346999259076,29.80000000000291,145.67164179104478,98.35832749357627
21.24899999999616,34794.01393034826,34943.132912870824,23.15099999999802,34188.46567164179,36207.17028731605,23.497000000003027,32617.90248756219,33295.996262555476,,,,30.497999999999593,71.76915422885573,85.96122401308105,25.799000000006345,27282.190222222223,29111.59448726933,26.950000000004366,33316.95124378109,33986.25741649148,25.148999999997613,35422.43555555555,38659.606633964024,,,,24.602000000006228,44105.80696517413,44919.61867127686,30.299999999995634,189.2776119402985,132.83279822178315,27.69999999999709,36476.41791044776,37197.795011113856,27.398000000001048,33787.876616915426,35070.22573474932,,,,,,,24.747999999999593,44549.77910447761,45456.74289948135,29.84900000000198,148.5054726368159,96.45970567624387
21.347999999998137,34846.53532338308,34964.49988320486,23.199000000000524,34201.77512437811,36081.726699369305,23.548000000002503,32587.000995024875,33285.822938565754,,,,30.547999999995227,70.4318407960199,88.0691427236627,25.84900000000198,27333.347555555556,29135.779490773184,27.05000000000291,33390.439800995024,34238.28451296426,25.247999999999593,35937.86311111111,39054.38542396636,,,,24.702000000004773,43535.80895522388,43650.63571252161,30.349999999998545,181.77910447761195,124.585823660163,27.74899999999616,36256.6368159204,37074.24055322302,27.448000000003958,33486.407960199,34763.81526302791,,,,,,,24.898000000001048,44212.58507462686,44945.288219313414,29.900000000001455,149.28557213930347,91.0628357860313
21.448999999993248,34590.77412935323,34862.68068208363,23.250999999996566,34319.93631840796,36187.54122868489,23.59700000000157,32774.2407960199,33391.72342910535,,,,30.597999999998137,69.49253731343283,86.13314646110722,25.952000000004773,27531.676444444445,29175.51226348984,27.150000000001455,33266.610945273635,34141.81359495445,25.29699999999866,35461.54666666667,38414.72179397337,,,,24.75,43718.44776119403,44488.626327488266,30.400000000001455,186.73034825870647,128.8258829340578,28.250999999996566,36143.93631840796,36856.02173376142,27.548000000002503,32995.8368159204,34352.30032106693,,,,,,,24.997999999999593,43552.90746268657,44328.61052111632,29.949000000000524,146.91343283582088,96.72880168185003
21.497999999999593,34695.64179104478,34899.266526512496,23.349999999998545,34488.421890547266,36408.71945807055,23.698000000003958,32606.694527363183,33203.27773884607,,,,30.648000000001048,76.14726368159204,88.8764307404812,25.999000000003434,27299.427555555554,29076.503620649382,27.200000000004366,33939.72537313433,34746.2368605466,25.396999999997206,35445.54666666667,38315.152534454566,,,,24.80000000000291,43726.519402985075,44454.041985675474,30.45100000000093,177.19402985074626,122.57051123734256,28.550999999999476,36325.07860696517,36851.793529266484,27.597999999998137,33599.53830845771,34873.87107927883,,,,,,,25.097999999998137,44108.08358208955,44894.94097307977,30.0,143.66567164179105,96.53819201121233
21.597999999998137,34578.977114427864,34786.76944639103,23.398999999997613,34243.13631840796,36271.79817799579,23.74800000000687,32561.814925373135,33249.412754029436,,,,30.697999999996682,69.85870646766169,87.85610838589115,26.249000000003434,27449.301333333333,29217.0390095772,27.30000000000291,33299.78905472637,33987.48329829479,25.447999999996682,35403.392,38674.780658724594,,,,24.85000000000582,43910.2407960199,44493.8108174858,30.549999999995634,192.39800995024876,131.17312916769572,28.95100000000093,36409.74328358209,37048.68164979007,27.648000000001048,33098.01393034826,34532.15707582119,,,,,,,25.648000000001048,44336.23880597015,44993.11830081502,30.049000000006345,148.76019900497514,91.70567624386825
21.647999999993772,34523.44676616915,34803.5019855174,23.449000000000524,33893.205970149254,35793.128708245735,23.848000000005413,32509.930348258706,33194.16211165616,,,,30.74899999999616,72.8676616915423,86.66760102779725,26.64900000000489,27581.781333333332,29365.837888343845,27.400000000001455,33432.660696517414,34189.3352020556,25.49699999999575,35327.872,38406.08455968232,,,,29.25100000000384,172.97512437810946,110.84218325512472,30.599999999998545,181.6358208955224,126.84613484811065,29.04899999999907,36269.62786069652,37037.976784391205,27.749000000003434,33538.21293532338,34779.14744381329,,,,,,,25.747999999999593,44467.00895522388,45430.08545319832,30.101000000002387,161.68756218905472,94.6208829712684
21.697999999996682,34649.95024875622,34962.1602429339,23.54899999999907,34259.39104477612,36196.50362064938,23.898000000001048,32574.981094527364,33223.33286615277,,,,30.79899999999907,71.60995024875622,86.88063536556879,26.84900000000198,27178.908444444445,28876.475589815465,27.450000000004366,33429.03084577114,34133.80798878767,25.597999999998137,35388.430222222225,38438.809623919646,,,,29.75,190.37611940298507,117.29118300815016,30.650000000001455,193.46467661691543,127.67992096814028,29.199000000000524,36139.5104477612,36886.310693998515,27.847999999998137,33545.04278606965,34916.81699184984,,,,,,,25.847999999998137,44109.96218905473,44758.86786860953,30.14900000000489,153.93432835820894,95.57766876897921
21.75,34462.200995024876,34820.46624620416,23.601000000002387,34091.98805970149,36109.6379350619,24.048000000002503,32367.347263681593,33144.85026862883,,,,30.847999999998137,75.74925373134329,86.87316047652418,26.949000000000524,27138.275555555556,29001.92665265125,27.5,33298.117412935324,34080.17565989255,25.699000000000524,35293.056,38384.46344312077,,,,29.80000000000291,182.8139303482587,108.50284020745863,30.69999999999709,182.4955223880597,121.39688812052358,29.449000000000524,145.19402985074626,84.01086688071129,27.948000000003958,33375.61791044776,34792.812052358604,,,,,,,25.896999999997206,44126.26467661691,44506.57446283033,30.25,157.38905472636816,100.44008409250175
21.849999999998545,34455.848756218904,34819.591684185936,23.648999999997613,34028.72039800995,35985.08759635599,24.147000000004482,31362.101492537313,32524.965195047887,,,,30.898999999997613,75.54228855721394,88.12520439149732,26.999000000003434,27365.489777777777,28995.924316748424,27.599999999998545,33347.39104477612,34029.155804718524,25.747999999999593,35422.53511111111,38538.177061434246,,,,29.900000000001455,179.88457711442786,117.5440849592492,30.75,194.5950248756219,128.3872561126204,29.550999999999476,139.9402985074627,87.03383551494196,28.048000000002503,33287.78507462687,34708.188688565075,,,,,,,25.947999999996682,44050.35621890547,44947.070387750064,30.300999999999476,148.31442786069653,97.09507124503621
21.897999999993772,34572.17910447761,34802.00327026396,23.70100000000093,34222.94925373134,36198.85073580939,24.24800000000687,32519.498507462686,33311.89535155337,,,,30.947999999996682,69.17412935323384,86.6937631394534,27.09900000000198,27175.466666666667,28974.213501518338,27.650000000001455,33224.89950248756,34110.41158607802,25.79899999999907,35484.430222222225,38577.20345713618,,,,29.950000000004366,184.66069651741293,118.27908125463077,30.799999999995634,194.08557213930348,118.77303037787108,29.65099999999802,121.7910447761194,89.2585823660163,28.198000000003958,33420.08358208955,34656.60854531983,,,,,,,26.09900000000198,44340.441791044774,45025.32773524327,30.401000000005297,152.8995024875622,94.71431908432609
21.997999999999593,34594.21293532338,34774.08829712684,23.900000000001455,33962.49154228856,36063.8654519972,24.348000000005413,32471.291542288556,33192.188740948375,,,,31.002000000000407,70.41592039800994,86.79467414155572,27.14900000000489,27237.902222222223,28899.14319084326,27.900000000001455,33386.50746268657,34240.33637000701,25.896999999997206,35404.01777777778,38375.54963793506,,,,30.002000000000407,181.61990049751245,112.9325759446777,30.900000000001455,184.70845771144278,121.23092121511485,29.750999999996566,141.07064676616915,88.65003704618424,28.30000000000291,125.46865671641791,96.25290195109903,,,,,,,26.199000000000524,44015.61791044776,44712.831810323536,30.449000000000524,142.31243781094528,92.66619948610138
22.047999999995227,34598.68656716418,34746.2704975473,24.24899999999616,34094.75820895522,36155.67203924317,24.397000000004482,32205.834825870646,32887.22448026162,,,,31.047999999995227,77.67562189054726,81.92104648446625,27.249000000003434,27158.45688888889,28915.520672740015,28.050999999999476,33492.01194029851,34200.01681850035,25.997999999999593,35187.157333333336,38240.882036907264,,,,30.101000000002387,188.8318407960199,115.77772289454187,30.94999999999709,184.16716417910447,123.24623363793529,29.851999999998952,146.563184079602,87.7806865892813,28.40099999999802,126.40796019900498,100.39812299333168,,,,,,,26.297999999995227,44182.90945273632,44972.605581625096,30.502000000000407,141.5641791044776,90.9170754496613
22.147999999993772,34491.526368159204,34742.843260920345,24.74899999999616,33883.90845771144,35950.871291754265,24.497000000003027,32423.180099502486,33125.497780892314,,,,31.097999999998137,73.5681592039801,85.71081523008642,27.34900000000198,27299.21422222222,29026.46671338472,28.099999999998545,33179.36716417911,33943.72529782761,26.04899999999907,35327.78666666667,38273.03527213268,,,,30.150000000001455,189.80298507462686,112.57298098295875,31.000999999996566,184.46965174129355,121.70511237342554,29.898999999997613,144.8597014925373,85.47690787848852,28.5,125.94626865671641,98.84514694986416,,,,,,,26.398000000001048,44035.0407960199,44685.57767349963,30.549000000006345,151.65771144278608,96.88951179630928
22.197999999996682,34577.94228855721,34759.51973837888,25.000999999996566,33795.86865671642,35834.861013781825,24.647000000004482,32436.680597014925,33068.9502452698,,,,31.148000000001048,64.0955223880597,82.42933893950011,27.39900000000489,26975.94311111111,28842.221910768512,28.200000000004366,33253.14228855722,34082.044382153705,26.09700000000157,35354.282666666666,38471.86732071946,,,,30.35000000000582,183.21194029850747,115.00716226228698,224.16100000000006,63.63383084577114,67.88441590516177,29.99899999999616,148.88756218905473,84.97110397629044,28.548000000002503,124.05174129353234,104.90293899728329,,,,,,,26.497999999999593,43966.37611940299,44618.71672017782,30.650000000001455,150.76616915422886,98.02569493109087
22.297999999995227,34630.89353233831,34813.10721793973,25.349999999998545,33856.81194029851,35783.889745386594,24.897000000004482,32296.93134328358,33091.18804017753,,,,31.205000000001746,74.63482587064676,91.75052557813595,27.549000000006345,27102.79111111111,28898.90025694931,28.30000000000291,33217.40099502487,33882.808689558515,26.197000000000116,35060.465777777776,38212.892314879704,,,,30.452000000004773,182.1134328358209,107.6334897505557,,,,30.09900000000198,141.16616915422887,82.73055075327241,28.648000000001048,118.12935323383084,102.43714497406768,,,,,,,26.59900000000198,44147.58208955224,44939.665102494444,30.699000000000524,151.57810945273633,93.21934127540294
22.398999999997613,34500.01194029851,34859.12263489839,25.59900000000198,33937.81492537313,35656.62975940201,24.997000000003027,32410.491542288557,33031.43377715487,,,,31.247999999999593,74.41194029850746,88.55501051156271,27.60000000000582,27114.097777777777,28695.844896052324,28.349999999998545,32918.14527363184,33636.645643541226,26.247999999999593,35178.19733333333,37997.13711749591,,,,30.5,181.93830845771143,119.2511731291677,,,,30.199000000000524,144.4139303482587,89.3652753766362,28.747999999999593,124.03582089552239,104.69745616201531,,,,,,,26.699000000000524,43852.65671641791,44530.9478883675,30.75,145.1144278606965,97.97337070777856
22.44999999999709,34429.69154228856,34775.72529782761,25.699000000000524,33667.24776119403,35652.76150432142,25.148000000001048,32478.185074626865,33061.471618780655,,,,31.297999999995227,66.99303482587065,87.15346881569727,27.749000000003434,27343.644444444446,29034.90212567157,28.400000000001455,33341.611940298506,33778.4966129409,26.298000000002503,35391.544888888886,38336.452230787196,,,,30.552000000003318,183.4825870646766,108.80316127438874,,,,30.24899999999616,145.17810945273632,85.77722894541863,28.79899999999907,120.07164179104478,103.29068905902692,,,,,,,26.79899999999907,43713.99004975124,44295.43294640652,30.80000000000291,153.83880597014925,92.84933426769446
22.497999999999593,34269.42089552239,34522.035038542395,25.79899999999907,33666.45174129353,35616.5195047886,25.198000000003958,32493.675621890547,33163.90376080355,,,,31.348999999994703,68.13930348258707,89.13057696799814,27.84900000000198,27201.365333333335,28872.024293389393,28.5,33136.09552238806,33893.224947442184,26.398000000001048,35097.42933333333,37973.16514832983,,,,30.60000000000582,179.2636815920398,111.13460113608298,,,,30.351999999998952,148.5054726368159,80.95628550259323,28.847999999998137,128.0955223880597,102.20795258088417,,,,,,,26.898000000001048,44082.658706467664,44666.06865892813,30.85000000000582,145.17810945273632,95.03200186872226
22.597999999998137,34510.694527363186,34756.410184536326,25.851000000002387,33524.85572139303,35328.9044615744,25.298000000002503,32275.3592039801,32970.70404111189,,,,31.398000000001048,75.04875621890547,89.33987386124737,27.901000000005297,27137.635555555556,28764.61013781827,28.550999999999476,33051.63781094527,33734.746087362764,26.49699999999575,35643.15022222222,38571.54870357393,,,,30.652000000001863,189.51641791044776,112.57298098295875,,,,30.44999999999709,155.08059701492536,87.14052852556186,28.948000000003958,124.6726368159204,103.88737959990121,,,,,,,26.997999999999593,43880.023880597015,44664.44455421092,30.89900000000489,149.19004975124378,95.8131277738846
22.647999999993772,34510.31243781094,34663.17589348283,25.949000000000524,34160.25472636816,36080.50081756599,25.34700000000157,32382.99701492537,33114.289184769914,,,,31.447999999996682,66.40398009950249,85.72202756365336,27.949000000000524,27266.50311111111,28910.138752627892,28.650000000001455,68.88756218905472,75.80658724597056,26.548000000002503,34968.23466666666,38082.70590983415,,,,30.702000000004773,195.72537313432835,112.2805631020005,,,,30.49899999999616,143.7134328358209,86.6347246233638,29.048000000002503,119.03681592039801,102.27512966164485,,,,,,,27.047999999995227,43977.6,44510.253395900225,30.949000000000524,159.95223880597015,91.23475823405747
22.747999999999593,34578.96119402985,34720.295258117265,26.0,33585.99004975124,35675.91871058164,25.398000000001048,32288.01592039801,32957.97056762439,,,,31.497999999999593,68.56915422885572,88.33450128474655,28.049000000006345,27170.190222222223,28873.91170287316,28.700000000004366,65.94228855721393,68.05886475122635,26.648000000001048,35586.37511111111,38862.83017986452,,,,30.75,190.50348258706467,107.45566806618918,,,,30.551999999996042,142.21691542288556,92.3210669301062,29.148000000001048,131.24776119402986,103.27488268708323,,,,,,,27.146999999997206,44155.160199004975,45208.70535934799,30.999000000003434,143.18805970149253,94.48633496846531
22.797999999995227,34404.85572139303,34648.72693295959,26.04899999999907,33848.835820895525,35658.19574865686,25.49800000000687,32242.5631840796,32956.82317215604,,,,31.547999999995227,61.91442786069652,85.90889978976874,28.14900000000489,27426.190222222223,29034.225648213036,28.75,71.30746268656716,72.90259285213735,26.697000000000116,34769.664,37981.948142957255,,,,30.80000000000291,185.8228855721393,113.5687824154112,,,,30.59900000000198,131.2318407960199,85.9313410718696,29.19999999999709,133.44477611940297,100.12151148431711,,,,,,,27.347999999998137,39347.709452736315,39825.805877994564,31.049000000006345,150.12935323383084,92.95398271431908
22.847999999998137,34379.22388059701,34681.89675309507,26.148999999997613,33594.10945273632,35678.24713851904,25.548000000002503,32246.49552238806,33071.24129876197,,,,31.597999999998137,72.91542288557214,90.47979444055127,28.199000000000524,27101.283555555554,28777.324924083157,28.849999999998545,72.46965174129353,72.67087129175427,26.798000000002503,35117.78133333333,38162.4966129409,,,,30.85000000000582,186.77810945273632,110.19412200543344,,,,30.69999999999709,145.43283582089552,88.59076315139541,29.30000000000291,125.61194029850746,101.68239071375649,,,,,,,27.54899999999907,139.0328358208955,97.43442825388985,31.151000000005297,147.88457711442786,95.6673674375146
22.948999999993248,34277.95422885572,34615.05255781359,26.24899999999616,33612.59303482587,35662.52370941369,25.647000000004482,32342.0815920398,33039.510394767574,,,,31.648000000001048,66.7542288557214,88.41672506423733,28.301000000006752,27281.905777777778,28919.616911936464,28.900000000001455,71.45074626865672,72.15136650315347,26.84700000000157,35273.00266666667,38269.39126372343,,,,30.902000000001863,179.66169154228857,119.25512472215362,,,,30.750999999996566,140.46567164179103,85.51247221536181,29.347999999998137,123.76517412935323,110.24549271425043,,,,,,,27.650000000001455,123.31940298507463,95.43887379599902,31.200000000004366,157.4686567164179,99.60289651950478
22.997999999999593,34380.49751243781,34609.95094604065,26.34900000000198,33691.46268656717,35679.85050221911,25.698000000003958,32279.387064676615,32961.00911002103,,,,31.697999999996682,69.84278606965174,90.25928521373511,28.39900000000489,27234.816,28811.264657790234,29.0,72.02388059701492,71.19831814996496,26.898000000001048,35151.31733333333,38178.49287549638,,,,30.950000000004366,174.32835820895522,112.20943442825389,,,,30.799999999995634,148.792039800995,83.6078043961472,29.448000000003958,135.1960199004975,103.57915534699926,,,,,,,27.797999999995227,133.4129353233831,89.84736972091875,31.25,154.3323383084577,93.12964260686755
23.04899999999907,34359.64179104478,34574.86755430974,26.400000000001455,33789.35721393035,35708.40457836954,25.74800000000687,31968.36616915423,32772.073814529314,,,,31.747999999999593,72.78805970149254,86.36860546601261,28.449000000000524,27224.26311111111,28633.777154870357,29.099999999998545,66.19701492537314,77.2455033870591,26.997999999999593,35246.008888888886,38393.37724830647,,,,31.0,186.28457711442786,117.11336132378365,,,,30.849999999998545,140.0358208955224,82.75030871820202,29.597999999998137,121.71144278606965,100.14917263521858,,,,,,,27.947999999996682,125.88258706467661,92.13534205976785,31.30000000000291,159.4268656716418,98.78065872459706
23.148999999997613,34255.203980099504,34483.11329128708,26.449000000000524,33849.982089552235,35568.855874795605,25.798000000002503,31883.207960199004,32609.722961924785,,,,31.797999999995227,65.46467661691543,90.44989488437281,28.59900000000198,27204.309333333335,28943.073113758466,29.200000000004366,68.88756218905472,69.52394300397104,27.048000000002503,35240.718222222225,38333.84349451063,,,,31.05000000000291,170.873631840796,115.44183749073845,,,,30.898999999997613,140.0358208955224,85.44924672758705,29.898999999997613,124.17910447761194,100.64312175845888,,,,,,,28.047999999995227,125.91442786069652,98.10224746851074,31.34900000000198,145.28955223880598,99.8495678579771
23.197999999996682,34332.17910447761,34500.94090165849,26.49899999999616,33570.77014925373,35588.33543564588,25.897000000004482,32208.541293532337,32932.268161644475,,,,31.847999999998137,69.84278606965174,79.73090399439383,28.64900000000489,27050.496,28864.68021490306,29.25,72.81990049751244,74.50221910768512,27.09700000000157,35048.53333333333,38089.014716187805,,,,31.101000000002387,174.48756218905473,114.75030871820202,,,,30.949000000000524,142.96517412935324,85.58755248209434,30.097999999998137,130.06965174129354,97.93232897011607,,,,,,,28.097999999998137,126.07363184079603,95.61669548036552,31.400000000001455,140.75223880597014,95.13665031534688
23.297999999995227,34413.67562189055,34652.44942770381,26.59900000000198,33625.66368159204,35537.34548002803,25.99800000000687,32190.805970149253,32927.70100443822,,,,31.898000000001048,75.71741293532338,85.68839056295258,28.799000000006345,26987.434666666668,28743.265592151365,29.34900000000198,71.89651741293532,66.71712216771782,27.146999999997206,35023.72977777778,38159.49918243401,,,,31.200000000004366,186.55522388059703,114.47369720918745,,,,30.99899999999616,146.22885572139305,87.25512472215362,30.398999999997613,134.92537313432837,107.53469992590763,,,,,,,28.148000000001048,133.87462686567164,91.38453939244258,31.449000000000524,146.48358208955224,91.60102779724363
23.349999999998545,34271.840796019904,34493.80238262088,26.648999999997613,33725.850746268654,35747.434711516,26.048000000002503,32187.653731343282,32893.08105582808,,,,31.947999999996682,68.76019900497512,89.1679514132212,28.900000000001455,26818.076444444443,28551.706610605,29.400000000001455,68.53731343283582,66.19761737911703,27.247999999999593,34943.03288888889,38013.02125671572,,,,31.25,188.4497512437811,116.07804396147196,,,,,,,30.601999999998952,134.1771144278607,103.60681649790071,,,,,,,28.247999999999593,128.955223880597,96.44257841442331,31.499000000003434,151.51442786069651,94.20228918476991
23.447999999996682,34281.87064676617,34518.60406447092,26.750999999996566,33515.924378109456,35531.96729736043,26.098000000005413,32129.878606965172,32875.601027797245,,,,32.000999999996566,67.88457711442786,89.51179630927354,28.949000000000524,26863.985777777776,28685.271665498716,29.450000000004366,77.69154228855722,74.04998832048587,27.347999999998137,34976.810666666664,38173.91076851203,,,,31.30000000000291,181.42885572139303,114.05877994566559,,,,,,,30.698000000003958,119.46666666666667,102.57940232156088,,,,,,,28.297999999995227,122.06169154228856,98.48950358113115,31.549000000006345,141.1502487562189,98.83298294790937
23.54899999999907,33945.61592039801,34217.39219808456,26.79899999999907,33523.613930348256,35539.77855641206,26.198000000003958,32194.149253731342,32893.34641438916,,,,32.04799999999523,76.9592039800995,88.58117262321888,29.049000000006345,27109.87377777778,28851.363700070076,29.5,62.61492537313433,72.05045550105116,27.398000000001048,34845.59644444445,38015.274935762674,,,,31.35000000000582,197.14228855721393,111.490244504816,,,,,,,30.79899999999907,127.68159203980099,108.83477401827612,,,,,,,28.347999999998137,124.13134328358208,91.83502099283774,31.60000000000582,148.44179104477612,99.8906797477225
23.597999999998137,34212.394029850744,34471.97944405513,26.84900000000198,33559.59402985075,35644.43821537024,26.24800000000687,32180.744278606966,32805.08292455034,,,,32.09799999999814,69.38109452736319,90.84606400373744,29.09900000000198,27034.979555555554,28753.0726465779,29.55000000000291,68.80796019900498,74.60313010978743,27.497999999999593,35132.48711111111,38189.54076150432,,,,31.400000000001455,192.47761194029852,116.92368486045937,,,,,,,30.847999999998137,129.83084577114428,105.59051617683379,,,,,,,28.449000000000524,127.88855721393035,98.08248950358113,31.650000000001455,140.33830845771143,100.80635365568793
23.697999999996682,34262.065671641794,34631.35155337538,26.949000000000524,33754.02985074627,35790.88997897688,26.34700000000157,32197.683582089554,32868.70170520907,,,,32.14800000000105,74.98507462686567,91.11889745386591,29.199000000000524,26965.902222222223,28770.276103714084,29.599999999998545,69.6039800995025,70.71992525110956,27.548000000002503,34886.641777777775,38017.28568091567,,,,31.450000000004366,192.9870646766169,114.82538898493455,,,,,,,30.898000000001048,132.93532338308458,103.14448011854779,,,,,,,28.497999999999593,132.3462686567164,94.83428006915288,31.700000000004366,144.9870646766169,92.60266292922215
23.75,34166.65472636816,34463.10301331465,26.99899999999616,33630.80597014925,35475.47208596122,26.398000000001048,32190.790049751246,32829.71642139687,,,,32.19799999999668,70.73432835820896,90.45736977341743,29.299000000006345,71.85066666666667,84.24199953281943,29.64900000000489,66.10149253731343,74.22938565755665,27.648000000001048,35070.919111111114,38238.84139219808,,,,31.5,171.04875621890548,118.55569276364534,,,,,,,30.948000000003958,136.91542288557213,97.99160286490492,,,,,,,28.54899999999907,131.50248756218906,97.68733020498888,31.749000000003434,150.2726368159204,93.4809623919645
23.849999999998545,34242.37213930348,34511.53281943471,27.04899999999907,33514.14129353234,35494.237794907734,26.499000000003434,32198.16119402985,32836.70170520907,,,,32.24799999999959,74.33233830845771,86.22284512964261,29.34900000000198,77.61066666666666,82.39570193879935,29.700000000004366,68.47363184079602,70.71992525110956,27.747999999999593,34885.84533333333,37954.063069376316,,,,31.55000000000291,187.06467661691542,117.46110150654482,,,,,,,30.999000000003434,121.24975124378109,101.87206717708077,,,,,,,28.597999999998137,132.36218905472637,97.94023215608792,31.799000000006345,161.54427860696518,98.8927820602663
23.897999999993772,34181.014925373136,34371.87199252511,27.101000000002387,33889.592039801,35852.66246204158,26.64900000000489,32115.93233830846,32763.69072646578,,,,32.29799999999523,65.13034825870646,84.56341976173792,29.39900000000489,68.76444444444445,84.12240130810558,29.75100000000384,70.12935323383084,69.65475356225181,27.798000000002503,35097.17333333333,38114.69096005606,,,,31.60000000000582,169.61592039800996,115.2403062484564,,,,,,,31.09900000000198,128.46169154228855,108.60558162509261,,,,,,,28.648000000001048,123.12835820895522,98.33934304766609,31.85000000000582,150.06567164179106,95.44685821069844
23.948999999993248,34184.08756218905,34430.38916141089,27.199000000000524,33361.09850746269,35374.15370240598,26.75,32168.533333333333,32906.64797944405,,,,32.34799999999814,72.54925373134328,88.87269329595888,29.449000000000524,66.07644444444445,76.69236159775754,29.80000000000291,70.6547263681592,73.8294790936697,27.898000000001048,73.24444444444444,88.84653118430273,,,,31.650000000001455,190.61492537313433,109.77920474191158,,,,,,,31.148000000001048,119.88059701492537,100.2953815756977,,,,,,,28.74699999999575,132.99900497512436,92.50679180044456,31.901000000005297,147.74129353233832,97.2296192478393
23.997999999999593,34271.33134328358,34444.50922681617,27.29899999999907,33560.21492537313,35460.671805652884,26.898000000001048,32130.149253731342,32834.93015650549,,,,32.39800000000105,63.808955223880595,89.69119364634432,29.549000000006345,67.3848888888889,83.68885774351787,29.849999999998545,69.34925373134328,69.44545666900257,27.947000000000116,63.047111111111114,83.7486568558748,,,,31.702000000004773,188.00398009950248,114.2721659669054,,,,,,,31.19999999999709,137.7273631840796,100.2756236107681,,,,,,,28.797999999995227,130.73830845771144,95.05161768337861,31.949000000000524,141.75522388059701,95.54776921280074
24.148999999997613,34081.54427860696,34402.87409483766,27.34900000000198,33533.5960199005,35527.732772716656,26.949000000000524,32071.641791044774,32725.819201121234,,,,32.44799999999668,74.28457711442786,89.13805185704275,29.64900000000489,69.41866666666667,77.44732539126372,29.900000000001455,70.90945273631841,69.89395001167951,27.997999999999593,69.91644444444445,80.79981312777389,,,,31.75,186.1731343283582,110.62879723388491,,,,,,,31.247999999999593,137.61592039800996,109.94517164732032,,,,,,,28.847999999998137,126.93333333333334,98.26821437391949,32.049000000006345,138.77810945273632,97.21840691427236
24.197999999996682,34085.09452736318,34385.517402476056,27.398999999997613,33582.90149253731,35388.41205325859,27.047000000005937,32037.58805970149,32702.26956318617,,,,32.49799999999959,70.7820895522388,90.61060499883204,29.70100000000093,73.31555555555556,83.4197617379117,29.950000000004366,74.22089552238806,70.96285914505957,28.097999999998137,74.22577777777778,82.46297594020089,,,,31.80000000000291,184.1034825870647,112.75870585329712,,,,,,,31.29899999999907,136.3900497512438,105.76438626821438,,,,,,,28.898000000001048,126.04179104477612,94.1862188194616,32.10200000000623,132.90348258706467,93.2940901658491
24.297999999995227,34171.749253731345,34369.20345713618,27.49899999999616,33440.90746268657,35428.443821537025,27.098000000005413,31943.100497512438,32580.866152768045,,,,32.54799999999523,67.00895522388059,85.37070777855641,29.749000000003434,66.92977777777777,81.86872226115393,29.999000000003434,73.77512437810945,72.28591450595655,28.197999999996682,70.4,81.39406680682083,,,,31.85000000000582,192.89154228855722,115.05062978513213,,,,,,,31.347999999998137,129.38507462686567,109.83057545072857,,,,,,,28.947999999996682,127.72935323383085,95.6641145961966,32.14900000000489,154.76218905472638,92.73721093202522
24.348999999994703,34198.76616915423,34515.169352954916,27.59900000000198,33302.46368159204,34660.45503387059,27.148000000001048,32178.75422885572,32834.369539827145,,,,32.59799999999814,76.72039800995024,82.77692128007475,29.80000000000291,77.71022222222223,77.17075449661294,30.05000000000291,73.77512437810945,73.45947208596122,28.24699999999575,75.67644444444444,80.20555944872693,,,,31.900000000001455,192.8597014925373,116.48505803902198,,,,,,,31.400000000001455,128.92338308457713,105.14003457643862,,,,,,,28.997999999999593,121.64776119402985,94.7512966164485,32.199000000000524,149.9860696517413,94.5760336370007
24.448999999993248,34021.603980099506,34363.978509693996,27.699000000000524,33411.661691542286,35393.296893249244,27.24800000000687,31999.15621890547,32702.52744685821,,,,32.64800000000105,73.52039800995024,85.57252978276104,29.89900000000489,70.82666666666667,82.4218640504555,30.09900000000198,77.1502487562189,74.1658491006774,28.347999999998137,67.86844444444445,85.2286848867087,,,,31.950000000004366,177.67164179104478,113.15781674487528,,,,,,,31.448000000003958,132.792039800995,98.68313163744135,,,,,,,29.047999999995227,132.02786069651742,98.55668066189183,32.25,137.28159203980098,97.53608969866853
24.497999999999593,34166.97313432836,34497.59962625555,27.74899999999616,33320.53333333333,35428.20088764308,27.34700000000157,32070.06567164179,32792.29712683953,,,,32.69799999999668,74.82587064676616,85.03807521607101,29.949000000000524,67.99644444444445,83.83088063536557,30.151000000005297,74.47562189054726,69.11282410651717,28.447000000000116,79.55911111111111,83.37864984816632,,,,32.0,204.5134328358209,114.33934304766609,,,,,,,31.5,139.0328358208955,105.14003457643862,,,,,,,29.097999999998137,119.70547263681593,97.05112373425537,32.30000000000291,147.02487562189054,96.31020789535155
24.597999999998137,34081.86268656716,34279.714085494044,27.79899999999907,33557.90646766169,35503.080588647514,27.397000000004482,32088.055721393033,32675.098341508994,,,,32.74899999999616,67.31144278606965,88.06540527914039,30.09900000000198,67.584,83.11702873160476,30.200000000004366,75.59004975124378,72.72693295958888,28.497999999999593,69.29066666666667,83.25531417893016,,,,32.05000000000291,191.8407960199005,112.46233637935293,,,,,,,31.548000000002503,139.06467661691542,101.9313410718696,,,,,,,29.148000000001048,124.8955223880597,100.67868609533218,32.35000000000582,143.92039800995025,93.56318617145527
24.648999999997613,34026.69850746269,34197.411819668305,27.898999999997613,33413.49253731343,35351.59448726933,27.447000000000116,31976.72437810945,32500.22704975473,,,,32.79799999999523,69.92238805970149,85.70707778556412,30.14900000000489,68.76444444444445,78.46391030133147,30.25,67.1363184079602,71.48983882270498,28.597999999998137,70.55644444444444,86.96285914505957,,,,32.10000000000582,183.11641791044775,117.80489009632008,,,,,,,31.648000000001048,130.9452736318408,104.74487527784638,,,,,,,29.197999999996682,124.3223880597015,96.6164485058039,32.39900000000489,146.21293532338308,98.68348516701705
24.697999999996682,34231.068656716416,34580.567157206264,27.95100000000093,33459.82089552239,35440.523242233125,27.497000000003027,31975.753233830845,32485.445456669004,,,,32.84799999999814,70.2089552238806,87.85237094136883,30.199000000000524,65.70666666666666,83.15440317682784,30.30000000000291,70.00199004975124,74.99182434010746,28.697000000000116,72.88888888888889,81.13244569025929,,,,32.150000000001455,197.9223880597015,115.65522351197826,,,,,,,31.701999999997497,138.73034825870647,100.35070387750062,,,,,,,,,,32.45100000000093,140.59303482587066,96.09717355758
24.797999999995227,34057.74328358209,34299.862648913804,27.99899999999616,33607.753233830845,35466.13968698902,27.59700000000157,31918.216915422887,32647.329128708247,,,,32.89800000000105,74.63482587064676,89.27259985984583,30.249000000003434,70.03022222222222,86.94043447792572,30.349999999998545,74.73034825870647,71.78135949544499,28.798000000002503,75.23555555555555,80.78486334968466,,,,32.200000000004366,182.5910447761194,108.6569523339096,,,,,,,31.847999999998137,132.72835820895523,101.2635218572487,,,,,,,,,,32.59900000000198,150.54328358208954,95.91403877598692
24.848999999994703,34057.09054726368,34310.974071478624,28.09900000000198,33488.0,35409.83882270497,27.647000000004482,31897.20199004975,32671.940200887642,,,,32.94799999999668,67.2955223880597,85.5613174491941,30.34900000000198,67.86844444444445,79.37210932025228,30.400000000001455,73.9820895522388,73.01097874328428,28.84700000000157,64.768,85.53889278206027,,,,32.25,188.5452736318408,112.72709310940974,,,,,,,,,,,,,,,,,,,32.70100000000093,137.98208955223882,91.61224013081056
24.897999999993772,33687.78507462687,33906.95258117262,28.199000000000524,33313.41691542289,35297.296893249244,27.74800000000687,70.5592039800995,84.61200654052791,,,,32.99799999999959,70.16119402985075,84.68301798645176,30.400000000001455,69.70311111111111,77.01378182667601,30.450000000004366,68.50547263681592,74.65919177762206,28.898000000001048,62.25066666666667,82.54893716421397,,,,32.30200000000332,190.5990049751244,110.6801679427019,,,,,,,,,,,,,,,,,,,32.749000000003434,149.14228855721393,96.29152067274002
24.948999999993248,33713.846766169154,33963.61971501986,28.24899999999616,33214.31243781094,35230.29572529783,27.798000000002503,69.54029850746268,84.7914038775987,,,,33.04799999999523,70.09751243781095,90.59565522074281,30.449000000000524,67.41333333333333,77.23802849801449,30.5,66.6905472636816,70.312543798178,28.947999999996682,71.48088888888888,80.01868722261153,,,,32.35000000000582,183.54626865671642,112.44257841442331,,,,,,,,,,,,,,,,,,,32.80000000000291,146.05373134328357,96.10464844662462
24.997999999999593,34463.02885572139,34632.86148096239,28.299999999995634,33540.63283582089,35608.06166783462,27.898000000001048,71.81691542288557,81.86498481663163,,,,33.09799999999814,75.17611940298508,84.94463910301332,30.50100000000384,66.21866666666666,79.17776220509226,30.54899999999907,68.98308457711443,72.12520439149732,28.997999999999593,68.13866666666667,84.26442419995328,,,,32.400000000001455,173.93034825870646,113.64781427512966,,,,,,,,,,,,,,,,,,,32.84900000000198,140.24278606965174,95.74959121700537
25.047999999995227,34055.27562189055,34203.6271899089,28.398999999997613,33591.5144278607,35386.307871992525,27.99800000000687,72.59701492537313,83.10207895351553,,,,33.14800000000105,68.83980099502487,88.96986685353889,30.549000000006345,69.74577777777777,82.0406447091801,30.601000000002387,71.27562189054727,71.42630226582574,29.04699999999866,68.56533333333333,81.85750992758702,,,,32.450000000004366,187.52636815920397,113.72289454186219,,,,,,,,,,,,,,,,,,,32.90200000000186,158.79004975124377,93.51086194814296
25.148999999997613,34008.9631840796,34287.11422564821,28.49899999999616,33342.90149253731,35351.99813127774,28.098000000005413,66.65870646766169,84.62695631861715,,,,33.19799999999668,70.2089552238806,82.72085961224013,30.601000000002387,68.49422222222222,82.67601027797244,30.650000000001455,68.90348258706467,73.49310908666199,29.09700000000157,70.99733333333333,81.7565989254847,,,,32.5,189.48457711442785,113.80982958755249,,,,,,,,,,,,,,,,,,,33.00100000000384,140.24278606965174,94.46764774585377
25.25,33958.90945273632,34280.37935061901,28.599999999998545,78.55124378109453,100.74281709880869,28.197000000000116,67.43880597014926,87.13478159308573,,,,33.24799999999959,67.47064676616915,88.22237794907731,30.64900000000489,69.10577777777777,82.93015650548938,30.950000000004366,72.40597014925373,73.13057696799814,29.148000000001048,74.33955555555555,84.0812894183602,,,,32.55000000000291,171.8766169154229,112.2647567300568,,,,,,,,,,,,,,,,,,,33.049000000006345,139.7810945273632,91.01051156271899
25.297999999995227,34002.610945273635,34193.36416725064,28.648999999997613,76.59303482587065,100.03270263957019,28.247000000003027,67.94825870646766,89.12683952347582,,,,33.29799999999523,71.83283582089553,81.40901658491006,30.700000000004366,75.8471111111111,81.39406680682083,31.05000000000291,64.0636815920398,71.3141789301565,29.197000000000116,66.65955555555556,82.30226582574164,,,,32.60000000000582,187.00099502487564,112.47814275129662,,,,,,,,,,,,,,,,,,,33.09900000000198,130.05373134328357,98.3770147161878
25.349999999998545,34038.17711442786,34205.5706610605,28.699000000000524,72.58109452736318,100.95211399205793,28.34700000000157,70.4955223880597,82.23872926886241,,,,33.366000000001804,65.60796019900498,88.24480261621116,30.749000000003434,66.50311111111111,79.02826442419995,31.151000000005297,69.47661691542288,75.61224013081056,29.247999999999593,66.78755555555556,87.71782293856576,,,,32.6510000000053,198.2726368159204,110.7671029883922,,,,,,,,,,,,,,,,,,,33.150000000001455,139.19203980099502,92.33730436813829
25.448999999993248,34038.5592039801,34296.59985984583,28.79899999999907,72.10348258706468,100.38402242466714,28.39900000000489,66.59502487562189,85.18757299696333,,,,33.40699999999924,81.22587064676617,84.93342676944638,30.799000000006345,66.50311111111111,83.09086661994861,31.400000000001455,70.12935323383084,73.4482597523943,29.29699999999866,75.008,82.61621116561551,,,,32.700000000004366,172.49751243781094,103.08520622375896,,,,,,,,,,,,,,,,,,,33.200000000004366,138.4915422885572,94.1948142957253
25.547999999995227,33844.87164179105,34228.4064470918,28.900000000001455,76.37014925373134,100.05886475122635,28.448000000003958,72.53333333333333,86.59658958187339,,,,33.45300000000134,70.35223880597015,85.47161878065873,30.851000000002387,67.2,83.17309039943939,31.599999999998545,64.85970149253731,69.66596589581873,29.347999999998137,78.848,82.47045082924551,,,,,,,,,,,,,,,,,,,,,,,,,33.249000000003434,136.70845771144278,92.22891847699135
25.597999999998137,34018.35621890547,34240.08222377949,28.949000000000524,78.31243781094527,98.20882971268395,28.547000000005937,73.90248756218905,85.65849100677411,,,,33.49799999999959,68.72835820895523,88.79046951646812,30.901000000005297,69.02044444444445,78.06026629292221,31.700000000004366,70.4955223880597,70.85073580939033,29.398000000001048,74.69511111111112,83.04601728568092,,,,,,,,,,,,,,,,,,,,,,,,,33.299000000006345,143.64975124378108,90.31908432609204
25.648999999997613,33809.17810945274,34167.30296659659,28.99899999999616,69.58805970149254,105.51179630927354,28.59700000000157,75.22388059701493,83.180565288484,,,,33.54799999999523,63.6497512437811,88.79794440551274,,,,31.849999999998545,64.92338308457711,71.66176127073113,29.447000000000116,70.68444444444444,85.5613174491941,,,,,,,,,,,,,,,,,,,,,,,,,33.35000000000582,138.85771144278607,90.56575566456435
25.697999999996682,34096.159203980096,34320.53819201121,29.09900000000198,85.87462686567164,99.24036440084093,28.648000000001048,67.0407960199005,84.57463209530484,,,,33.59799999999814,73.4089552238806,84.54473253912637,,,,31.950000000004366,63.060696517412936,71.23569259518804,29.49699999999575,69.29066666666667,85.16888577435179,,,,,,,,,,,,,,,,,,,,,,,,,33.400000000001455,133.36517412935322,94.92735342209764
25.797999999995227,33943.27562189055,34184.89511796309,29.148999999997613,78.74228855721393,101.47535622518103,28.697000000000116,72.74029850746268,88.05045550105116,,,,33.64800000000105,63.777114427860695,80.35879467414155,,,,32.0,62.853731343283584,73.18663863583275,29.54699999999866,73.14488888888889,85.5052557813595,,,,,,,,,,,,,,,,,,,,,,,,,33.45200000000477,141.07064676616915,94.32188740948376
25.847999999998137,34119.578109452734,34266.614342443354,29.199000000000524,67.72537313432836,99.59168418593786,28.749000000003434,70.03383084577115,88.58491006774118,,,,33.69799999999668,65.57611940298507,75.58981546367671,,,,32.050999999999476,69.74726368159205,72.96612940901659,29.597999999998137,75.60533333333333,83.81219341275403,,,,,,,,,,,,,,,,,,,,,,,,,33.499000000003434,140.68855721393035,91.54870357393132
25.997999999999593,34077.30945273632,34298.861013781825,29.29899999999907,72.31044776119403,98.7993459472086,28.798000000002503,72.43781094527363,82.81055828077552,,,,33.74799999999959,65.33731343283583,84.06260219574865,,,,32.099999999998545,74.80995024875622,74.85353889278205,29.648000000001048,71.83644444444444,83.31137584676478,,,,,,,,,,,,,,,,,,,,,,,,,33.55000000000291,147.1044776119403,88.66339640270965
26.049999999995634,33779.32736318408,34217.46694697501,29.34900000000198,72.40597014925373,100.63069376313945,28.84900000000198,70.57512437810945,85.96122401308105,,,,33.79799999999523,69.77910447761194,80.40364400840924,,,,32.1510000000053,73.24975124378109,73.34361130576968,29.697999999996682,76.50133333333333,84.94463910301332,,,,,,,,,,,,,,,,,,,,,,,,,33.59900000000198,138.1731343283582,93.17449194113524
26.148999999997613,34165.87462686567,34472.293389395,29.398999999997613,70.1771144278607,98.97500583975706,28.898000000001048,73.29751243781095,84.66059331931791,,,,33.84799999999814,70.92537313432835,84.76897921046485,,,,32.25,68.58507462686568,72.40551273067041,29.74699999999575,70.016,86.04718523709414,,,,,,,,,,,,,,,,,,,,,,,,,33.65200000000186,134.86169154228855,96.73627657089465
26.197999999996682,33875.56616915423,34025.085727633734,29.44999999999709,69.87462686567164,101.77061434244335,28.947000000000116,64.93930348258706,88.89511796309273,,,,33.89800000000105,77.48457711442786,82.59752394300398,,,,32.29899999999907,64.23880597014926,68.93342676944638,29.798000000002503,71.86488888888888,82.5190376080355,,,,,,,,,,,,,,,,,,,,,,,,,33.700000000004366,142.96517412935324,95.9962625554777
26.297999999995227,33907.05671641791,34113.46134080822,29.49899999999616,74.52338308457712,104.18126605933193,28.99800000000687,79.44278606965175,86.92174725531417,,,,33.94799999999668,75.57412935323383,77.79864517636067,,,,32.349999999998545,69.85870646766169,71.42630226582574,29.84700000000157,75.53422222222223,81.98458304134547,,,,,,,,,,,,,,,,,,,,,,,,,33.75,142.2646766169154,93.40995094604064
26.349999999998545,33864.6447761194,34077.79490773184,29.54899999999907,80.7641791044776,99.11329128708246,29.048000000002503,74.49154228855721,91.50385423966362,,,,33.99899999999616,68.12338308457711,82.4218640504555,,,,32.39900000000489,69.61990049751243,69.5015183368372,29.896999999997206,81.29422222222222,82.72085961224013,,,,,,,,,,,,,,,,,,,,,,,,,33.799000000006345,139.82885572139304,90.71151600093437
26.397999999993772,33749.285572139306,34085.95374912403,29.59900000000198,73.48855721393035,100.49988320485868,29.098000000005413,78.40796019900498,85.4604064470918,,,,34.04799999999523,69.98606965174129,80.45596823172156,,,,32.450000000004366,76.78407960199004,73.99018920812894,29.949000000000524,73.41511111111112,82.3284279373978,,,,,,,,,,,,,,,,,,,,,,,,,33.84900000000198,144.36616915422886,94.47138519037608
26.497999999999593,33768.94726368159,34215.52721326793,29.648999999997613,76.16318407960199,96.94183601962159,29.148000000001048,70.06567164179104,84.80635365568793,,,,34.09799999999814,71.70547263681593,83.0385423966363,,,,32.50200000000041,71.73731343283582,71.61691193646344,29.997999999999593,62.108444444444444,83.6066339640271,,,,,,,,,,,,,,,,,,,,,,,,,33.89900000000489,145.57611940298509,94.8114926419061
26.597999999998137,33786.17313432836,34024.102779724366,29.699000000000524,71.30746268656716,102.38729268862416,29.198000000003958,71.32338308457712,88.13267928054194,,,,34.14800000000105,62.24875621890547,80.18313478159308,,,,32.55000000000291,70.81393034825871,71.15720626021958,30.048000000002503,69.248,78.35926185470684,,,,,,,,,,,,,,,,,,,,,,,,,33.950000000004366,141.8825870646766,95.50665732305536
26.64999999999418,33640.94726368159,33953.82761037141,29.74899999999616,69.23781094527364,99.9878533053025,29.247000000003027,69.30149253731344,85.90516234524644,,,,34.19799999999668,74.36417910447761,79.84302733006307,,,,32.599999999998545,69.77910447761194,72.5437981779958,30.097999999998137,71.35288888888888,65.420228918477,,,,,,,,,,,,,,,,,,,,,,,,,33.999000000003434,139.57412935323384,95.78696566222845
26.697999999996682,33972.37810945274,34172.22518103247,29.799999999995634,69.71542288557214,98.14155571128241,29.297000000005937,68.83980099502487,86.45082924550339,,,,34.24799999999959,80.1592039800995,84.8885774351787,,,,32.650000000001455,71.68955223880597,72.9773417425835,30.197999999996682,76.00355555555555,83.12450362064938,,,,,,,,,,,,,,,,,,,,,,,,,34.049000000006345,144.62089552238805,93.50338705909834
26.797999999995227,33711.76119402985,34057.12310207896,29.84900000000198,70.90945273631841,101.47161878065873,29.348000000005413,67.08855721393034,89.1156271899089,,,,34.29799999999523,68.0915422885572,83.49824807288017,,,,32.700000000004366,66.24477611940299,73.13057696799814,30.298000000002503,97.70666666666666,102.56295258117262,,,,,,,,,,,,,,,,,,,,,,,,,34.10000000000582,148.93532338308458,93.77995795374912
26.848999999994703,33900.59303482587,34120.928754963796,29.898999999997613,71.81691542288557,100.39523475823405,29.397000000004482,78.36019900497513,84.53725765008176,,,,34.39800000000105,69.76318407960198,86.7871992525111,,,,32.75,73.7273631840796,70.458304134548,30.34900000000198,97.10933333333334,107.24597056762438,,,,,,,,,,,,,,,,,,,,,,,,,34.14900000000489,153.4089552238806,91.23475823405747
26.897999999993772,33759.72935323383,34070.10324690493,29.949000000000524,64.4776119402985,98.42933893950011,29.449000000000524,75.57412935323383,83.99906563886942,,,,34.74799999999959,73.29751243781095,79.82060266292922,,,,32.80000000000291,68.95124378109453,77.01751927119832,30.447000000000116,98.01955555555556,103.50478860079421,,,,,,,,,,,,,,,,,,,,,,,,,34.25100000000384,138.1731343283582,95.12917542630227
26.948999999993248,33710.48756218905,34016.11212333567,,,,29.497000000003027,73.64776119402985,83.21420228918477,,,,34.79799999999523,67.62985074626866,75.63466479794441,,,,32.849999999998545,69.9542288557214,73.19037608035505,30.548000000002503,89.30133333333333,93.5818733940668,,,,,,,,,,,,,,,,,,,,,,,,,34.35100000000239,135.51442786069651,95.79817799579537
27.047999999995227,33792.85970149254,34086.49941602429,,,,29.548000000002503,75.39900497512438,85.99859845830413,,,,34.84799999999814,62.93333333333333,84.47372109320253,,,,32.900000000001455,69.06268656716418,73.41836019621584,30.646999999997206,90.15466666666667,102.91427236626956,,,,,,,,,,,,,,,,,,,,,,,,,34.39900000000489,138.10945273631842,91.38799345947209
27.096999999994296,17962.02985074627,18100.720392431675,,,,29.59700000000157,70.81393034825871,87.878533053025,,,,34.89800000000105,66.51542288557214,78.55360896986686,,,,32.950000000004366,66.19701492537314,68.940901658491,30.747999999999593,90.06933333333333,100.04765241765942,,,,,,,,,,,,,,,,,,,,,,,,,34.499000000003434,151.25970149253732,92.72973604298062
27.14999999999418,67.70945273631841,70.89184769913571,,,,29.647000000004482,68.53731343283582,84.68675543097407,,,,34.949000000000524,73.20199004975125,85.15393599626256,,,,33.0,67.86865671641792,74.56949310908666,30.79899999999907,79.13244444444445,82.11165615510394,,,,,,,,,,,,,,,,,,,,,,,,,34.59900000000198,134.4955223880597,93.42116327960757
27.197999999996682,68.0915422885572,71.01518336837188,,,,29.697000000000116,64.1273631840796,89.05956552207428,,,,34.99799999999959,67.6139303482587,82.60126138752628,,,,33.05200000000332,68.18706467661691,72.28965195047886,30.947000000000116,72.448,70.64143891614108,,,,,,,,,,,,,,,,,,,,,,,,,34.699000000000524,144.90746268656716,95.01705209063303
27.347999999998137,72.89950248756219,73.9191777622051,,,,29.747000000003027,78.34427860696518,86.43961691193647,,,,,,,,,,33.15200000000186,60.40199004975124,69.47535622518103,30.997999999999593,76.17422222222223,74.45363232889511,,,,,,,,,,,,,,,,,,,,,,,,,34.799000000006345,133.8587064676617,92.9128708245737
27.396999999997206,70.87761194029851,76.55033870590984,,,,29.798000000002503,74.95323383084578,84.5596823172156,,,,,,,,,,33.200000000004366,72.53333333333333,63.267460873627655,31.04699999999866,80.71111111111111,79.26746087362766,,,,,,,,,,,,,,,,,,,,,,,,,35.00100000000384,144.62089552238805,90.31160943704742
27.447999999996682,70.62288557213931,71.22074281709881,,,,29.84700000000157,65.97412935323383,87.2170053725765,,,,,,,,,,33.25,65.52835820895523,66.40691427236627,31.146999999997206,67.81155555555556,68.30179864517636,,,,,,,,,,,,,,,,,,,,,,,,,,,
27.54899999999907,67.47064676616915,72.42046250875964,,,,29.89900000000489,74.30049751243781,89.85937864984817,,,,,,,,,,33.30000000000291,68.31442786069651,64.57182901191311,31.197999999996682,65.12355555555555,69.23242233123102,,,,,,,,,,,,,,,,,,,,,,,,,,,
27.597999999998137,66.88159203980099,72.01681850035038,,,,29.948000000003958,70.70248756218905,86.24900724129876,,,,,,,,,,33.349999999998545,70.95721393034826,66.06680682083625,31.247999999999593,74.24,76.18033169820136,,,,,,,,,,,,,,,,,,,,,,,,,,,
27.697000000000116,71.11641791044777,68.11866386358328,,,,29.999000000003434,71.37114427860696,88.03176827843961,,,,,,,,,,33.400000000001455,68.33034825870647,58.89091333800514,31.29699999999866,64.73955555555555,65.58093903293623,,,,,,,,,,,,,,,,,,,,,,,,,,,
27.74899999999616,67.66169154228855,74.76384022424668,,,,30.048000000002503,68.69651741293532,82.07428170988086,,,,,,,,,,33.450000000004366,75.33532338308457,66.39196449427703,31.347999999998137,62.364444444444445,62.96472786732072,,,,,,,,,,,,,,,,,,,,,,,,,,,
27.797999999995227,73.2179104477612,69.91263723429105,,,,30.098000000005413,66.64278606965173,88.03176827843961,,,,,,,,,,33.499000000003434,70.718407960199,65.65195047886007,31.398000000001048,67.44177777777777,63.304835318850735,,,,,,,,,,,,,,,,,,,,,,,,,,,
27.896999999997206,71.25970149253732,69.54263022658257,,,,30.148000000001048,75.27164179104477,83.05722961924783,,,,,,,,,,33.55000000000291,62.15323383084577,63.18523709413688,31.447000000000116,66.688,63.3833216538192,,,,,,,,,,,,,,,,,,,,,,,,,,,
27.94999999999709,75.08059701492537,73.4968465311843,,,,30.197000000000116,68.20298507462687,87.75145993926652,,,,,,,,,,33.59900000000198,61.37313432835821,64.9978976874562,31.497999999999593,68.224,66.38448960523242,,,,,,,,,,,,,,,,,,,,,,,,,,,
27.997999999999593,77.53233830845771,73.51553375379584,,,,,,,,,,,,,,,,33.650000000001455,70.79800995024875,64.70637701471618,31.54899999999907,62.43555555555555,65.08385891146928,,,,,,,,,,,,,,,,,,,,,,,,,,,
28.049999999995634,75.49452736318408,68.38775986918944,,,,,,,,,,,,,,,,33.699000000000524,73.37711442786069,66.19761737911703,31.646999999997206,66.63111111111111,65.70427470217238,,,,,,,,,,,,,,,,,,,,,,,,,,,
28.097999999998137,70.0179104477612,70.82831114225648,,,,,,,,,,,,,,,,33.75100000000384,65.81492537313433,72.03550572296193,31.697000000000116,67.91111111111111,64.14576033637,,,,,,,,,,,,,,,,,,,,,,,,,,,
28.147999999993772,68.83980099502487,76.8717589348283,,,,,,,,,,,,,,,,33.79899999999907,75.39900497512438,81.27820602662929,31.74899999999616,67.37066666666666,63.85423966362999,,,,,,,,,,,,,,,,,,,,,,,,,,,
28.197999999996682,73.7592039800995,71.4562018220042,,,,,,,,,,,,,,,,33.85199999999895,88.96318407960199,87.01144592384956,31.79699999999866,70.58488888888888,64.1420228918477,,,,,,,,,,,,,,,,,,,,,,,,,,,
28.25,74.65074626865672,73.99392665265125,,,,,,,,,,,,,,,,33.89900000000489,83.91641791044776,85.68839056295258,31.84700000000157,68.0248888888889,61.78743284279374,,,,,,,,,,,,,,,,,,,,,,,,,,,
28.29699999999866,66.18109452736319,72.04298061200655,,,,,,,,,,,,,,,,33.95100000000093,81.65572139303482,79.80191544031769,31.896999999997206,69.93066666666667,64.57930390095773,,,,,,,,,,,,,,,,,,,,,,,,,,,
28.348999999994703,80.62089552238805,74.8273767811259,,,,,,,,,,,,,,,,34.0,76.33830845771145,81.70053725765008,,,,,,,,,,,,,,,,,,,,,,,,,,,,,,
28.397999999993772,75.01691542288557,70.15183368371876,,,,,,,,,,,,,,,,34.050999999999476,70.87761194029851,75.07778556412053,,,,,,,,,,,,,,,,,,,,,,,,,,,,,,
28.448999999993248,80.04776119402985,74.58070544265358,,,,,,,,,,,,,,,,34.09900000000198,77.22985074626865,75.2945573464144,,,,,,,,,,,,,,,,,,,,,,,,,,,,,,
28.497999999999593,70.81393034825871,75.61597757533286,,,,,,,,,,,,,,,,34.150000000001455,74.58706467661692,72.03924316748423,,,,,,,,,,,,,,,,,,,,,,,,,,,,,,
28.54899999999907,68.85572139303483,69.48283111422565,,,,,,,,,,,,,,,,34.200000000004366,70.60696517412936,71.878533053025,,,,,,,,,,,,,,,,,,,,,,,,,,,,,,
28.597999999998137,65.68756218905473,72.04298061200655,,,,,,,,,,,,,,,,34.25,71.57810945273631,69.84162578836721,,,,,,,,,,,,,,,,,,,,,,,,,,,,,,
28.646999999997206,76.64079601990049,73.29128708245737,,,,,,,,,,,,,,,,34.30000000000291,63.52238805970149,68.62321887409483,,,,,,,,,,,,,,,,,,,,,,,,,,,,,,
28.697999999996682,72.53333333333333,70.57042747021724,,,,,,,,,,,,,,,,34.349999999998545,66.70646766169155,69.40060733473487,,,,,,,,,,,,,,,,,,,,,,,,,,,,,,
28.750999999996566,70.09751243781095,72.91380518570428,,,,,,,,,,,,,,,,34.45100000000093,75.63781094527363,79.63373043681383,,,,,,,,,,,,,,,,,,,,,,,,,,,,,,
28.797999999995227,69.61990049751243,71.66176127073113,,,,,,,,,,,,,,,,34.5,71.86467661691542,73.05582807755198,,,,,,,,,,,,,,,,,,,,,,,,,,,,,,
28.847999999998137,65.24179104477612,72.31955150665732,,,,,,,,,,,,,,,,34.55000000000291,70.28855721393035,63.5253445456669,,,,,,,,,,,,,,,,,,,,,,,,,,,,,,
28.896999999997206,66.41990049751244,73.0184536323289,,,,,,,,,,,,,,,,34.59900000000198,68.77611940298507,64.19434711516001,,,,,,,,,,,,,,,,,,,,,,,,,,,,,,
28.947999999996682,69.97014925373135,73.65381920112124,,,,,,,,,,,,,,,,34.650000000001455,62.200995024875624,66.24994160242935,,,,,,,,,,,,,,,,,,,,,,,,,,,,,,
28.997999999999593,68.23482587064677,75.67203924316749,,,,,,,,,,,,,,,,34.699000000000524,76.24278606965174,67.15814062135016,,,,,,,,,,,,,,,,,,,,,,,,,,,,,,
29.047999999995227,74.69850746268656,72.58117262321888,,,,,,,,,,,,,,,,34.85199999999895,75.82885572139304,64.61294090165849,,,,,,,,,,,,,,,,,,,,,,,,,,,,,,
29.097999999998137,75.20796019900497,74.05372576500818,,,,,,,,,,,,,,,,,,,,,,,,,,,,,,,,,,,,,,,,,,,,,,,,
29.14999999999418,75.94029850746269,70.80214903060033,,,,,,,,,,,,,,,,,,,,,,,,,,,,,,,,,,,,,,,,,,,,,,,,
29.197999999996682,70.32039800995025,73.00724129876197,,,,,,,,,,,,,,,,,,,,,,,,,,,,,,,,,,,,,,,,,,,,,,,,
29.25,77.85074626865672,74.73394066806821,,,,,,,,,,,,,,,,,,,,,,,,,,,,,,,,,,,,,,,,,,,,,,,,
29.297999999995227,66.03781094527363,74.78626489138051,,,,,,,,,,,,,,,,,,,,,,,,,,,,,,,,,,,,,,,,,,,,,,,,
29.397999999993772,77.86666666666666,73.50805886475122,,,,,,,,,,,,,,,,,,,,,,,,,,,,,,,,,,,,,,,,,,,,,,,,
29.448999999993248,75.43084577114428,72.98481663162812,,,,,,,,,,,,,,,,,,,,,,,,,,,,,,,,,,,,,,,,,,,,,,,,
29.49699999999575,75.66965174129353,70.72740014015417,,,,,,,,,,,,,,,,,,,,,,,,,,,,,,,,,,,,,,,,,,,,,,,,
29.54899999999907,70.04975124378109,72.01681850035038,,,,,,,,,,,,,,,,,,,,,,,,,,,,,,,,,,,,,,,,,,,,,,,,
29.597999999998137,75.66965174129353,74.71525344545667,,,,,,,,,,,,,,,,,,,,,,,,,,,,,,,,,,,,,,,,,,,,,,,,
29.647999999993772,67.31144278606965,71.38145293155804,,,,,,,,,,,,,,,,,,,,,,,,,,,,,,,,,,,,,,,,,,,,,,,,
29.697999999996682,66.65870646766169,73.24643774818968,,,,,,,,,,,,,,,,,,,,,,,,,,,,,,,,,,,,,,,,,,,,,,,,
29.74699999999575,75.89253731343284,68.66433076384023,,,,,,,,,,,,,,,,,,,,,,,,,,,,,,,,,,,,,,,,,,,,,,,,
29.797999999995227,63.85671641791045,68.27937397804251,,,,,,,,,,,,,,,,,,,,,,,,,,,,,,,,,,,,,,,,,,,,,,,,
29.847999999998137,70.7820895522388,70.33123102078953,,,,,,,,,,,,,,,,,,,,,,,,,,,,,,,,,,,,,,,,,,,,,,,,
29.896999999997206,71.10049751243781,74.24433543564588,,,,,,,,,,,,,,,,,,,,,,,,,,,,,,,,,,,,,,,,,,,,,,,,
29.947999999996682,73.7273631840796,72.98855407615044,,,,,,,,,,,,,,,,,,,,,,,,,,,,,,,,,,,,,,,,,,,,,,,,
29.997999999999593,71.56218905472637,72.61854706844196,,,,,,,,,,,,,,,,,,,,,,,,,,,,,,,,,,,,,,,,,,,,,,,,
30.04899999999907,74.53930348258706,72.72693295958888,,,,,,,,,,,,,,,,,,,,,,,,,,,,,,,,,,,,,,,,,,,,,,,,
30.097999999998137,69.49253731343283,76.51296426068676,,,,,,,,,,,,,,,,,,,,,,,,,,,,,,,,,,,,,,,,,,,,,,,,
30.148999999997613,74.52338308457712,70.10324690492875,,,,,,,,,,,,,,,,,,,,,,,,,,,,,,,,,,,,,,,,,,,,,,,,
30.197999999996682,73.9820895522388,70.42466713384724,,,,,,,,,,,,,,,,,,,,,,,,,,,,,,,,,,,,,,,,,,,,,,,,
30.25,71.21194029850746,73.77715487035739,,,,,,,,,,,,,,,,,,,,,,,,,,,,,,,,,,,,,,,,,,,,,,,,
30.29699999999866,80.2228855721393,71.17963092735343,,,,,,,,,,,,,,,,,,,,,,,,,,,,,,,,,,,,,,,,,,,,,,,,
30.347999999998137,74.36417910447761,69.32959588881103,,,,,,,,,,,,,,,,,,,,,,,,,,,,,,,,,,,,,,,,,,,,,,,,
30.397999999993772,68.17114427860696,69.7930390095772,,,,,,,,,,,,,,,,,,,,,,,,,,,,,,,,,,,,,,,,,,,,,,,,
30.448999999993248,72.96318407960199,72.38682550805886,,,,,,,,,,,,,,,,,,,,,,,,,,,,,,,,,,,,,,,,,,,,,,,,
30.49699999999575,73.7273631840796,71.80004671805654,,,,,,,,,,,,,,,,,,,,,,,,,,,,,,,,,,,,,,,,,,,,,,,,
30.547999999995227,77.00696517412935,71.62812427003037,,,,,,,,,,,,,,,,,,,,,,,,,,,,,,,,,,,,,,,,,,,,,,,,
30.597999999998137,71.65771144278607,72.38308806353656,,,,,,,,,,,,,,,,,,,,,,,,,,,,,,,,,,,,,,,,,,,,,,,,
30.648999999997613,74.1731343283582,72.96239196449427,,,,,,,,,,,,,,,,,,,,,,,,,,,,,,,,,,,,,,,,,,,,,,,,
30.697000000000116,76.14726368159204,71.0749824807288,,,,,,,,,,,,,,,,,,,,,,,,,,,,,,,,,,,,,,,,,,,,,,,,
30.747999999999593,76.5452736318408,73.44452230787199,,,,,,,,,,,,,,,,,,,,,,,,,,,,,,,,,,,,,,,,,,,,,,,,
30.79699999999866,76.03582089552239,75.89628591450595,,,,,,,,,,,,,,,,,,,,,,,,,,,,,,,,,,,,,,,,,,,,,,,,
30.847999999998137,70.9412935323383,71.39640270964728,,,,,,,,,,,,,,,,,,,,,,,,,,,,,,,,,,,,,,,,,,,,,,,,
30.896999999997206,72.43781094527363,66.80682083625321,,,,,,,,,,,,,,,,,,,,,,,,,,,,,,,,,,,,,,,,,,,,,,,,
30.947999999996682,68.40995024875622,70.1705209063303,,,,,,,,,,,,,,,,,,,,,,,,,,,,,,,,,,,,,,,,,,,,,,,,
30.99699999999575,75.82885572139304,73.83695398271432,,,,,,,,,,,,,,,,,,,,,,,,,,,,,,,,,,,,,,,,,,,,,,,,
31.047999999995227,67.86865671641792,71.80378416257884,,,,,,,,,,,,,,,,,,,,,,,,,,,,,,,,,,,,,,,,,,,,,,,,
31.097999999998137,73.96616915422885,75.22354590049054,,,,,,,,,,,,,,,,,,,,,,,,,,,,,,,,,,,,,,,,,,,,,,,,
31.147999999993772,78.53532338308457,67.97290352721326,,,,,,,,,,,,,,,,,,,,,,,,,,,,,,,,,,,,,,,,,,,,,,,,
31.197000000000116,65.57611940298507,69.50899322588181,,,,,,,,,,,,,,,,,,,,,,,,,,,,,,,,,,,,,,,,,,,,,,,,
31.247999999999593,71.33930348258707,71.57580004671806,,,,,,,,,,,,,,,,,,,,,,,,,,,,,,,,,,,,,,,,,,,,,,,,
31.297999999995227,75.70149253731343,71.73651016117729,,,,,,,,,,,,,,,,,,,,,,,,,,,,,,,,,,,,,,,,,,,,,,,,
31.347999999998137,66.96119402985074,72.96239196449427,,,,,,,,,,,,,,,,,,,,,,,,,,,,,,,,,,,,,,,,,,,,,,,,
31.396999999997206,70.25671641791045,75.28708245736978,,,,,,,,,,,,,,,,,,,,,,,,,,,,,,,,,,,,,,,,,,,,,,,,
31.447999999996682,73.20199004975125,72.75309507124504,,,,,,,,,,,,,,,,,,,,,,,,,,,,,,,,,,,,,,,,,,,,,,,,
31.49699999999575,71.10049751243781,74.57696799813128,,,,,,,,,,,,,,,,,,,,,,,,,,,,,,,,,,,,,,,,,,,,,,,,
31.547999999995227,69.04676616915422,72.52511095538425,,,,,,,,,,,,,,,,,,,,,,,,,,,,,,,,,,,,,,,,,,,,,,,,
31.596999999994296,70.3681592039801,74.27049754730203,,,,,,,,,,,,,,,,,,,,,,,,,,,,,,,,,,,,,,,,,,,,,,,,
31.648999999997613,64.55721393034825,70.28264424199953,,,,,,,,,,,,,,,,,,,,,,,,,,,,,,,,,,,,,,,,,,,,,,,,
31.697999999996682,76.49751243781094,74.40130810558281,,,,,,,,,,,,,,,,,,,,,,,,,,,,,,,,,,,,,,,,,,,,,,,,
31.747999999999593,74.28457711442786,73.51179630927354,,,,,,,,,,,,,,,,,,,,,,,,,,,,,,,,,,,,,,,,,,,,,,,,
31.79699999999866,68.88756218905472,75.05162345246438,,,,,,,,,,,,,,,,,,,,,,,,,,,,,,,,,,,,,,,,,,,,,,,,
31.848999999994703,61.850746268656714,71.8336837187573,,,,,,,,,,,,,,,,,,,,,,,,,,,,,,,,,,,,,,,,,,,,,,,,
31.896999999997206,75.04875621890547,69.34080822237794,,,,,,,,,,,,,,,,,,,,,,,,,,,,,,,,,,,,,,,,,,,,,,,,
31.947999999996682,76.5452736318408,73.60896986685354,,,,,,,,,,,,,,,,,,,,,,,,,,,,,,,,,,,,,,,,,,,,,,,,
31.99699999999575,70.60696517412936,75.53375379584209,,,,,,,,,,,,,,,,,,,,,,,,,,,,,,,,,,,,,,,,,,,,,,,,
51.24699999999575,69.74726368159205,69.4155571128241,,,,,,,,,,,,,,,,,,,,,,,,,,,,,,,,,,,,,,,,,,,,,,,,
