20mW_0mM_TEMPO_T1_Time_s,20mW_0mM_TEMPO_T1_Frame,20mW_0mM_TEMPO_T1_OffsetROI_Intensity,20mW_0mM_TEMPO_T1_CenterROI_Intensity,20mW_0mM_TEMPO_T4_Time_s,20mW_0mM_TEMPO_T4_Frame,20mW_0mM_TEMPO_T4_OffsetROI_Intensity,20mW_0mM_TEMPO_T4_CenterROI_Intensity,20mW_0mM_TEMPO_T5_Time_s,20mW_0mM_TEMPO_T5_Frame,20mW_0mM_TEMPO_T5_OffsetROI_Intensity,20mW_0mM_TEMPO_T5_CenterROI_Intensity,30mW_0mM_TEMPO_T2_Time_s,30mW_0mM_TEMPO_T2_Frame,30mW_0mM_TEMPO_T2_OffsetROI_Intensity,30mW_0mM_TEMPO_T2_CenterROI_Intensity,30mW_0mM_TEMPO_T3_Time_s,30mW_0mM_TEMPO_T3_Frame,30mW_0mM_TEMPO_T3_OffsetROI_Intensity,30mW_0mM_TEMPO_T3_CenterROI_Intensity,30mW_0mM_TEMPO_T4_Time_s,30mW_0mM_TEMPO_T4_Frame,30mW_0mM_TEMPO_T4_OffsetROI_Intensity,30mW_0mM_TEMPO_T4_CenterROI_Intensity,40mW_0mM_TEMPO_T3_Time_s,40mW_0mM_TEMPO_T3_Frame,40mW_0mM_TEMPO_T3_OffsetROI_Intensity,40mW_0mM_TEMPO_T3_CenterROI_Intensity,40mW_0mM_TEMPO_T4_Time_s,40mW_0mM_TEMPO_T4_Frame,40mW_0mM_TEMPO_T4_OffsetROI_Intensity,40mW_0mM_TEMPO_T4_CenterROI_Intensity,20mW_5mM_TEMPO_T1_Time_s,20mW_5mM_TEMPO_T1_Frame,20mW_5mM_TEMPO_T1_OffsetROI_Intensity,20mW_5mM_TEMPO_T1_CenterROI_Intensity,20mW_5mM_TEMPO_T2_Time_s,20mW_5mM_TEMPO_T2_Frame,20mW_5mM_TEMPO_T2_OffsetROI_Intensity,20mW_5mM_TEMPO_T2_CenterROI_Intensity,20mW_5mM_TEMPO_T3_Time_s,20mW_5mM_TEMPO_T3_Frame,20mW_5mM_TEMPO_T3_OffsetROI_Intensity,20mW_5mM_TEMPO_T3_CenterROI_Intensity,30mW_5mM_TEMPO_T1_Time_s,30mW_5mM_TEMPO_T1_Frame,30mW_5mM_TEMPO_T1_OffsetROI_Intensity,30mW_5mM_TEMPO_T1_CenterROI_Intensity,30mW_5mM_TEMPO_T2_Time_s,30mW_5mM_TEMPO_T2_Frame,30mW_5mM_TEMPO_T2_OffsetROI_Intensity,30mW_5mM_TEMPO_T2_CenterROI_Intensity,30mW_5mM_TEMPO_T3_Time_s,30mW_5mM_TEMPO_T3_Frame,30mW_5mM_TEMPO_T3_OffsetROI_Intensity,30mW_5mM_TEMPO_T3_CenterROI_Intensity,40mW_5mM_TEMPO_T1_Time_s,40mW_5mM_TEMPO_T1_Frame,40mW_5mM_TEMPO_T1_OffsetROI_Intensity,40mW_5mM_TEMPO_T1_CenterROI_Intensity,40mW_5mM_TEMPO_T2_Time_s,40mW_5mM_TEMPO_T2_Frame,40mW_5mM_TEMPO_T2_OffsetROI_Intensity,40mW_5mM_TEMPO_T2_CenterROI_Intensity,40mW_5mM_TEMPO_T3_Time_s,40mW_5mM_TEMPO_T3_Frame,40mW_5mM_TEMPO_T3_OffsetROI_Intensity,40mW_5mM_TEMPO_T3_CenterROI_Intensity
0.0,0,418.4358208955224,407.6056996028965,0.0,0.0,359.7213930348259,358.14435879467413,0.0,0.0,286.93333333333334,293.0941368839056,0.0,0.0,675.8049751243781,683.3879934594721,0.0,0.0,462.8537313432836,457.7248306470451,0.0,0.0,294.79822222222225,298.5059565522074,0.0,0.0,566.718407960199,572.0607334734875,0.0,0.0,260.65066666666667,253.996729736043,0.0,0.0,290.45174129353234,292.635218572487,0.0,0.0,228.69651741293532,210.2879723388491,0.0,0.0,252.9910447761194,255.1187947641393,0.0,0.0,419.91641791044776,420.19659175104965,0.0,0.0,622.0577114427861,634.7878488515682,0.0,0.0,296.77213930348256,285.56186712768584,0.0,0.0,229.81094527363183,240.81850035038542,0.0,0.0,443.8129353233831,451.5208693504569,0.0,0.0,907.0328358208956,869.0791871058163
0.05000000000291038,1,851.2636815920398,818.2723662695632,0.04899999999906868,1.0,854.4955223880597,840.375613174492,0.05000000000291038,1.0,787.3432835820895,812.1205325858444,0.04899999999906868,1.0,685.3094527363185,677.4080822237795,0.05000000000291038,1.0,688.3980099502487,666.8460640037374,0.049999999995634425,1.0,654.7484444444444,676.0028030833918,0.049999999995634425,1.0,908.7681592039801,918.0471852370941,0.04899999999906868,1.0,925.0986666666666,911.4767577668769,0.049999999995634425,1.0,805.4129353233831,813.9728327982218,0.05000000000291038,1.0,807.9761194029851,800.2963694739442,0.05000000000291038,1.0,804.3303482587065,811.4398616942455,0.04800000000250293,1.0,648.4855721393035,649.5035811311435,0.04800000000250293,1.0,666.8736318407961,662.2000493949123,0.04899999999906868,1.0,660.3303482587065,664.2311681896765,0.05099999999947613,1.0,925.7233830845771,907.0254613408082,0.052999999999883585,1.0,926.7741293532338,912.5729809829587,0.049999999995634425,1.0,939.494527363184,911.5365568792338
0.09999999999854481,2,835.7412935323383,829.1408549404345,0.09999999999854481,2.0,824.628855721393,835.0759168418593,0.09999999999854481,2.0,763.9084577114428,786.7432842793739,0.09900000000197906,2.0,701.8348258706468,677.0268628825041,0.09999999999854481,2.0,668.2587064676617,666.6442419995328,0.09999999999854481,2.0,667.8044444444445,674.3209530483532,0.10299999999551801,2.0,909.4527363184079,906.4573697734174,0.09900000000197906,2.0,896.6684444444444,925.9331931791637,0.09999999999854481,2.0,801.3850746268656,828.8150160533465,0.10000000000582077,2.0,834.2288557213931,802.3037787107928,0.09999999999854481,2.0,799.2039800995025,811.7362311681896,0.09900000000197906,2.0,666.0139303482587,644.1017535193876,0.10000000000582077,2.0,652.8,658.9360335885403,0.09900000000197906,2.0,648.7721393034826,650.8352679673993,0.1500000000014552,2.0,916.9671641791044,897.0838589114693,0.10100000000238651,2.0,915.4865671641791,901.6823907137565,0.09999999999854481,2.0,936.310447761194,931.023592618547
0.1500000000014552,3,812.0517412935324,826.816164447559,0.14999999999417923,3.0,835.534328358209,836.5970567624387,0.15200000000186265,3.0,782.6626865671642,810.330296659659,0.1500000000014552,3.0,685.420895522388,677.0193879934594,0.15200000000186265,3.0,649.4407960199005,659.7673440784863,0.1519999999945867,3.0,676.7644444444444,666.4199953281943,0.14999999999417923,3.0,935.8169154228856,904.6895585143658,0.1500000000014552,3.0,921.9555555555555,930.6423732772716,0.19999999999708962,3.0,842.2208955223881,823.3776241047173,0.1500000000014552,3.0,816.2388059701492,819.568288466288,0.1500000000014552,3.0,803.0407960199005,812.1195356878242,0.14800000000104774,3.0,660.5213930348259,638.7750061743641,0.14800000000104774,3.0,648.8039800995025,661.9945665596443,0.19900000000052387,3.0,653.150248756219,660.536428747839,0.19999999999708962,3.0,918.1134328358208,898.8853071712217,0.15200000000186265,3.0,931.4228855721393,912.2805631020005,0.14999999999417923,3.0,909.8348258706468,928.9717355758
0.19999999999708962,4,826.1094527363184,816.7587012380285,0.19999999999708962,4.0,808.7084577114427,831.0955384256015,0.20000000000436557,4.0,802.2288557213931,820.5260453165148,0.19900000000052387,4.0,689.4965174129353,666.027563653352,0.20000000000436557,4.0,675.5661691542289,668.5989254846999,0.20099999999365536,4.0,660.8071111111111,675.472085961224,0.20199999999749707,4.0,922.6985074626866,915.229152067274,0.19900000000052387,4.0,906.8231111111111,922.3601962158374,0.25,4.0,809.6796019900497,813.9925907631514,0.20000000000436557,4.0,804.7283582089552,808.2983452704372,0.19900000000052387,4.0,818.5950248756219,795.060508767597,0.19799999999668216,4.0,657.6238805970149,644.5482835267967,0.19900000000052387,4.0,658.9452736318408,658.904420844653,0.2489999999961583,4.0,646.7980099502488,650.2109162756236,0.25099999999656575,4.0,917.7313432835821,897.6183134781593,0.20000000000436557,4.0,898.2288557213931,907.9180044455421,0.20099999999365536,4.0,936.326368159204,909.8434945106284
0.25,5,847.8567164179104,830.4975473020322,0.25,5.0,837.9701492537314,829.7724830647045,0.25,5.0,828.9273631840796,836.5783695398271,0.24900000000343425,5.0,674.849751243781,679.2207428170988,0.25200000000040745,5.0,701.2298507462687,713.978976874562,0.25,5.0,672.6684444444444,681.9976640971736,0.25099999999656575,5.0,987.844776119403,977.674375145994,0.25099999999656575,5.0,914.6026666666667,936.1139920579304,0.3499999999985448,5.0,814.4716417910448,834.4025685354409,0.25,5.0,845.8348258706468,821.0896517658681,0.25,5.0,794.6666666666666,802.1970857001729,0.24799999999959255,5.0,649.1542288557214,644.0938503334156,0.24799999999959255,5.0,638.392039800995,657.5134601136083,0.29799999999522697,5.0,637.8985074626866,651.4754260311188,0.3499999999985448,5.0,912.3024875621891,909.9929922915206,0.25,5.0,912.318407960199,927.9209681402815,0.25,5.0,910.9333333333333,913.7192244802616
0.30099999999947613,6,854.6865671641791,822.9740714786265,0.2989999999990687,6.0,858.6666666666666,846.5648213034337,0.3000000000029104,6.0,873.1860696517413,876.3036673674375,0.2989999999990687,6.0,716.5930348258706,723.969166082691,0.3000000000029104,6.0,743.371144278607,737.5996262555477,0.30099999999947613,6.0,677.7173333333334,702.0602662929222,0.3019999999960419,6.0,1063.2597014925373,1042.8853071712217,0.2989999999990687,6.0,945.4364444444444,951.0712450362065,0.4499999999970896,6.0,829.1343283582089,802.3077303037787,0.2989999999990687,6.0,797.6597014925374,813.5776734996296,0.3000000000029104,6.0,807.8646766169154,815.0950852062238,0.3000000000029104,6.0,656.4616915422886,648.914793776241,0.29800000000250293,6.0,642.1651741293532,636.7517905655717,0.34900000000197906,6.0,645.7950248756218,660.1491726352185,0.4000000000014552,6.0,919.8965174129353,916.697967764541,0.3000000000029104,6.0,917.1900497512438,909.1350950852062,0.2999999999956344,6.0,924.0835820895522,920.0168185003504
0.3510000000023865,7,860.5293532338309,826.6143424433543,0.3499999999985448,7.0,848.9393034825871,827.3356692361598,0.3499999999985448,7.0,964.1233830845771,947.8047185237094,0.34900000000197906,7.0,796.78407960199,751.1927119831815,0.3499999999985448,7.0,811.3194029850746,791.7140854940435,0.35099999999511056,7.0,736.4977777777777,752.0336370007008,0.3499999999985448,7.0,1258.3164179104479,1197.3165148329829,0.34900000000197906,7.0,1009.8204444444444,998.9366970334034,0.5499999999956344,7.0,817.8945273631841,827.2817979748086,0.35000000000582077,7.0,809.2338308457712,822.8441590516177,0.34900000000197906,7.0,797.7074626865672,794.653494690047,0.34799999999813735,7.0,668.0835820895522,652.2183255124722,0.3480000000054133,7.0,672.6049751243781,658.0232156087923,0.39800000000104774,7.0,650.8258706467661,663.6265744628304,0.6010000000023865,7.0,906.0457711442787,913.7416491473955,0.3510000000023865,7.0,920.1990049751244,902.369967893307,0.3499999999985448,7.0,916.139303482587,912.982947909367
0.40099999999802094,8,813.1980099502488,839.3851903760803,0.3989999999976135,8.0,864.7641791044776,871.7888343844896,0.4000000000014552,8.0,1049.64776119403,1043.0759168418595,0.4000000000014552,8.0,848.7164179104477,820.6904928754964,0.4000000000014552,8.0,863.9681592039801,872.8652184069143,0.40099999999802094,8.0,792.5617777777778,819.5842092968933,0.4019999999945867,8.0,1395.9960199004975,1324.3260920345713,0.3989999999976135,8.0,1120.8106666666667,1075.7972436346647,0.6499999999941792,8.0,825.2656716417911,832.9641886885651,0.4000000000014552,8.0,807.5144278606965,820.9276364534453,0.3989999999976135,8.0,838.8776119402985,823.7490738453939,0.3989999999976135,8.0,666.3004975124378,641.422573474932,0.39800000000104774,8.0,658.2288557213931,669.3445295134601,0.4499999999970896,8.0,663.3870646766169,649.5193875030872,0.6500000000014552,8.0,921.7910447761194,905.0446157439851,0.4000000000014552,8.0,903.1164179104478,912.355643368733,0.4019999999945867,8.0,929.1303482587065,906.6741415557112
0.4510000000009313,9,861.5323383084577,867.1581406213502,0.4499999999970896,9.0,888.5492537313432,929.674375145994,0.4510000000009313,9.0,1171.4865671641792,1130.8610137818266,0.4510000000009313,9.0,934.8935323383084,907.3655687923382,0.4500000000043656,9.0,1011.9004975124378,998.3088063536557,0.45099999999365536,9.0,894.336,906.9731371174959,0.4510000000009313,9.0,1624.597014925373,1534.6021957486569,0.44900000000052387,9.0,1223.5946666666666,1202.171455267461,0.6999999999970896,9.0,830.2169154228856,827.1751049641887,0.4500000000043656,9.0,813.3253731343284,800.5137070881699,0.4499999999970896,9.0,810.905472636816,819.821190417387,0.44799999999668216,9.0,657.1462686567164,635.6730056804149,0.4480000000039581,9.0,643.5661691542289,658.8451469498642,0.49799999999959255,9.0,668.9910447761195,659.2758705853297,0.7010000000009313,9.0,886.2885572139304,913.7491240364401,0.4500000000043656,9.0,890.1731343283582,911.0002469745616,0.4499999999970896,9.0,926.5512437810945,907.8701238028498
0.5,10,866.5154228855721,894.9647278673207,0.4989999999961583,10.0,994.849751243781,984.2784396169119,0.5,10.0,1278.057711442786,1281.5024526979678,0.49900000000343425,10.0,1104.8756218905473,1037.3015650548937,0.5,10.0,1111.4189054726369,1109.292221443588,0.5009999999965657,10.0,1013.248,1007.5103947675776,0.5020000000004075,10.0,1901.0706467661691,1753.4706844195282,0.4989999999961583,10.0,1385.984,1344.4634431207662,0.75,10.0,848.652736318408,837.5243269943196,0.5,10.0,800.0318407960199,816.252901951099,0.4989999999961583,10.0,823.1164179104478,808.3694739441837,0.49900000000343425,10.0,694.4636815920398,663.187947641393,0.49799999999959255,10.0,667.7492537313433,653.1509014571499,0.547999999995227,10.0,651.4467661691542,653.0600148184737,0.8000000000029104,10.0,916.9671641791044,897.7042747021724,0.5,10.0,893.5641791044776,894.577426525068,0.5020000000004075,10.0,928.9233830845772,918.2676944639103
0.5509999999994761,11,962.0378109452736,946.8965195047886,0.5499999999956344,11.0,1082.1572139303482,1084.479327259986,0.5520000000033178,11.0,1453.9621890547264,1462.1817332398973,0.5489999999990687,11.0,1210.523383084577,1138.4143891614108,0.5500000000029104,11.0,1304.1830845771144,1293.2305536089698,0.5509999999994761,11.0,1156.0817777777777,1171.7897687456202,0.5499999999956344,11.0,2253.2298507462688,2103.8635832749355,0.5489999999990687,11.0,1642.112,1577.153001635132,0.7999999999956344,11.0,820.6328358208955,818.4895035811311,0.5500000000029104,11.0,806.7343283582089,819.260064213386,0.5500000000029104,11.0,802.7383084577115,808.1916522598173,0.5480000000025029,11.0,647.3393034825871,648.5710051864658,0.5480000000025029,11.0,677.3810945273632,656.5255618671276,0.5990000000019791,11.0,650.7940298507463,665.3336626327489,0.8499999999985448,11.0,903.7691542288558,905.1941135248774,0.5500000000029104,11.0,922.4756218905472,917.6231168189677,0.5499999999956344,11.0,930.3243781094527,919.5421630460173
0.5999999999985448,12,1041.8786069651742,1030.6825508058864,0.5989999999947031,12.0,1220.6009950248756,1182.2321887409485,0.5999999999985448,12.0,1677.7074626865672,1641.4519971969166,0.5990000000019791,12.0,1403.9721393034827,1330.3471151600093,0.5999999999985448,12.0,1526.7820895522389,1458.451763606634,0.6009999999951106,12.0,1348.864,1334.5517402476057,0.5999999999985448,12.0,2761.4726368159204,2478.022891847699,0.5990000000019791,12.0,1925.4186666666667,1824.4634431207662,0.8499999999985448,12.0,829.3094527363185,825.7406767102989,0.6000000000058208,12.0,796.0039800995025,804.888120523586,0.5990000000019791,12.0,817.5761194029851,811.210669301062,0.5979999999981374,12.0,670.0258706467662,652.5739688812052,0.5980000000054133,12.0,661.5562189054726,662.0182761175599,0.6480000000010477,12.0,663.2597014925373,649.0372931588047,0.9499999999970896,12.0,882.9611940298507,906.8797010044382,0.5999999999985448,12.0,905.9820895522388,920.5828599654236,0.6009999999951106,12.0,916.9353233830846,910.6171455267461
0.6500000000014552,13,1119.4268656716417,1118.2471385190377,0.6499999999941792,13.0,1325.0706467661691,1318.8993225881804,0.6500000000014552,13.0,1879.705472636816,1895.8635832749358,0.6489999999976135,13.0,1607.689552238806,1520.19434711516,0.6500000000014552,13.0,1793.0029850746268,1732.5484699836486,0.6499999999941792,13.0,1589.6177777777777,1572.8250408782994,0.6519999999945867,13.0,3148.258706467662,2964.881102546134,0.6509999999980209,13.0,2221.312,2157.4361130576967,0.8999999999941792,13.0,806.702487562189,819.3193381081749,0.6490000000048894,13.0,832.3820895522388,823.8557668560138,0.6500000000014552,13.0,826.6507462686567,814.6446036058286,0.6480000000010477,13.0,651.3194029850746,626.8767596937515,0.6480000000010477,13.0,670.6467661691543,656.3477401827612,0.6979999999966822,13.0,654.6308457711443,666.5705112373425,1.0,13.0,921.1064676616916,921.7472553141789,0.6500000000014552,13.0,935.6417910447761,910.8263768831811,0.6499999999941792,13.0,920.0716417910447,912.5718290119131
0.7010000000009313,14,1246.4398009950248,1226.524643774819,0.6990000000005239,14.0,1484.3701492537314,1485.1034804952114,0.7019999999974971,14.0,2191.2039800995026,2172.976407381453,0.6990000000005239,14.0,1897.4248756218906,1792.863349684653,0.7000000000043656,14.0,2055.291542288557,2035.9131044148564,0.6999999999970896,14.0,1844.1671111111111,1813.2847465545433,0.7010000000009313,14.0,3851.144278606965,3518.729268862415,0.6990000000005239,14.0,2640.512,2559.357159542163,0.9499999999970896,14.0,828.6885572139304,832.9207211657199,0.7000000000043656,14.0,832.5731343283583,830.2771054581378,0.6999999999970896,14.0,798.3283582089553,802.9202272165967,0.6979999999966822,14.0,663.5303482587065,656.9246727587058,0.6990000000005239,14.0,655.5223880597015,662.678192146209,0.7479999999995925,14.0,651.7014925373135,659.3746604099778,1.0500000000029104,14.0,889.8706467661691,911.7383788834385,0.7000000000043656,14.0,915.8049751243781,905.6142257347493,0.7019999999974971,14.0,908.5293532338309,914.6311609437047
0.7509999999965657,15,1382.5751243781094,1378.5078252744686,0.7489999999961583,15.0,1765.8268656716418,1689.5865451997197,0.75,15.0,2502.2248756218905,2488.925017519271,0.7490000000034343,15.0,2188.4656716417912,2088.8689558514366,0.75,15.0,2440.0557213930347,2394.0948376547535,0.7509999999965657,15.0,2187.278222222222,2140.393366035973,0.7520000000004075,15.0,4574.344278606965,4176.740014015417,0.7489999999961583,15.0,3183.630222222222,3042.4928754963794,1.0,15.0,833.8467661691542,830.0874289948135,0.75,15.0,823.6258706467662,810.3887379599901,0.75,15.0,797.3412935323383,816.2331439861695,0.7479999999995925,15.0,675.0089552238805,641.0748332921709,0.7479999999995925,15.0,660.3303482587065,647.9901210175352,0.8479999999981374,15.0,664.644776119403,630.0815016053347,1.0999999999985448,15.0,906.6825870646766,907.1786965662228,0.75,15.0,901.094527363184,913.3870091380588,0.75,15.0,903.3074626865672,924.4942770380752
0.8000000000029104,16,1568.2547263681593,1563.690726465779,0.7999999999956344,16.0,1980.5134328358208,1933.3127773884607,0.8020000000033178,16.0,2882.276616915423,2855.112356925952,0.8009999999994761,16.0,2582.2567164179104,2410.173323989722,0.8000000000029104,16.0,2853.0149253731342,2779.57860313011,0.8009999999994761,16.0,2551.793777777778,2511.0469516468115,0.7999999999956344,16.0,5337.66368159204,4913.371642139687,0.7989999999990687,16.0,3820.657777777778,3679.633730436814,1.0499999999956344,16.0,827.7810945273632,810.7127685848358,0.8000000000029104,16.0,821.6517412935324,817.6478142751297,0.8000000000029104,16.0,799.363184079602,809.4166460854532,0.7989999999990687,16.0,669.6119402985074,635.364781427513,0.8000000000029104,16.0,659.0567164179105,658.2919239318351,0.9490000000005239,16.0,646.4318407960199,651.3608298345271,1.1500000000014552,16.0,936.4218905472637,912.2952581172623,0.8000000000029104,16.0,922.8736318407961,911.6522598172388,0.7999999999956344,16.0,899.7890547263681,915.3599626255548
0.8499999999985448,17,1780.823880597015,1752.9773417425836,0.8499999999985448,17.0,2210.9293532338306,2219.5150665732303,0.8499999999985448,17.0,3293.436815920398,3261.3090399439384,0.8490000000019791,17.0,3007.8726368159205,2841.6725064237326,0.8499999999985448,17.0,3304.5333333333333,3253.172623218874,0.8509999999951106,17.0,2955.960888888889,2939.156271899089,0.8509999999951106,17.0,6188.9114427860695,5778.747021723896,0.8490000000019791,17.0,4460.017777777778,4336.568091567391,1.1009999999951106,17.0,815.7293532338308,812.2696962212892,0.8500000000058208,17.0,828.1154228855721,811.8389725858236,0.8499999999985448,17.0,794.7621890547264,810.4717214126945,0.8479999999981374,17.0,649.2179104477611,638.5339590022228,0.8480000000054133,17.0,650.5233830845771,660.0306248456409,1.047999999995227,17.0,658.1810945273631,660.943442825389,1.1999999999970896,17.0,888.7562189054727,909.3763139453399,0.8499999999985448,17.0,921.6318407960199,902.6307730303779,0.8499999999985448,17.0,927.4746268656717,904.0915673907965
0.9000000000014552,18,2024.4855721393035,1988.735342209764,0.8989999999976135,18.0,2562.7701492537312,2536.4690492875498,0.9020000000018626,18.0,3718.4477611940297,3765.2511095538425,0.9009999999980209,18.0,3495.1164179104476,3345.6071011445924,0.9000000000014552,18.0,3833.4089552238806,3818.038775986919,0.9009999999980209,18.0,3425.166222222222,3418.3714085494044,0.9009999999980209,18.0,7188.250746268657,6688.590516234524,0.8989999999976135,18.0,5219.712,5135.114225648213,1.1999999999970896,18.0,829.0865671641791,822.7335144480119,0.8990000000048894,18.0,816.9870646766169,819.2679673993579,0.9000000000014552,18.0,801.8626865671641,818.8332921709064,0.8980000000010477,18.0,642.0059701492537,651.5346999259076,0.9000000000014552,18.0,644.4417910447761,659.9594961718943,1.099000000001979,18.0,647.5303482587065,654.4470239565325,1.25,18.0,916.2507462686567,911.0656388694231,0.9010000000052969,18.0,920.8995024875622,896.6006421338602,0.8999999999941792,18.0,934.0179104477612,924.7073113758468
0.9499999999970896,19,2327.5144278606967,2272.9044615743983,0.9499999999970896,19.0,2957.5800995024874,2903.9644942770383,0.9510000000009313,19.0,4342.35223880597,4294.222845129642,0.9490000000005239,19.0,3963.9721393034824,3832.883905629526,0.9510000000009313,19.0,4351.172139303482,4401.584676477459,0.9509999999936554,19.0,3957.7884444444444,4015.3422097640737,0.9499999999970896,19.0,8295.259701492538,7729.517402476057,0.9499999999970896,19.0,6144.241777777778,6040.992291520673,1.25,19.0,814.6945273631841,805.4927142504322,0.9500000000043656,19.0,788.9512437810945,823.6858483576192,0.9499999999970896,19.0,819.5661691542289,817.6399110891579,0.9479999999966822,19.0,635.1124378109453,630.3027908125463,0.9480000000039581,19.0,641.7034825870646,659.5959496171894,1.1489999999976135,19.0,648.6129353233831,649.6142257347493,1.3009999999994761,19.0,934.1293532338309,900.0588647512263,0.9500000000043656,19.0,905.7432835820896,903.847863670042,0.9509999999936554,19.0,906.1572139303482,880.0037374445224
1.0,20,2679.7691542288558,2621.013781826676,0.9989999999961583,20.0,3338.4119402985075,3353.067040411119,1.0,20.0,4886.33631840796,4872.715720626022,1.0010000000038417,20.0,4593.321393034826,4435.10955384256,1.0,20.0,5002.141293532339,5058.238729268863,1.0009999999965657,20.0,4504.632888888889,4592.915673907965,1.0020000000004075,20.0,9348.760199004975,8786.515300163514,0.9989999999961583,20.0,6990.449777777778,7022.426535856109,1.2999999999956344,20.0,825.297512437811,807.745122252408,0.9990000000034343,20.0,805.5721393034826,806.3423067424055,1.0,20.0,803.8368159203981,817.9639417140035,1.0,20.0,651.4308457711443,638.3126697950111,0.9990000000034343,20.0,655.5064676616915,659.4339343047666,1.2489999999961583,20.0,647.8805970149253,651.313410718696,1.400999999998021,20.0,880.7641791044776,908.322354590049,1.0010000000038417,20.0,908.2746268656716,901.4136823907138,1.0,20.0,927.5383084577114,909.985517402476
1.0500000000029104,21,3033.9980099502486,2961.8163980378417,1.0499999999956344,21.0,3801.4567164179102,3812.925951880402,1.0509999999994761,21.0,5523.900497512438,5562.195748656856,1.0500000000029104,21.0,5193.759203980099,5088.381219341275,1.0520000000033178,21.0,5678.5194029850745,5775.835552441018,1.0499999999956344,21.0,5083.079111111111,5238.252744685821,1.0509999999994761,21.0,10417.241791044777,9949.107217939734,1.0509999999994761,21.0,8050.247111111111,8168.08035505723,1.3499999999985448,21.0,801.8786069651742,818.1457149913559,1.0500000000029104,21.0,802.1333333333333,824.05334650531,1.0500000000029104,21.0,820.6328358208955,809.4522104223265,1.048000000002503,21.0,647.8805970149253,640.458384786367,1.048000000002503,21.0,658.9293532338309,660.943442825389,1.3499999999985448,21.0,673.7194029850747,653.1350950852062,1.4510000000009313,21.0,912.1751243781094,902.7834618079888,1.0500000000029104,21.0,908.0039800995025,901.559891331193,1.0499999999956344,21.0,908.179104477612,914.3022658257416
1.1010000000023865,22,3523.852736318408,3400.4316748423266,1.0999999999985448,22.0,4326.845771144279,4366.475122634898,1.0999999999985448,22.0,6147.693532338309,6176.526979677646,1.0999999999985448,22.0,5826.005970149254,5707.309507124503,1.0999999999985448,22.0,6308.728358208955,6550.809623919645,1.1009999999951106,22.0,5761.180444444444,5901.970567624387,1.1019999999989523,22.0,11589.221890547264,11083.421630460172,1.099000000001979,22.0,9203.825777777778,9343.27119831815,1.3999999999941792,22.0,827.812935323383,830.2889602370956,1.1000000000058208,22.0,804.457711442786,814.8777475919981,1.099000000001979,22.0,816.6049751243781,801.2842677204249,1.0999999999985448,22.0,648.0238805970149,655.3163744134354,1.099000000001979,22.0,651.3194029850746,647.8320572980983,1.5,22.0,636.4179104477612,658.3907137564831,1.5009999999965657,22.0,923.812935323383,893.6379350619014,1.0999999999985448,22.0,884.5850746268657,901.1923931835021,1.0999999999985448,22.0,919.8965174129353,927.5066573230554
1.1500000000014552,23,4057.233830845771,3907.311375846765,1.1499999999941792,23.0,4947.024875621891,4962.533987386125,1.1520000000018626,23.0,6781.564179104477,6841.82947909367,1.1489999999976135,23.0,6547.789054726368,6430.546134080822,1.1500000000014552,23.0,7021.022885572139,7371.047886007942,1.150999999998021,23.0,6542.236444444445,6671.338472319551,1.1499999999941792,23.0,12700.68855721393,12263.818733940669,1.1500000000014552,23.0,10182.300444444445,10611.602896519506,1.4499999999970896,23.0,834.2925373134328,830.423314398617,1.1490000000048894,23.0,823.4348258706468,811.7678439120771,1.1489999999976135,23.0,820.2189054726368,818.1299086194122,1.1480000000010477,23.0,664.2626865671642,641.8691034823413,1.1480000000010477,23.0,685.9621890547264,650.3768831810323,1.8980000000010477,23.0,650.3641791044776,637.3089651765869,1.5500000000029104,23.0,906.0935323383085,908.284980144826,1.151000000005297,23.0,886.6388059701493,902.3304519634478,1.1499999999941792,23.0,917.9064676616915,910.9348283111423
1.1999999999970896,24,4553.249751243781,4407.856108385891,1.1990000000005239,24.0,5519.331343283582,5611.8775986918945,1.2000000000043656,24.0,7573.237810945274,7700.858677879,1.1999999999970896,24.0,7311.299502487562,7238.021023125438,1.2000000000043656,24.0,7857.814925373134,8274.440551273066,1.2009999999936554,24.0,7237.091555555556,7455.831814996496,1.2029999999940628,24.0,13936.987064676618,13485.91076851203,1.1990000000005239,24.0,11329.052444444444,11930.83485167017,1.5,24.0,815.5383084577114,821.2872314151642,1.2000000000043656,24.0,810.0457711442787,817.2487033835515,1.1999999999970896,24.0,797.755223880597,813.0560632254877,1.1999999999970896,24.0,641.2258706467662,637.5934798715732,1.1990000000005239,24.0,635.9562189054726,663.3420597678439,1.9989999999961583,24.0,646.1930348258707,650.4756730056804,1.6500000000014552,24.0,927.2835820895523,911.3160476524176,1.2000000000043656,24.0,898.5472636815921,901.966905408743,1.1999999999970896,24.0,916.139303482587,928.3102078953516
1.25,25,5099.000995024876,4979.722494744218,1.2509999999965657,25.0,6178.3243781094525,6338.122868488671,1.2520000000004075,25.0,8328.007960199006,8472.37187572997,1.2490000000034343,25.0,8081.257711442786,8003.759869189442,1.25,25.0,8501.301492537314,9084.157907031067,1.25,25.0,7993.671111111111,8289.756598925485,1.2509999999965657,25.0,15075.693532338308,14697.302499416024,1.25,25.0,12628.48,13312.11212333567,1.5499999999956344,25.0,796.4179104477612,808.3181032353667,1.25,25.0,812.3860696517413,815.5100024697456,1.25,25.0,786.1174129353234,813.9175104964189,1.2479999999995925,25.0,660.6487562189054,640.1264509755496,1.2479999999995925,25.0,667.6378109452736,658.2286984440602,2.2489999999961583,25.0,675.0567164179105,657.576685601383,1.75,25.0,898.4676616915423,915.0198551740248,1.2530000000042492,25.0,893.9940298507463,912.8219313410718,1.2520000000004075,25.0,918.4,920.9362298528381
1.3000000000029104,26,5685.906467661692,5571.386124737211,1.2999999999956344,26.0,6959.570149253731,7040.220509226816,1.3000000000029104,26.0,9185.082587064677,9293.40621350152,1.3000000000029104,26.0,8790.7184079602,8850.8815697267,1.3009999999994761,26.0,9414.001990049752,9891.703807521608,1.3009999999994761,26.0,8782.065777777778,9204.170988086895,1.3029999999998836,26.0,16148.919402985075,15827.78976874562,1.2989999999990687,26.0,13842.730666666666,14729.657556645643,1.5999999999985448,26.0,847.7930348258707,823.1207705606323,1.3000000000029104,26.0,822.7502487562189,822.5043220548283,1.3000000000029104,26.0,836.3781094527363,816.5018523092122,1.298000000002503,26.0,650.3004975124378,642.2049888861447,1.298000000002503,26.0,652.83184079602,652.8189676463325,2.3479999999981374,26.0,656.0,654.8579896270684,1.8000000000029104,26.0,900.0756218905473,912.87456201822,1.3000000000029104,26.0,899.8845771144279,910.2257347493208,1.2999999999956344,26.0,910.0258706467662,918.6788133613642
1.3499999999985448,27,6453.779104477612,6267.339406680682,1.3509999999951106,27.0,7699.040796019901,7860.937164213969,1.3499999999985448,27.0,9933.962189054726,10130.369539827143,1.349000000001979,27.0,9637.110447761193,9744.156972669936,1.3499999999985448,27.0,10219.399004975125,10936.364400840925,1.3509999999951106,27.0,9508.935111111112,10047.177762205092,1.3499999999985448,27.0,17416.851741293533,17082.778790002336,1.349000000001979,27.0,14779.306666666667,15546.767577668768,1.6499999999941792,27.0,831.7611940298508,826.8076068164979,1.3500000000058208,27.0,825.2019900497512,821.7811805384046,1.3499999999985448,27.0,828.9751243781094,818.5724870338355,1.3479999999981374,27.0,657.5124378109452,628.1649790071623,1.3480000000054133,27.0,637.6597014925374,665.5668066189182,2.447999999996682,27.0,662.5751243781094,662.1921462089405,1.9000000000014552,27.0,927.0766169154228,919.5085260453166,1.3519999999989523,27.0,903.7850746268657,900.0029636947395,1.3519999999989523,27.0,899.820895522388,905.7547302032235
1.4000000000014552,28,7142.049751243781,6950.577902359262,1.3999999999941792,28.0,8374.95721393035,8673.790235926186,1.400999999998021,28.0,10852.839800995025,11043.520672740015,1.3989999999976135,28.0,10413.771144278608,10463.349684653118,1.4000000000014552,28.0,11040.652736318409,11752.880168185004,1.400999999998021,28.0,10401.009777777777,11039.301097874328,1.400999999998021,28.0,18585.98208955224,18259.427236626958,1.3989999999976135,28.0,16157.496888888889,17486.422798411586,1.6999999999970896,28.0,814.9014925373134,826.3808347740182,1.3990000000048894,28.0,816.4457711442786,803.8962706841195,1.4000000000014552,28.0,806.6865671641791,810.8194615954557,1.3980000000010477,28.0,670.4716417910448,652.0444554210916,1.3980000000010477,28.0,653.8825870646766,645.401827611756,2.4989999999961583,28.0,646.9412935323384,658.1891825142011,2.0500000000029104,28.0,912.2228855721393,926.4265358561083,1.4000000000014552,28.0,904.6925373134328,925.4867868609533,1.3999999999941792,28.0,962.260696517413,921.4333099743051
1.451999999997497,29,7895.753233830846,7660.527914038776,1.4490000000005239,29.0,9077.667661691543,9455.540294323757,1.4500000000043656,29.0,11689.61592039801,11859.44966129409,1.5,29.0,11934.805970149253,12191.304835318851,1.4500000000043656,29.0,11401.83880597015,12479.981312777389,1.4499999999970896,29.0,11007.416888888889,11713.195982247138,1.4510000000009313,29.0,19730.61094527363,19340.85680915674,1.4499999999970896,29.0,17246.862222222222,18813.170754496612,1.7999999999956344,29.0,800.2865671641791,816.154112126451,1.4500000000043656,29.0,833.7990049751244,825.4324524573968,1.4499999999970896,29.0,770.1174129353234,800.3872561126204,1.4479999999966822,29.0,673.4805970149254,648.5828599654236,1.4480000000039581,29.0,657.7512437810946,648.4959249197333,2.5489999999990687,29.0,638.9333333333333,666.3571252161028,2.2010000000009313,29.0,968.8676616915423,946.3097407147862,1.4500000000043656,29.0,911.1721393034826,904.254877747592,1.451999999997497,29.0,922.8736318407961,907.8514365802382
1.5,30,8730.09353233831,8444.083158140622,1.5,30.0,10018.149253731342,10473.608969866853,1.5,30.0,12379.048756218905,12696.64844662462,1.5509999999994761,30.0,12743.625870646767,13100.774585377249,1.5,30.0,12593.814925373134,13569.648213034337,1.5,30.0,11876.551111111112,12667.141322121,1.5009999999965657,30.0,20343.753233830845,20156.901658491006,1.4989999999961583,30.0,18384.967111111113,20067.038542396636,1.8499999999985448,30.0,807.673631840796,825.9540627315387,1.5,30.0,833.6238805970149,829.9728327982218,1.5,30.0,819.3432835820895,800.6915287725365,1.4990000000034343,30.0,664.9472636815921,631.3855272906891,1.5,30.0,638.6945273631841,653.7950111138553,2.599000000001979,30.0,666.571144278607,665.2348728081008,2.349999999998545,30.0,986.1890547263681,968.9549170754497,1.5,30.0,938.6825870646766,901.8285996542356,1.5,30.0,901.4766169154229,906.270497547302
1.5509999999994761,31,9465.48855721393,9233.78276103714,1.5489999999990687,31.0,10984.772139303483,11447.553375379584,1.5500000000029104,31.0,13281.257711442786,13484.554076150433,1.650999999998021,31.0,14398.774129353234,14737.027797243634,1.7010000000009313,31.0,15300.234825870646,16748.441952814763,1.5509999999994761,31.0,12690.787555555555,13502.049053959356,1.5499999999956344,31.0,21515.478606965175,21567.701004438215,1.5499999999956344,31.0,19469.07022222222,21377.143658023826,2.099999999998545,31.0,815.5701492537313,834.9320819955544,1.5500000000029104,31.0,801.8945273631841,800.2924178809583,1.5489999999990687,31.0,807.1004975124378,804.0306248456409,1.548000000002503,31.0,656.7800995024876,638.4075080266732,1.548000000002503,31.0,651.8925373134329,658.1496665843418,2.6480000000010477,31.0,651.6059701492537,657.7031365769326,2.4499999999970896,31.0,1066.8258706467661,1067.2384956785797,1.5500000000029104,31.0,907.494527363184,902.4055322301803,1.5519999999960419,31.0,918.0179104477612,909.802382620883
1.5999999999985448,32,10337.607960199004,10021.826676010278,1.598999999994703,32.0,11716.903482587064,12203.290819901893,1.6019999999989523,32.0,14060.65671641791,14365.970567624387,1.7510000000038417,32.0,15965.07064676617,16580.32422331231,1.8000000000029104,32.0,16646.28855721393,18382.643307638402,1.6009999999951106,32.0,13481.173333333334,14390.846998364868,1.6019999999989523,32.0,22356.585074626866,22430.02662929222,1.599000000001979,32.0,20678.542222222222,22580.61574398505,3.25,32.0,828.9114427860696,831.8024203507039,1.599000000001979,32.0,815.3313432835821,802.9676463324278,1.599000000001979,32.0,799.7293532338308,824.3773771301557,1.6480000000010477,32.0,647.2756218905473,649.6616448505804,1.6010000000023865,32.0,664.0716417910447,650.6653494690047,2.849000000001979,32.0,687.2199004975124,693.2556186712768,2.5,32.0,1130.1731343283582,1134.5760336370006,1.6010000000023865,32.0,889.918407960199,903.2551247221536,1.5999999999985448,32.0,918.6069651741293,919.8561083858912
1.650999999998021,33,11080.405970149253,10853.251109553843,1.6489999999976135,33.0,12568.899502487562,13125.875262789068,1.6500000000014552,33.0,14865.130348258706,15129.485634197617,1.849000000001979,33.0,17110.86169154229,17920.967998131277,1.8499999999985448,33.0,17312.238805970148,19296.4858677879,1.650999999998021,33.0,14148.067555555555,15147.343144125205,1.6499999999941792,33.0,23027.55024875622,23107.748656855874,1.6489999999976135,33.0,21431.665777777776,23758.561083858913,3.8999999999941792,33.0,855.1004975124378,869.1054581378118,1.6500000000014552,33.0,811.207960199005,812.7715485305014,1.6500000000014552,33.0,801.4009950248757,813.5104964188689,1.6999999999970896,33.0,649.2656716417911,640.1778216843666,1.6480000000010477,33.0,650.6666666666666,640.8219313410718,3.0489999999990687,33.0,765.2776119402985,757.0659422079526,2.650000000001455,33.0,1452.2427860696516,1408.7325391263723,1.6500000000014552,33.0,929.2417910447762,900.1610274141764,1.650999999998021,33.0,901.6517412935324,909.4062135015183
1.7010000000009313,34,11911.004975124379,11688.637234291053,1.6990000000005239,34.0,13304.453731343283,14001.491240364401,1.7000000000043656,34.0,15581.118407960199,15940.63069376314,1.9990000000034343,34.0,18845.930348258706,19824.40364400841,1.9510000000009313,34.0,18471.434825870645,20508.412053258584,1.7009999999936554,34.0,15045.347555555556,16190.011679514133,1.701999999997497,34.0,23961.61592039801,24126.893716421397,1.6990000000005239,34.0,22504.533333333333,25031.048820369073,4.19999999999709,34.0,1065.7432835820896,1063.8794764139293,1.6990000000005239,34.0,816.5731343283583,808.812052358607,1.6999999999970896,34.0,804.2507462686567,813.862188194616,1.7479999999995925,34.0,672.1114427860697,658.0074092368486,1.6980000000039581,34.0,678.7980099502488,658.2603111879477,3.0979999999981374,34.0,781.8666666666667,773.4729562855026,2.75,34.0,1757.1661691542288,1742.871291754263,1.702000000004773,34.0,925.3094527363185,910.7117806865892,1.7009999999936554,34.0,901.4925373134329,911.2562485400607
1.75,35,12783.538308457712,12590.071478626489,1.7489999999961583,35.0,14164.712437810946,14903.714085494043,1.75,35.0,16413.18208955224,16740.376547535623,2.099999999998545,35.0,19999.96815920398,21025.76407381453,2.0,35.0,18858.15721393035,21161.272599859847,1.75,35.0,15477.916444444445,16740.974538659193,1.75,35.0,24795.86069651741,24947.341275402945,1.75,35.0,23369.429333333333,25998.538659191778,4.299999999995634,35.0,1233.7830845771143,1198.822425290195,1.75,35.0,816.0636815920398,810.7246233637935,1.75,35.0,818.9134328358209,811.2343788589775,1.798000000002503,35.0,660.9034825870647,641.5490244504816,1.7479999999995925,35.0,671.5383084577114,673.6833786120029,3.197999999996682,35.0,881.7990049751244,877.5183996048407,2.8510000000023865,35.0,2221.5800995024874,2209.6444755898156,1.75,35.0,919.0049751243781,913.8098295875525,1.75,35.0,944.3980099502487,925.7014716187807
1.8009999999994761,36,13511.753233830847,13357.720158841392,1.7999999999956344,36.0,14870.63880597015,15816.928754963794,1.8009999999994761,36.0,17132.44975124378,17499.90376080355,2.199000000000524,36.0,20828.65671641791,21972.847465545434,2.050999999999476,36.0,19471.98407960199,21778.4966129409,1.8009999999994761,36.0,16399.616,17536.280308339174,1.8019999999960419,36.0,25191.32338308458,25397.74818967531,1.7989999999990687,36.0,24357.603555555557,27056.418593786497,4.69999999999709,36.0,2424.2467661691544,2365.000740923685,1.8000000000029104,36.0,776.1830845771144,815.5020992837738,1.7989999999990687,36.0,820.2348258706468,804.7142504322055,1.8479999999981374,36.0,652.3860696517413,641.829587552482,1.7989999999990687,36.0,670.0895522388059,666.4914793776242,3.2489999999961583,36.0,967.9761194029851,934.9706100271673,2.900000000001455,36.0,2535.068656716418,2501.0642373277274,1.8009999999994761,36.0,893.0865671641791,895.2729068905903,1.7999999999956344,36.0,907.0487562189055,913.4389161410885
1.8499999999985448,37,14389.683582089552,14107.238495678579,1.8499999999985448,37.0,15729.623880597015,16663.88600794207,1.8499999999985448,37.0,17793.114427860695,18176.71758934828,2.2490000000034343,37.0,21289.24975124378,22480.911936463443,2.150000000001455,37.0,20579.2,22876.606400373745,1.8509999999951106,37.0,16728.732444444446,18064.29525811726,1.8499999999985448,37.0,26259.70945273632,26389.36323288951,1.8510000000023865,37.0,25185.294222222223,28177.31558047185,4.899999999994179,37.0,3418.1572139303485,3401.977772289454,1.8500000000058208,37.0,816.1432835820896,810.1832551247221,1.849000000001979,37.0,812.8636815920398,805.500617436404,1.8980000000010477,37.0,651.5582089552239,655.4783897258583,1.849000000001979,37.0,644.0915422885572,646.4134354161521,3.4989999999961583,37.0,1522.0218905472636,1511.8399604840702,2.9499999999970896,37.0,2900.6965174129355,2847.4244335435646,1.8499999999985448,37.0,943.8407960199005,920.9503581131144,1.8499999999985448,37.0,921.4407960199005,923.9785096939968
1.900999999998021,38,15237.715422885572,14931.565522074281,1.8999999999941792,38.0,16507.048756218905,17578.195748656857,1.9020000000018626,38.0,18503.657711442786,18948.754029432377,2.349000000001979,38.0,22187.956218905474,23548.520439149732,2.2000000000043656,38.0,20877.1184079602,23310.908666199484,1.8999999999941792,38.0,17421.852444444445,18856.704508292456,1.9499999999970896,38.0,27521.066666666666,27897.126839523477,1.9490000000005239,38.0,26702.535111111112,29758.41158607802,4.94999999999709,38.0,3706.4756218905472,3656.871326253396,1.9000000000014552,38.0,797.1661691542289,809.6063225487775,1.9000000000014552,38.0,806.0179104477612,810.9893800938503,2.0,38.0,653.5323383084577,654.4549271425043,1.9480000000039581,38.0,669.4845771144279,651.1988145221043,3.5979999999981374,38.0,1905.5124378109454,1857.8770066683132,3.0500000000029104,38.0,3641.233830845771,3600.34010745153,1.901000000005297,38.0,924.6885572139304,908.6925166707829,1.9019999999945867,38.0,939.0487562189055,940.9166082690961
1.9499999999970896,39,15847.689552238806,15590.417192244802,1.9490000000005239,39.0,17243.096517412934,18426.16584910068,1.9500000000043656,39.0,19206.877611940297,19643.100210231256,2.3989999999976135,39.0,22619.749253731345,23812.48867087129,2.25,39.0,21480.230845771144,23979.021723896287,1.9509999999936554,39.0,18022.371555555557,19565.821069843496,2.0009999999965657,39.0,28233.47263681592,28483.434711516,1.9989999999961583,39.0,27522.48888888889,30784.250408782995,5.049999999995634,39.0,4391.0686567164175,4286.281057051124,1.9490000000005239,39.0,786.7542288557214,805.8365028402075,1.9490000000005239,39.0,829.1820895522388,816.6322548777476,2.048000000002503,39.0,669.5482587064677,646.4569029389972,1.9990000000034343,39.0,638.3283582089553,656.9128179797481,3.6489999999976135,39.0,2135.7532338308456,2099.8528031612746,3.099999999998545,39.0,4101.524378109452,4046.4302733006307,1.9500000000043656,39.0,904.6925373134328,907.107927883428,1.9499999999970896,39.0,952.5970149253732,924.333566923616
2.0,40,16723.72537313433,16507.88507358094,2.0,40.0,18076.92736318408,19273.138051857044,2.0010000000038417,40.0,19814.00199004975,20352.829712683953,2.449000000000524,40.0,22985.90248756219,24440.50642373277,2.349999999998545,40.0,22098.29253731343,24783.671104882036,2.0009999999965657,40.0,18637.056,20185.317449194114,2.1019999999989523,40.0,29336.342288557214,29832.028030833917,2.0489999999990687,40.0,28131.072,31543.844896052324,5.149999999994179,40.0,5043.613930348259,4935.464559150408,2.0,40.0,810.2686567164179,812.2894541862188,2.0,40.0,820.8079601990049,809.4996295381576,2.099999999998545,40.0,665.0905472636816,647.1642380834774,2.048000000002503,40.0,656.4616915422886,659.9357866139787,3.697999999996682,40.0,2346.4437810945274,2314.6297851321315,3.150000000001455,40.0,4545.639800995025,4520.379350619014,2.0,40.0,923.526368159204,925.7594467769819,2.0,40.0,921.6477611940298,926.4676477458538
2.050999999999476,41,17731.47064676617,17384.962391964495,2.0499999999956344,41.0,18659.91641791045,19986.840457836955,2.0500000000029104,41.0,20426.443781094527,20967.44498948844,2.550999999999476,41.0,23591.514427860697,25133.697734174257,2.400000000001455,41.0,22523.733333333334,25251.99906563887,2.1009999999951106,41.0,19590.4,21303.811259051625,2.1499999999941792,41.0,29967.2039800995,30218.35272132679,2.099000000001979,41.0,28599.893333333333,31497.302499416026,5.349999999998545,41.0,6525.850746268657,6408.436651024945,2.0500000000029104,41.0,804.7124378109453,814.3719436898,2.0489999999990687,41.0,790.9731343283582,818.2326500370461,2.1480000000010477,41.0,665.3293532338308,648.4129414670289,2.1480000000010477,41.0,656.7800995024876,664.2825388984935,3.7989999999990687,41.0,2928.8278606965173,2870.6979501111387,3.3000000000029104,41.0,6120.803980099502,6051.756131744919,2.0500000000029104,41.0,923.9243781094527,913.6952333909608,2.0499999999956344,41.0,922.7462686567164,929.2819434711516
2.1010000000023865,42,18180.282587064678,18005.849100677413,2.098999999994703,42.0,19378.228855721394,20770.732071945808,2.1010000000023865,42.0,21048.533333333333,21557.550105115628,2.650999999998021,42.0,24269.32537313433,25733.09787432843,2.5,42.0,23261.198009950247,26137.38846064004,2.1999999999970896,42.0,20505.002666666667,22203.399205793037,2.25,42.0,30651.86069651741,31071.928988554075,2.150000000001455,42.0,29539.52711111111,32917.97617379117,6.049999999995634,42.0,12396.179104477613,12344.622375895282,2.1000000000058208,42.0,824.9154228855722,822.0064213386021,2.099999999998545,42.0,810.8417910447761,828.5186465794023,2.197999999996682,42.0,662.4318407960199,645.907631513954,2.198000000003958,42.0,671.3313432835821,659.667078290936,3.849000000001979,42.0,3168.286567164179,3123.264015806372,3.349999999998545,42.0,6731.128358208955,6641.005372576501,2.099999999998545,42.0,941.6915422885572,921.0056804149173,2.1009999999951106,42.0,951.0686567164179,952.4466246204158
2.150999999998021,43,18876.51343283582,18690.941368839056,2.1499999999941792,43.0,19909.874626865672,21499.399205793037,2.150000000001455,43.0,21494.43184079602,22111.387059098342,2.6999999999970896,43.0,24512.42985074627,26137.56785797711,2.5500000000029104,43.0,23494.33631840796,26277.58747956085,2.2999999999956344,43.0,21186.417777777777,23205.501518336838,2.301999999996042,43.0,31204.823880597014,31644.01588413922,2.2489999999961583,43.0,30412.65777777778,34141.5706610605,6.149999999994179,43.0,13383.546268656717,13254.421338602124,2.150000000001455,43.0,796.8477611940299,799.438873795999,2.1489999999976135,43.0,826.4437810945274,809.7643862682144,2.298000000002503,43.0,657.607960199005,651.8192146208941,2.2479999999995925,43.0,658.9771144278607,657.3356384292418,3.947999999996682,43.0,3894.208955223881,3827.615707582119,3.400999999998021,43.0,7338.634825870647,7260.019621583742,2.1520000000018626,43.0,929.4805970149254,917.9115831069399,2.1499999999941792,43.0,963.3592039800996,956.2625554776921
2.1999999999970896,44,19604.585074626866,19373.716421396868,2.2010000000009313,44.0,20647.355223880597,22192.79233823873,2.201999999997497,44.0,21752.055721393033,22437.03807521607,2.7510000000038417,44.0,24904.167164179104,26564.298061200654,2.650000000001455,44.0,24433.607960199006,27166.306937631394,2.3519999999989523,44.0,21676.359111111113,23737.08572763373,2.4499999999970896,44.0,32300.210945273633,32837.03807521607,2.300999999999476,44.0,30849.26577777778,34722.89278206027,6.399999999994179,44.0,15618.722388059701,15661.949123240307,2.2000000000043656,44.0,816.0477611940298,811.9614719683873,2.1999999999970896,44.0,830.3761194029851,796.7280810076562,2.3479999999981374,44.0,647.1800995024876,632.3418127932823,2.2989999999990687,44.0,641.1144278606965,646.2790812546308,3.9989999999961583,44.0,4238.726368159204,4128.928624351692,3.4510000000009313,44.0,7910.41592039801,7910.252744685821,2.2000000000043656,44.0,915.7412935323383,938.3294640652013,2.2009999999936554,44.0,947.1840796019901,960.0037374445224
2.25,45,20262.52736318408,20045.869656622286,2.25,45.0,21343.028855721393,23002.95071245036,2.25,45.0,22689.416915422884,23342.000467180565,2.849000000001979,45.0,25587.93233830846,27260.415790703108,2.7000000000043656,45.0,24387.789054726367,27329.308105582808,2.400999999998021,45.0,22132.02488888889,24210.519037608035,2.5499999999956344,45.0,32967.99203980099,33609.17168885774,2.400999999998021,45.0,31960.547555555557,35990.256482130346,6.5,45.0,16564.680597014925,16622.036058285998,2.2490000000034343,45.0,841.6796019900497,803.6907878488515,2.25,45.0,802.4199004975125,805.042232650037,2.3980000000010477,45.0,647.9442786069652,643.872561126204,2.3480000000054133,45.0,671.9681592039801,662.8836749814769,4.197999999996682,45.0,5742.726368159204,5603.868609533218,3.599999999998545,45.0,10060.99104477612,10010.221910768512,2.2520000000004075,45.0,932.7283582089552,957.553963941714,2.25,45.0,998.6228855721394,997.8790002335903
2.3000000000029104,46,20970.762189054727,20700.88670871292,2.301999999996042,46.0,21787.669651741293,23550.090165849102,2.302000000003318,46.0,23318.79800995025,23986.115393599626,2.900000000001455,46.0,25659.988059701493,27020.247605699602,2.8000000000029104,46.0,24838.49552238806,27710.52370941369,2.4499999999970896,46.0,22379.733333333334,24503.422564821303,2.6519999999945867,46.0,33805.54825870647,34687.21887409484,2.5,46.0,32925.19822222222,36954.92828778323,6.600999999995111,46.0,17546.475621890546,17690.637688318104,2.3000000000029104,46.0,800.5253731343283,816.0908866386762,2.3000000000029104,46.0,797.1343283582089,807.7372190664362,2.447999999996682,46.0,671.7293532338308,641.3079772783403,2.3990000000048894,46.0,652.9432835820895,656.154112126451,4.248999999996158,46.0,6037.603980099502,5919.50605087676,3.7509999999965657,46.0,12213.476616915423,12117.860313010979,2.3000000000029104,46.0,956.3383084577115,980.3665102494443,2.301999999996042,46.0,1058.881592039801,1026.986218173324
2.349999999998545,47,21505.544278606965,21348.219574865685,2.3999999999941792,47.0,23036.9592039801,24732.04952113992,2.349999999998545,47.0,23454.821890547264,24200.117729502454,2.9990000000034343,47.0,26188.17910447761,27992.349451062837,2.8519999999989523,47.0,25370.316417910446,28463.476757766875,2.5499999999956344,47.0,23193.557333333334,25371.72436346648,2.701999999997497,47.0,33888.06368159204,34472.170053725764,2.599000000001979,47.0,33853.084444444445,37984.328895117964,6.649999999994179,47.0,18077.516417910447,18139.79550506298,2.3510000000023865,47.0,815.0606965174129,820.1847369720919,2.349999999998545,47.0,783.1243781094528,810.2069646826377,2.5,47.0,661.2059701492537,661.093603358854,2.448000000003958,47.0,664.3741293532338,660.4455421091627,4.299999999995634,47.0,6451.916417910447,6347.965423561373,3.900000000001455,47.0,14442.459701492537,14442.528381219341,2.3519999999989523,47.0,1046.5273631840796,1005.5302543837985,2.349999999998545,47.0,1072.0318407960199,1063.4711516000934
2.400000000001455,48,22063.140298507464,21955.262789067976,2.4499999999970896,48.0,23404.8,25324.524176594252,2.400999999998021,48.0,24157.9144278607,24677.258584442887,3.0489999999990687,48.0,26573.834825870646,28325.63606633964,2.952000000004773,48.0,25709.866666666665,28779.148797010046,2.650999999998021,48.0,23793.194666666666,25855.540294323757,2.849999999998545,48.0,34668.60895522388,35094.68628825041,2.699000000000524,48.0,34174.09422222222,38335.20018687223,6.75,48.0,19207.594029850745,19277.008644109657,2.400000000001455,48.0,819.6298507462686,820.5561867127686,2.400000000001455,48.0,792.3582089552239,822.879723388491,2.548000000002503,48.0,667.0487562189055,647.1958508273648,2.4990000000034343,48.0,670.1691542288557,650.7483329217091,4.3989999999976135,48.0,7237.253731343284,7156.208446530008,3.9499999999970896,48.0,15072.891542288557,15054.385423966363,2.400000000001455,48.0,1049.58407960199,1068.4633242775994,2.400999999998021,48.0,1144.676616915423,1115.2123335669237
2.4510000000009313,49,22768.541293532337,22557.53328661528,2.4989999999961583,49.0,24095.47462686567,26013.559448726934,2.4500000000043656,49.0,24487.689552238808,25177.179163746787,3.1489999999976135,49.0,26778.602985074627,28696.28965195048,3.0500000000029104,49.0,26157.834825870646,29167.502919878534,2.7009999999936554,49.0,24071.424,26219.25718290119,2.8999999999941792,49.0,34759.13233830846,35451.817799579534,2.9989999999961583,49.0,36430.79111111111,40480.52697967765,6.899999999994179,49.0,20706.260696517413,20552.001975796495,2.4500000000043656,49.0,783.9522388059702,811.9654235613732,2.4499999999970896,49.0,797.4049751243781,806.4885156828847,2.599999999998545,49.0,672.0636815920398,654.8737959990121,2.599000000001979,49.0,678.1134328358208,660.1136082983453,4.449000000000524,49.0,7689.71144278607,7589.247715485305,4.000999999996566,49.0,15989.556218905473,15962.831114225648,2.452000000004773,49.0,1121.8467661691543,1109.3662632748826,2.451999999997497,49.0,1232.652736318408,1215.7533286615276
2.5,50,23189.094527363184,23244.980144825975,2.5489999999990687,50.0,24453.285572139303,26377.347348750292,2.5010000000038417,50.0,24938.36417910448,25628.25881803317,3.2490000000034343,50.0,27321.026865671643,29064.304601728567,3.150000000001455,50.0,26851.0407960199,30059.795374912403,2.800999999999476,50.0,24666.29688888889,26773.381920112122,3.0009999999965657,50.0,35406.80597014925,35980.740948376544,3.2489999999961583,50.0,37087.616,41410.30974071479,7.049999999995634,50.0,22214.766169154227,22029.88589775253,2.5,50.0,810.7144278606966,828.4751790565572,2.5009999999965657,50.0,801.1781094527363,807.8043961471968,2.6480000000010477,50.0,665.6955223880597,656.3516917757471,2.6480000000010477,50.0,662.1134328358208,659.1533712027662,4.648000000001048,50.0,9751.418905472638,9551.723388490986,4.05000000000291,50.0,16901.826865671643,16855.98691894417,2.5010000000038417,50.0,1198.7900497512437,1174.1802914299826,2.5,50.0,1369.982089552239,1339.4664797944406
2.550999999999476,51,23595.892537313433,23614.87876664331,2.6489999999976135,51.0,25380.441791044777,27438.067741181967,2.552000000003318,51.0,25318.28855721393,25956.81009110021,3.3510000000023865,51.0,27412.234825870648,29262.4078486335,3.2000000000043656,51.0,26591.61791044776,29705.6164447559,2.8509999999951106,51.0,24835.726222222223,26842.554543330996,3.099999999998545,51.0,35610.2368159204,36594.72459705676,3.349000000001979,51.0,37269.91644444445,41589.40434477926,7.200999999993655,51.0,23462.68656716418,23137.659669054086,2.5500000000029104,51.0,793.4885572139303,822.4648061249691,2.599000000001979,51.0,815.6338308457712,808.610521116325,2.699000000000524,51.0,669.7870646766169,669.1153371202766,2.7000000000043656,51.0,663.355223880597,677.346505309953,4.7479999999995925,51.0,10746.666666666666,10418.904420844652,4.150000000001455,51.0,18391.418905472638,18309.426769446392,2.5500000000029104,51.0,1293.9462686567165,1276.5542109162757,2.5499999999956344,51.0,1455.6179104477612,1436.7633730436814
2.599999999998545,52,24277.508457711443,24195.617846297595,2.699000000000524,52.0,26010.57114427861,27896.050455501052,2.599999999998545,52.0,25637.190049751243,26383.532819434713,3.449000000000524,52.0,27802.284577114428,29558.645176360664,3.3000000000029104,52.0,27003.749253731345,30020.76524176594,2.9509999999936554,52.0,25502.364444444444,27886.942303200187,3.1499999999941792,52.0,35939.78905472637,36607.36463443121,3.3989999999976135,52.0,37450.96533333333,41733.78556412053,7.349999999998545,52.0,25175.211940298508,24654.37984687577,2.6000000000058208,52.0,815.8726368159204,823.4566559644356,2.699000000000524,52.0,808.7880597014926,806.9587552482094,2.798000000002503,52.0,653.6597014925374,639.7629044208446,2.7479999999995925,52.0,670.8696517412935,670.2454927142504,4.849000000001979,52.0,11757.404975124378,11492.054334403556,4.201000000000931,52.0,19344.748258706466,19266.54519971969,2.599999999998545,52.0,1449.918407960199,1401.0333415658188,2.599999999998545,52.0,1637.0467661691541,1614.4751226348983
2.650000000001455,53,24722.0855721393,24608.560616678347,2.7509999999965657,53.0,26021.285572139303,28220.068208362532,2.650000000001455,53.0,25989.094527363184,26793.99018920813,3.6999999999970896,53.0,28600.72437810945,30431.809390329363,3.349999999998545,53.0,27124.807960199007,30271.22261153936,3.0009999999965657,53.0,25544.064,27960.214903060034,3.25,53.0,36427.59004975124,36976.3849567858,3.449000000000524,53.0,37713.73511111111,41976.435412286846,7.549999999995634,53.0,27035.223880597016,26539.412200543346,2.6490000000048894,53.0,820.776119402985,824.5710051864658,2.949000000000524,53.0,834.0537313432836,812.8466287972338,2.8989999999976135,53.0,679.7373134328358,660.8248950358113,2.8480000000054133,53.0,670.8378109452736,678.3660163003211,4.949000000000524,53.0,12794.204975124378,12340.247962459867,4.25,53.0,19896.103482587063,19816.85774351787,2.650000000001455,53.0,1567.4427860696517,1547.8231662138799,2.650999999998021,53.0,1839.4587064676616,1795.5655220742817
2.7010000000009313,54,25203.59800995025,25089.364167250642,2.7989999999990687,54.0,26432.748258706466,28590.374211632796,2.7000000000043656,54.0,26493.16616915423,27279.67857977108,3.7510000000038417,54.0,28568.262686567163,30369.838822704976,3.400000000001455,54.0,27368.326368159203,30512.02989955618,3.050999999999476,54.0,25735.964444444446,27992.028030833917,3.349999999998545,54.0,36666.50746268657,37347.96169119365,3.550999999999476,54.0,37914.268444444446,42127.76080355057,7.601999999998952,54.0,27620.362189054726,27174.35416152136,2.7000000000043656,54.0,788.6646766169155,813.1113855272907,3.099999999998545,54.0,813.9940298507463,812.2025191405286,2.9979999999995925,54.0,688.1910447761194,660.7102988392196,2.8980000000010477,54.0,689.2258706467662,700.4909854285008,4.9979999999995925,54.0,13416.342288557214,12978.019264015806,4.300999999999476,54.0,20759.387064676615,20669.264190609672,2.702000000004773,54.0,1753.3930348258707,1723.30945912571,2.6999999999970896,54.0,2112.971144278607,2028.782060266293
2.75,55,25797.65174129353,25727.132912870824,2.8989999999976135,55.0,27464.501492537314,29697.79771081523,2.75,55.0,26780.73631840796,27540.76150432142,3.849999999998545,55.0,29004.27462686567,30820.858677879,3.5,55.0,27527.084577114427,30630.077084793273,3.150999999998021,55.0,26057.770666666667,28541.791170287317,3.4019999999945867,55.0,36938.63482587065,37396.90726465779,3.599000000001979,55.0,38247.38133333333,42369.315580471855,7.75,55.0,29246.758208955223,28778.05680414917,2.75,55.0,819.6298507462686,816.6441096567054,3.300999999999476,55.0,814.0895522388059,828.328970116078,3.197999999996682,55.0,755.1840796019901,708.3665102494443,2.9979999999995925,55.0,717.5800995024875,716.3210669301062,5.048999999999069,55.0,13976.167164179105,13508.726105211163,4.3510000000023865,55.0,21701.142288557214,21555.696332632564,2.75,55.0,1921.3213930348259,1907.880464312176,2.75,55.0,2359.2597014925373,2276.772716654987
2.8000000000029104,56,26086.62288557214,26043.944872693297,2.949000000000524,56.0,27673.71144278607,29968.508292455033,2.8000000000029104,56.0,27032.342288557214,27848.89138051857,3.9990000000034343,56.0,29181.34129353234,31050.248072880167,3.599999999998545,56.0,27995.717412935322,31177.33987386125,3.1999999999970896,56.0,26331.804444444446,28810.81616444756,3.502999999996973,56.0,36788.26666666667,37656.35692595188,3.650999999998021,56.0,38083.584,42442.2032235459,8.0,56.0,31503.140298507464,31386.862929118302,2.901000000005297,56.0,830.1213930348258,797.0165472956286,3.4499999999970896,56.0,833.1144278606965,828.1432452457396,3.599000000001979,56.0,1358.2805970149254,1224.2904420844652,3.0980000000054133,56.0,764.7522388059701,770.6712768584836,5.299999999995634,56.0,16782.805970149253,15845.172635218572,4.400000000001455,56.0,22370.738308457712,22187.634664797944,2.802000000003318,56.0,2226.9771144278607,2174.6880711286735,2.8509999999951106,56.0,3029.444776119403,2951.8037841625787
2.849999999998545,57,26499.16815920398,26425.44078486335,3.0,57.0,28092.60895522388,30316.901658491006,2.8519999999989523,57.0,27558.90945273632,28294.14062135015,4.099999999998545,57.0,29380.744278606966,31157.445456669004,3.7000000000043656,57.0,28267.590049751245,31316.182200420462,3.2509999999965657,57.0,26409.372444444445,28756.668068208364,3.6499999999941792,57.0,37149.89850746268,37926.91800981079,3.699000000000524,57.0,38251.98933333333,42477.989254847,8.252000000000407,57.0,33850.714427860694,33727.65225981724,3.0,57.0,824.9154228855722,826.1318844159051,3.7489999999961583,57.0,823.0208955223881,850.6633736725117,3.798000000002503,57.0,2112.7800995024877,1872.7942701901704,3.198000000003958,57.0,870.3044776119403,865.5608792294394,5.347999999998137,57.0,17289.217910447762,16492.234131884416,4.5,57.0,23770.25273631841,23385.66503153469,2.849999999998545,57.0,2559.076616915423,2443.977278340331,2.9499999999970896,57.0,3810.913432835821,3703.7140854940435
2.900999999998021,58,26876.59303482587,26857.706143424435,3.098999999994703,58.0,28726.22487562189,31032.024293389393,2.900000000001455,58.0,27688.803980099503,28476.849334267696,4.599000000001979,58.0,29981.691542288558,31746.668535388926,3.7510000000038417,58.0,28336.4776119403,31539.17309039944,3.300999999999476,58.0,26609.294222222223,29030.959121700536,3.7999999999956344,58.0,37617.560199004976,38435.35996262555,3.7989999999990687,58.0,38422.96888888889,42735.03573931324,8.451999999997497,58.0,35523.13631840796,35434.57446283033,3.1010000000023865,58.0,817.0507462686567,812.4080019757965,3.849999999998545,58.0,872.1512437810945,873.839466534947,3.9979999999995925,58.0,3056.2388059701493,2744.713262533959,3.2479999999995925,58.0,928.7960199004975,889.4719683872561,5.447999999996682,58.0,18246.95721393035,17238.701901704124,4.650000000001455,58.0,25904.35024875622,25336.697033403412,2.9020000000018626,58.0,2850.3084577114428,2774.069646826377,3.0,58.0,4282.427860696517,4153.960289651951
2.951999999997497,59,27250.83383084577,27269.8304134548,3.1489999999976135,59.0,28870.89353233831,31329.207194580704,2.951999999997497,59.0,27829.444776119402,28741.39313244569,4.8510000000023865,59.0,30068.903482587066,32087.773884606402,3.8519999999989523,59.0,28547.31144278607,31574.12193412754,3.3509999999951106,59.0,26856.732444444446,29194.939500116794,3.9019999999945867,59.0,37711.840796019904,38613.490306003274,3.849000000001979,59.0,38567.48088888889,42704.96052324223,8.75,59.0,37988.45771144279,37882.147690787846,3.150000000001455,59.0,789.7313432835821,811.6137317856261,3.900000000001455,59.0,876.179104477612,892.6016300321066,4.197999999996682,59.0,4359.3233830845775,3916.534452951346,3.298000000002503,59.0,1016.5651741293532,999.2906890590269,5.4979999999995925,59.0,18738.70646766169,17589.168683625587,4.800999999999476,59.0,28630.41592039801,28122.760102779725,2.9500000000043656,59.0,3233.576119402985,3123.2995801432453,3.051999999996042,59.0,4733.946268656717,4644.5036206493805
3.0,60,27805.08656716418,27634.36580238262,3.2489999999961583,60.0,29461.74726368159,31961.81079187106,3.0,60.0,28367.076616915423,29131.817799579538,4.999000000003434,60.0,28713.09054726368,31020.12800747489,3.900000000001455,60.0,28647.498507462686,31822.4078486335,3.4509999999936554,60.0,27008.199111111113,29457.349217472554,4.0,60.0,37639.37114427861,38335.73464143892,3.9510000000009313,60.0,38803.584,43066.65171688858,9.150999999998021,60.0,40552.708457711444,40707.29562855026,3.2490000000034343,60.0,791.2756218905473,825.5430970610028,4.050999999999476,60.0,985.3930348258707,977.7426525067918,4.298999999999069,60.0,5012.855721393034,4566.942948876265,3.3480000000054133,60.0,1120.620895522388,1057.4146702889602,5.597999999998137,60.0,19911.084577114427,18462.660409977772,4.900000000001455,60.0,30565.90646766169,29949.342676944638,3.0,60.0,3636.0915422885573,3567.3084712274635,3.099999999998545,60.0,5274.268656716418,5110.114459238495
3.052000000003318,61,27911.657711442786,27835.13010978743,3.300999999999476,61.0,29670.00199004975,32273.726699369305,3.0500000000029104,61.0,28530.197014925372,29267.17309039944,5.050999999999476,61.0,30453.158208955225,32205.5033870591,3.9510000000009313,61.0,28591.235820895523,31748.058864751227,3.550999999999476,61.0,27213.624888888888,29781.523943003973,4.101999999998952,61.0,38527.251741293534,39266.98995561785,3.9989999999961583,61.0,38963.825777777776,43328.269096005606,9.39999999999418,61.0,41634.80199004975,41682.1338602124,3.3000000000029104,61.0,818.4039800995025,824.1679427019017,4.199000000000524,61.0,1130.2845771144277,1142.1328723141517,4.398000000001048,61.0,5671.084577114428,5269.666584341813,3.3990000000048894,61.0,1179.3194029850747,1161.6734996295381,5.748999999996158,61.0,21676.163184079604,20077.846381822674,5.150000000001455,61.0,33955.8368159204,33378.63863583275,3.0500000000029104,61.0,4074.3004975124377,3969.41467028896,3.1519999999945867,61.0,5806.5194029850745,5664.470918009811
3.099999999998545,62,28408.453731343285,28433.184769913572,3.348999999994703,62.0,30034.069651741294,32642.15276804485,3.099999999998545,62.0,28717.48457711443,29594.498481663162,5.099000000001979,62.0,30505.026865671643,32554.94697500584,4.052000000003318,62.0,28631.864676616915,31640.558747956085,3.599999999998545,62.0,27602.80177777778,30010.2032235459,4.299999999995634,62.0,38288.525373134325,39133.28287783228,4.048999999999069,62.0,38696.63288888889,42830.90866619949,9.549999999995634,62.0,42274.41990049751,42379.42010372932,3.349000000001979,62.0,816.7641791044776,826.5309953074833,4.5,62.0,1858.7223880597014,1854.8856507779699,4.5,62.0,6466.849751243781,5927.152383304519,3.5,62.0,1506.0218905472636,1429.3860212398124,5.8989999999976135,62.0,22791.434825870645,21300.79723388491,5.250999999996566,62.0,35146.300497512435,34505.949077318386,3.099999999998545,62.0,4520.995024875622,4405.085700172882,3.252999999996973,62.0,6935.227860696517,6779.743050689091
3.150000000001455,63,28628.155223880596,28623.622518103246,3.400999999998021,63.0,30200.326368159203,32866.044382153705,3.1520000000018626,63.0,28947.3592039801,29859.89067974772,5.199000000000524,63.0,30587.781094527363,32456.753095071246,4.099999999998545,63.0,29001.7592039801,32085.29222144359,3.650999999998021,63.0,27735.651555555556,29946.438682550805,4.402999999998428,63.0,38092.51343283582,38805.81172623219,4.150000000001455,63.0,39389.24088888889,43493.886475122636,9.599999999998545,63.0,42492.84776119403,42669.265497653745,3.3990000000048894,63.0,835.9164179104478,829.1864657940232,4.599999999998545,63.0,2185.1223880597013,2221.1588046431216,4.597999999998137,63.0,7223.036815920398,6636.6450975549515,3.548000000002503,63.0,1647.5064676616914,1585.2408001975796,6.000999999996566,63.0,23572.362189054726,22306.651518893555,5.402000000001863,63.0,37323.255721393034,36417.56225181033,3.151000000005297,63.0,4957.8348258706465,4860.080019757965,3.2999999999956344,63.0,7648.843781094527,7481.108152300864
3.1999999999970896,64,29259.287562189056,29361.210932025228,3.449000000000524,64.0,30544.748258706466,33135.95141322121,3.2000000000043656,64.0,29356.3223880597,30068.952113992058,5.349000000001979,64.0,30900.425870646766,32842.210698434945,4.200000000004366,64.0,29162.969154228856,32340.19715019855,3.7509999999965657,64.0,27850.680888888888,30158.13501518337,4.451000000000931,64.0,38297.52039800995,39205.841625788365,4.199000000000524,64.0,39430.954666666665,43614.747956085026,9.85099999999511,64.0,43136.90746268657,43362.11410224747,3.4500000000043656,64.0,841.934328358209,832.355643368733,4.80000000000291,64.0,3171.2796019900497,3194.3650284020746,4.648000000001048,64.0,7511.180099502488,6999.164238083477,3.698000000003958,64.0,2246.2567164179104,2185.1439861694244,6.048999999999069,64.0,23954.133333333335,22786.04692516671,5.5,64.0,38349.850746268654,37832.18500350385,3.2030000000013388,64.0,5545.329353233831,5433.78809582613,3.3509999999951106,64.0,8312.517412935324,8111.263723429105
3.25,65,28938.30049751244,29036.363466479794,3.5499999999956344,65.0,30893.834825870646,33541.550105115624,3.25,65.0,29605.301492537314,30449.352954917074,5.599000000001979,65.0,30450.849751243783,31985.513665031536,4.25,65.0,28941.404975124377,32096.512029899557,3.8519999999989523,65.0,28046.02311111111,30229.21747255314,4.549999999995634,65.0,38174.18507462687,39038.1574398505,4.298999999999069,65.0,39894.98311111111,44116.16351319785,10.049999999995634,65.0,43962.95323383085,44282.677204247964,3.6000000000058208,65.0,851.2477611940299,816.1343541615214,4.949000000000524,65.0,4083.1522388059702,4083.5445789083724,4.699000000000524,65.0,8035.391044776119,7470.470733514448,3.9990000000034343,65.0,3962.284577114428,3851.479377624105,6.148000000001048,65.0,25004.59303482587,24037.579649296124,5.599999999998545,65.0,39917.659701492536,39288.07288016818,3.349999999998545,65.0,7234.212935323383,7084.735984193628,3.3999999999941792,65.0,8822.893532338308,8710.959121700538
3.300999999999476,66,29367.594029850745,29361.431441252043,3.598999999994703,66.0,31248.716417910447,33831.03013314646,3.302000000003318,66.0,29625.233830845773,30520.573697734173,5.751000000003842,66.0,30894.009950248757,32610.272366269564,4.400000000001455,66.0,29178.316417910446,32206.247138519037,3.9509999999936554,66.0,28333.710222222224,30741.29595888811,4.601999999998952,66.0,38400.54129353234,39171.8869423032,4.3510000000023865,66.0,39353.45777777778,43802.52464377482,10.150999999998021,66.0,43996.22686567164,44181.80489009632,3.7010000000009313,66.0,835.1044776119403,844.3645344529514,5.05000000000291,66.0,4774.766169154229,4781.905655717461,4.798000000002503,66.0,8848.270646766168,8246.243516917757,4.348000000005413,66.0,6467.0885572139305,6289.880958261299,6.19999999999709,66.0,25301.81094527363,24539.186959743147,5.650999999998021,66.0,40427.36716417911,39508.71291754263,3.400000000001455,66.0,7796.999004975124,7642.064707335145,3.4499999999970896,66.0,9674.714427860696,9484.139219808456
3.3510000000023865,67,29716.394029850748,29892.503620649382,3.6499999999941792,67.0,31347.02487562189,33912.53258584443,3.349999999998545,67.0,29937.799004975124,30783.31978509694,5.798999999999069,67.0,30819.23184079602,32506.580705442655,4.5,67.0,29429.763184079602,32704.16071011446,4.049999999995634,67.0,28440.448,30496.657790235928,4.7629999999990105,67.0,38402.00597014926,39260.35972903527,4.3989999999976135,67.0,39486.336,43586.04064470918,10.19999999999709,67.0,44068.123383084574,44108.88614472709,3.8000000000029104,67.0,862.3124378109453,851.3904667819214,5.150000000001455,67.0,5490.149253731343,5478.188194615955,4.847999999998137,67.0,9054.439800995026,8441.85527290689,4.448000000003958,67.0,7133.866666666667,6967.436897999506,6.400999999998021,67.0,26819.16815920398,26361.626080513706,5.69999999999709,67.0,40865.08258706467,39811.09086661995,3.4500000000043656,67.0,8390.59104477612,8184.258829340578,3.550999999999476,67.0,11058.435820895522,10899.59542163046
3.400999999998021,68,30218.634825870646,30240.34010745153,3.699000000000524,68.0,31591.211940298508,34218.64424199953,3.400000000001455,68.0,28529.687562189054,29692.516701705208,5.8510000000023865,68.0,30763.781094527363,32447.22261153936,4.599999999998545,68.0,29491.24776119403,32594.743284279375,4.149999999994179,68.0,28627.85422222222,31083.69072646578,4.900999999998021,68.0,38534.32039800995,39296.953048353185,4.5,68.0,39404.95644444445,43631.03200186872,10.298999999999069,68.0,44262.52736318408,44461.57372190664,3.849000000001979,68.0,845.436815920398,845.3208199555446,5.248999999996158,68.0,6142.312437810945,6181.152877253643,4.947999999996682,68.0,10001.655721393035,9323.78365028402,4.598000000005413,68.0,8387.916417910448,8237.636947394418,6.4979999999995925,68.0,27629.739303482587,27351.504075080265,5.80000000000291,68.0,42336.28656716418,41687.58701238028,3.5,68.0,9007.665671641791,8896.221289207211,3.599999999998545,68.0,11796.123383084578,11669.419294557347
3.4499999999970896,69,30336.987064676618,30478.77038075216,3.7489999999961583,69.0,31692.8,34369.52861480963,3.4500000000043656,69.0,30690.165174129354,31569.367904695166,5.949000000000524,69.0,30806.33631840796,32672.074748890445,4.652000000001863,69.0,29692.06766169154,32775.23569259519,4.201999999997497,69.0,28746.93688888889,31248.71758934828,5.050999999999476,69.0,38613.34925373134,39350.432142022895,4.599999999998545,69.0,39642.112,43624.831581406215,10.351999999998952,69.0,44495.21990049751,44795.82711780687,3.8990000000048894,69.0,858.555223880597,854.4134354161521,5.349999999998545,69.0,6938.093532338308,6958.075574215855,5.048000000002503,69.0,11039.060696517414,10239.304519634477,4.648000000001048,69.0,8784.923383084577,8618.013336626327,6.599000000001979,69.0,28189.13432835821,28115.453692269697,6.0,69.0,43640.437810945274,42891.01798645176,3.5500000000029104,69.0,9697.735323383085,9524.161027414177,3.650999999998021,69.0,12639.506467661691,12428.74468582107
3.5009999999965657,70,30582.511442786068,30730.02756365335,3.848999999994703,70.0,32110.153233830846,34879.20018687223,3.5,70.0,30374.5592039801,31136.280308339174,6.052000000003318,70.0,30984.565174129355,32901.58374211633,4.700000000004366,70.0,29624.581094527362,32550.98154636767,4.351999999998952,70.0,28905.159111111112,31197.630460172855,5.099999999998545,70.0,38880.22288557214,39384.013081055826,4.6489999999976135,70.0,39584.96711111111,43628.5989254847,10.5,70.0,44706.197014925376,45381.30303778711,3.949000000000524,70.0,890.4437810945274,875.5860706347246,5.498999999996158,70.0,8194.005970149254,8206.63274882687,5.097999999998137,70.0,11499.383084577114,10567.36576932576,4.698000000003958,70.0,9389.452736318408,9188.813040256853,6.697999999996682,70.0,29538.483582089553,29498.779945665596,6.1010000000023865,70.0,44315.08059701492,43796.27937397804,3.599999999998545,70.0,10326.782089552238,10116.212398122992,3.75,70.0,14247.562189054726,13991.874795608503
3.5500000000029104,71,31065.69552238806,31103.338472319552,3.9499999999970896,71.0,32360.549253731344,35095.22821770614,3.5500000000029104,71.0,30428.60895522388,31329.67063770147,6.150999999998021,71.0,30938.18905472637,32611.427236626958,4.80000000000291,71.0,29721.488557213932,32880.17565989255,4.401999999994587,71.0,28988.970666666668,31554.99369306237,5.150999999998021,71.0,38447.82487562189,39140.43634664798,4.699000000000524,71.0,39854.40711111111,43720.75683251577,10.89999999999418,71.0,45253.90646766169,45708.261793035315,4.05000000000291,71.0,967.5303482587065,945.9244257841442,5.650000000001455,71.0,9431.196019900497,9506.750308718201,5.148000000001048,71.0,11891.804975124378,11022.648555198815,4.798000000002503,71.0,10217.47263681592,9923.086194122005,6.748999999996158,71.0,29627.669651741293,29602.65547048654,6.150999999998021,71.0,44712.740298507466,44056.091567390795,3.650000000001455,71.0,11061.810945273632,10941.245739688811,3.7999999999956344,71.0,15092.441791044776,14852.11492641906
3.599999999998545,72,31072.12736318408,31126.391030133145,3.9989999999961583,72.0,32553.170149253732,35325.013781826674,3.599999999998545,72.0,30784.6368159204,31744.426068675544,6.199000000000524,72.0,31026.388059701494,32872.17752861481,4.900000000001455,72.0,29709.54825870647,32877.87339406681,4.500999999996566,72.0,29108.92088888889,31350.26395701939,5.19999999999709,72.0,38697.52039800995,39259.45526746087,4.798999999999069,72.0,39914.325333333334,44029.89208128942,11.349999999998545,72.0,46192.44577114428,46120.14423314398,4.150000000001455,72.0,1045.6835820895521,1020.6055816250927,5.900999999998021,72.0,11751.259701492538,11831.421091627562,5.197999999996682,72.0,12493.548258706467,11559.199802420351,4.898000000001048,72.0,11089.257711442786,10883.880464312177,6.849000000001979,72.0,30451.66169154229,30476.309212151147,6.201999999997497,72.0,45160.788059701496,44600.214903060034,3.702000000004773,72.0,11675.908457711443,11574.950852062238,3.8509999999951106,72.0,16338.053731343283,15867.021723896285
3.650000000001455,73,31258.905472636816,31462.099509460408,4.098999999994703,73.0,33003.335323383086,35492.11118897454,3.6520000000018626,73.0,31095.180099502486,32010.446157439852,6.298999999999069,73.0,30950.89353233831,32697.515533753794,5.05000000000291,73.0,29830.670646766168,32843.107685120296,4.551999999996042,73.0,29078.840888888888,31497.470684419528,5.250999999996566,73.0,38528.01592039801,39124.97080121467,4.849000000001979,73.0,39981.85244444444,44047.26746087363,11.700999999993655,73.0,46056.421890547266,46201.420597678436,4.25,73.0,1142.718407960199,1144.8515682884663,6.0,73.0,12664.692537313433,12800.142257347494,5.2479999999995925,73.0,12913.799004975124,11957.018523092122,4.948000000003958,73.0,11439.60199004975,11330.872808100765,7.099999999998545,73.0,31811.836815920396,31829.405779204742,6.301999999996042,73.0,45793.114427860695,45002.97313711749,3.75,73.0,12443.032835820895,12331.99703630526,3.8999999999941792,73.0,16719.044776119405,16374.129409016585
3.7010000000009313,74,31725.739303482587,31783.82247138519,4.150999999998021,74.0,32743.084577114427,35397.84910067741,3.7000000000043656,74.0,31038.216915422887,32095.760803550573,6.3510000000023865,74.0,31070.567164179105,32936.125204391494,5.151000000005297,74.0,30004.123383084578,33023.80565288484,4.650999999998021,74.0,29269.39022222222,31451.604765241766,5.349999999998545,74.0,38619.844776119404,39377.147395468346,4.8989999999976135,74.0,39693.568,43741.1184302733,12.25,74.0,46492.78407960199,46587.34897505557,4.399000000004889,74.0,1476.521393034826,1409.2012842677204,6.101999999998952,74.0,13680.09552238806,13831.124722153618,5.347999999998137,74.0,13988.187064676617,12925.166707829094,5.048000000002503,74.0,12353.655721393035,12358.03803408249,7.148000000001048,74.0,32109.691542288558,32039.018029142997,6.400000000001455,74.0,46286.742288557216,45725.129642606866,3.800999999999476,74.0,13254.686567164179,13133.463077303039,3.951999999997497,74.0,17510.16119402985,17210.928287783227
3.7520000000004075,75,31825.162189054725,31887.114225648213,4.19999999999709,75.0,33524.64875621891,36122.59565522074,3.7520000000004075,75.0,31273.82288557214,32181.740714786265,6.499000000003434,75.0,30967.371144278608,32939.608502686286,5.251000000003842,75.0,30018.81791044776,33043.84956785798,4.800999999999476,75.0,29334.812444444444,31718.256482130342,5.399999999994179,75.0,39146.38009950249,39993.98645176361,4.998999999996158,75.0,39948.472888888886,44036.24199953282,12.548999999999069,75.0,46212.792039800996,46360.55519881452,4.451000000000931,75.0,1579.9402985074628,1533.2813040256854,6.201000000000931,75.0,14627.34328358209,14886.67819214621,5.398000000001048,75.0,14471.753233830847,13307.815263027907,5.099000000001979,75.0,12941.898507462687,12775.73326747345,7.2479999999995925,75.0,32797.99402985074,32882.8925660657,6.500999999996566,75.0,46554.65074626866,45970.76197150198,3.9029999999984284,75.0,14701.596019900497,14755.87651271919,4.0,75.0,18511.37910447761,17968.967998131277
3.8000000000029104,76,31899.462686567163,32054.15930857276,4.248999999996158,76.0,33248.50945273632,36002.62742349918,3.8000000000029104,76.0,31675.383084577115,32374.05839757066,6.599000000001979,76.0,31074.133333333335,32794.184536323286,5.3510000000023865,76.0,30401.400995024876,33440.17939733707,4.849999999998545,76.0,29308.700444444443,31737.575332866152,5.451999999997497,76.0,38683.016915422886,39549.87339406681,5.049999999995634,76.0,40062.037333333334,43793.10254613408,12.64999999999418,76.0,46449.926368159206,46680.812052358604,4.499000000003434,76.0,1714.4199004975123,1640.4050382810572,6.248999999996158,76.0,15193.026865671642,15413.71795505063,5.499000000003434,76.0,15646.153233830846,14336.837737713016,5.199000000000524,76.0,13772.86368159204,13832.48011854779,7.297999999995227,76.0,33124.23482587065,33176.55519881452,6.6010000000023865,76.0,46980.87164179105,46399.18149964962,3.9500000000043656,76.0,15517.293532338308,15412.21634971598,4.099999999998545,76.0,20271.42686567164,19761.091333800516
3.8519999999989523,77,32101.253731343284,32292.656855874797,4.300999999999476,77.0,33627.27164179104,36312.42046250876,3.8519999999989523,77.0,31615.761194029852,32424.446624620417,6.650000000001455,77.0,30999.259701492538,32683.2085961224,5.450000000004366,77.0,29712.7960199005,32799.49918243401,4.950999999993655,77.0,29590.030222222224,31870.34804952114,5.549999999995634,77.0,38382.13731343284,39149.936930623684,5.099000000001979,77.0,39827.69777777778,43983.41695865452,12.748999999996158,77.0,46724.77611940299,46755.16127438874,4.650000000001455,77.0,2198.017910447761,2163.264015806372,6.300999999999476,77.0,15864.947263681592,16101.915534699925,5.548000000002503,77.0,16069.301492537314,14737.837490738453,5.2479999999995925,77.0,14176.334328358209,14266.246480612497,7.398000000001048,77.0,33674.65074626866,33813.30303778711,6.650999999998021,77.0,47128.31044776119,46365.15954216305,4.0,77.0,16252.25870646766,16325.283279822179,4.149999999994179,77.0,21100.6407960199,20488.37187572997
3.900000000001455,78,32202.905472636816,32474.6554543331,4.349999999998545,78.0,33642.22089552239,36242.3620649381,3.951999999997497,78.0,31904.73233830846,32898.71712216772,6.75,78.0,30932.616915422885,32682.954449894885,5.5,78.0,30350.455721393035,33398.45830413455,5.000999999996566,78.0,29502.464,31929.523008642842,5.60399999999936,78.0,38984.612935323385,39748.45129642607,5.150999999998021,78.0,40078.36444444444,44156.075683251576,12.849999999998545,78.0,46457.58407960199,46553.495677945175,4.800999999999476,78.0,2946.244776119403,2880.2884662879724,6.402000000001863,78.0,16842.36417910448,17131.139540627315,5.648000000001048,78.0,17115.86069651741,15620.161027414177,5.298000000002503,78.0,14744.565174129353,14831.249197332674,7.4979999999995925,78.0,33990.431840796016,33843.271918992345,6.69999999999709,78.0,47541.26965174129,46953.47442186405,4.05000000000291,78.0,16751.506467661693,16700.206470733516,4.19999999999709,78.0,21735.02089552239,21106.47792571829
3.9530000000013388,79,32430.312437810946,32636.06073347349,4.500999999996566,79.0,33851.04875621891,36509.19317916375,4.0,79.0,31949.7552238806,32873.34734875029,6.8510000000023865,79.0,30944.493532338307,32675.51319785097,5.599999999998545,79.0,29900.577114427862,33077.77808923149,5.100999999995111,79.0,29749.23377777778,32133.561317449195,5.649999999994179,79.0,36963.74129353234,37860.21957486569,5.250999999996566,79.0,39950.976,43898.64424199953,12.998999999996158,79.0,46544.17512437811,46691.96739935787,5.149000000004889,79.0,5145.377114427861,5021.518399604841,6.498999999996158,79.0,17928.581094527362,18262.164485058038,5.7479999999995925,79.0,18235.414925373134,16713.124228204495,5.398000000001048,79.0,15740.099502487563,15835.894294887627,7.898000000001048,79.0,35671.94427860696,35699.208693504566,6.75,79.0,47646.75820895522,47042.37327727167,4.150000000001455,79.0,18289.416915422884,18644.22425290195,4.25,79.0,22698.077611940298,22076.65124970801
4.0,80,32633.966169154228,32764.38962859145,4.548999999999069,80.0,33870.59900497513,36722.76197150198,4.101999999998952,80.0,32246.27263681592,33290.58444288718,6.900000000001455,80.0,30762.220895522387,32593.091333800516,5.700000000004366,80.0,30269.946268656717,33254.11819668302,5.150999999998021,80.0,29898.837333333333,32339.25531417893,5.69999999999709,80.0,38888.8039800995,39421.701471618784,5.349999999998545,80.0,39937.19466666667,44079.626255547766,13.10099999999511,80.0,46424.31044776119,46887.45270437145,5.249000000003434,80.0,5841.655721393035,5605.374166460854,6.548999999999069,80.0,18318.057711442787,18718.02025191405,5.849000000001979,80.0,19140.250746268655,17377.592491973326,5.447000000000116,80.0,16132.983084577114,16223.446776981971,7.998999999996158,80.0,35962.571144278605,36147.95554457891,6.800999999999476,80.0,47567.09253731343,47059.59915907498,4.200000000004366,80.0,19360.62089552239,19765.220054334404,4.299999999995634,80.0,23382.0815920398,22691.681382854473
4.05000000000291,81,32763.542288557215,32973.22307871992,4.600999999995111,81.0,33918.344278606965,36752.36253211866,4.150000000001455,81.0,32367.761194029852,33194.22191076851,6.999000000003434,81.0,31233.639800995024,32812.26255547769,5.900000000001455,81.0,30360.262686567163,33444.802616211164,5.250999999996566,81.0,29792.398222222222,32187.436580238264,5.75,81.0,38837.73134328358,39538.85540761505,5.3989999999976135,81.0,40064.82488888889,43751.089932258816,13.35099999999511,81.0,46450.99303482587,46607.296616448504,5.399000000004889,81.0,6992.748258706468,6835.540627315387,6.599000000001979,81.0,18768.84378109453,19192.07310447024,5.898000000001048,81.0,19829.97014925373,17959.187947641392,5.4979999999995925,81.0,16411.160199004975,16642.631760928623,8.150000000001455,81.0,35857.32139303483,35998.35613731785,6.8510000000023865,81.0,48212.85572139303,47533.66035972904,4.25,81.0,19857.353233830847,20453.982711780685,4.399999999994179,81.0,24887.992039800996,24015.495444989487
4.1010000000023865,82,33034.90547263682,33233.08759635599,4.649999999994179,82.0,34148.45771144279,36865.96215837421,4.200000000004366,82.0,32518.670646766168,33423.22634898388,7.099000000001979,82.0,31055.601990049752,32758.697500583974,5.952000000004773,82.0,28578.86567164179,32066.410651716888,5.300999999999476,82.0,29862.101333333332,32324.4400840925,5.799999999995634,82.0,38636.72039800995,39404.80822237795,5.498999999996158,82.0,40204.48711111111,44184.71572062602,13.699000000000524,82.0,46423.94427860696,46749.87404297358,5.55000000000291,82.0,8185.61592039801,8015.5969375154355,6.650000000001455,82.0,19568.33432835821,20112.52556186713,5.9979999999995925,82.0,20391.180099502486,18505.072857495677,5.548000000002503,82.0,17204.346268656718,17226.02914299827,8.349999999998545,82.0,36262.97313432836,36337.46604099778,6.94999999999709,82.0,48538.92139303483,48089.164213968696,4.349999999998545,82.0,21542.04975124378,22189.01654729563,4.451999999997497,82.0,25996.115422885574,24976.298995561785
4.150000000001455,83,33185.480597014925,33301.665965895816,4.699000000000524,83.0,34268.338308457714,36918.27516935296,4.25,83.0,32572.784079601992,33515.70941368839,7.199000000000524,83.0,31040.41393034826,32750.957252978274,6.050999999999476,83.0,30322.86567164179,33401.605232422335,5.400999999998021,83.0,29569.180444444446,31891.52814762906,5.849999999998545,83.0,38735.18805970149,39511.4225648213,5.599000000001979,83.0,40232.30577777778,44188.355991590746,13.799999999995634,83.0,46534.54328358209,46797.41170659422,5.702000000004773,83.0,9314.69054726368,9188.279575203755,6.748999999996158,83.0,20380.87960199005,21059.833045196345,6.1489999999976135,83.0,21730.786069651742,19861.05013583601,5.648000000001048,83.0,18155.160199004975,18272.422820449494,8.398000000001048,83.0,36945.13034825871,36798.182267226475,7.05000000000291,83.0,48475.701492537315,48070.1817332399,4.401000000005297,83.0,22174.567164179105,22960.32798221783,4.5,83.0,26559.74527363184,25521.08012146695
4.19999999999709,84,32221.34129353234,32768.25788367204,4.800999999999476,84.0,34494.344278606965,37060.46624620416,4.30000000000291,84.0,32666.634825870646,33522.844195281476,7.25,84.0,31002.985074626864,32694.054660126138,6.151000000005297,84.0,30350.630845771146,33324.187806587244,5.451999999997497,84.0,30282.56711111111,32615.7402476057,5.94999999999709,84.0,38709.524378109454,39243.42910534922,5.6489999999976135,84.0,40156.672,44216.64844662462,13.849999999998545,84.0,46361.52039800995,46659.78562608051,5.802000000003318,84.0,10219.542288557213,10010.187206717708,6.8510000000023865,84.0,21451.781094527363,22068.51667078291,6.2479999999995925,84.0,22786.149253731342,21043.493208199554,5.698000000003958,84.0,18771.45472636816,18920.910842183253,8.497999999999593,84.0,36927.34726368159,36932.666831316375,7.150000000001455,84.0,48403.00895522388,47913.982714319085,4.5,84.0,24070.06567164179,24670.22573474932,4.549999999995634,84.0,27176.597014925374,25960.659658958186
4.250999999996566,85,33238.017910447765,33552.224246671336,4.848999999994703,85.0,34536.77213930348,37203.06096706377,4.402000000001863,85.0,32869.54029850746,33716.0551273067,7.3989999999976135,85.0,31072.12736318408,32701.19691660827,6.251000000003842,85.0,30499.582089552237,33559.415089932256,5.550999999999476,85.0,29732.323555555555,32024.36813828545,6.0,85.0,38719.203980099504,39533.219341275406,5.748999999996158,85.0,39933.63911111111,44066.53772483065,14.048999999999069,85.0,46511.58606965174,46565.326747345025,5.849000000001979,85.0,10530.069651741294,10449.181526302791,6.8989999999976135,85.0,21783.880597014926,22545.074833292172,6.298000000002503,85.0,23329.655721393035,21408.991849839465,5.798000000002503,85.0,19656.94726368159,19950.07162262287,8.547999999995227,85.0,36701.24577114428,36705.37910595209,7.201999999997497,85.0,48314.09353233831,47958.633964027096,4.55000000000291,85.0,24527.044776119405,25323.96147196839,4.650999999998021,85.0,28451.48656716418,27498.722728334502
4.30000000000291,86,33539.07263681592,33673.91544031768,5.048999999999069,86.0,34926.296517412935,37805.98551740248,4.450000000004366,86.0,32930.340298507464,33790.546134080825,7.451000000000931,86.0,31098.14129353234,32827.75800046718,6.3510000000023865,86.0,30464.286567164178,33261.19691660827,5.599999999998545,86.0,30299.861333333334,32481.771548703575,6.050999999999476,86.0,39057.63980099503,39662.07147862649,5.798999999999069,86.0,40299.534222222224,44171.53001635132,14.299999999995634,86.0,46332.3223880597,46525.56977031366,5.901000000005297,86.0,10997.126368159205,10851.718448999753,6.951000000000931,86.0,22474.427860696516,23261.21017535194,6.398000000001048,86.0,24154.730348258705,22462.423314398617,5.848000000005413,86.0,20042.714427860697,20386.457890837242,8.699000000000524,86.0,37025.846766169154,36943.2136329958,7.25,86.0,49481.18606965174,48996.716654987154,4.599999999998545,86.0,25352.97910447761,26129.667572240058,4.69999999999709,86.0,29373.882587064676,28367.35342209764
4.3510000000023865,87,33605.9223880597,33992.689558514365,5.1489999999976135,87.0,34866.73830845771,37583.83555244102,4.55000000000291,87.0,33240.517412935325,34033.19971969166,7.55000000000291,87.0,31025.416915422884,32538.31160943705,6.451000000000931,87.0,30272.12736318408,33381.68839056295,5.700999999993655,87.0,29972.849777777777,32323.860780191542,6.201999999997497,87.0,38918.41592039801,39528.97734174258,5.8989999999976135,87.0,40125.92355555556,43832.162578836724,14.599999999998545,87.0,45949.484577114425,46085.7535193875,5.949000000000524,87.0,11486.264676616915,11247.371696715238,7.05000000000291,87.0,23339.86069651741,24110.802667325264,6.4979999999995925,87.0,24864.811940298507,22647.05359347987,5.898000000001048,87.0,20696.660696517414,21212.2380834774,8.94999999999709,87.0,37028.744278606966,37016.44455421092,7.301999999996042,87.0,48813.00696517413,48313.97523943004,4.702000000004773,87.0,26852.919402985073,27565.281304025684,4.799999999995634,87.0,31145.42487562189,29968.769913571596
4.400000000001455,88,34038.14527363184,34314.40878299463,5.5,88.0,35361.846766169154,38026.18827376781,4.599999999998545,88.0,33328.55721393035,34164.89605232422,7.650999999998021,88.0,31235.43880597015,32707.572996963325,6.5,88.0,30723.61393034826,33730.86661994861,5.750999999996566,88.0,29626.069333333333,31754.595655220743,6.25,88.0,38878.28059701493,39568.34010745153,5.951000000000931,88.0,40371.39911111111,44066.59004905396,14.898999999997613,88.0,46374.73432835821,46426.4993825636,6.048999999999069,88.0,12336.20696517413,12098.272165966906,7.1010000000023865,88.0,23783.944278606967,24682.26228698444,6.548999999999069,88.0,25332.569154228855,23668.19659175105,5.999000000003434,88.0,21473.544278606965,22139.246233637936,8.997999999999593,88.0,37236.3144278607,37427.520869350454,7.402000000001863,88.0,49779.23184079602,49157.1763606634,4.75,88.0,27906.690547263683,28679.389478883673,4.850999999995111,88.0,32296.99502487562,31238.888110254615
4.44999999999709,89,33784.45373134328,34100.84372810091,5.900999999998021,89.0,35710.439800995024,38290.377014716185,4.652999999998428,89.0,33467.44676616915,34444.602662929225,7.699000000000524,89.0,31042.7223880597,32884.12240130811,6.55000000000291,89.0,30672.827860696518,33512.45409950946,5.801999999996042,89.0,29935.928888888888,32148.540995094605,6.299999999995634,89.0,38984.89950248756,39670.615276804485,6.049999999995634,89.0,39953.42222222222,43935.360896986684,15.099999999998545,89.0,46183.68955223881,46405.53223018029,6.151000000005297,89.0,13276.019900497513,13088.256853544084,7.1489999999976135,89.0,24368.780099502488,25303.44084959249,6.597999999998137,89.0,25736.055721393033,24246.37787107928,6.048000000002503,89.0,21869.564179104476,22566.662385774267,9.097999999998137,89.0,37643.03283582089,37929.57075821191,7.601999999998952,89.0,49369.53631840796,48709.25858444289,4.849999999998545,89.0,29161.63184079602,30017.73474932082,4.94999999999709,89.0,33034.794029850746,32137.272599859847
4.5,90,34115.00895522388,34316.46811492642,5.949000000000524,90.0,35825.17810945274,38410.40130810558,4.700000000004366,90.0,33356.73631840796,34268.43821537024,7.751000000003842,90.0,30984.549253731344,32602.76384022425,6.651000000005297,90.0,30346.809950248757,33272.416725064235,5.901999999994587,90.0,29966.890666666666,32197.079187105817,6.349999999998545,90.0,38908.40199004975,39521.225881803315,6.099000000001979,90.0,40263.04,44196.42513431441,15.19999999999709,90.0,46273.40099502487,46378.12793282292,6.251000000003842,90.0,14229.795024875622,14031.434922203012,7.201000000000931,90.0,24932.919402985073,25730.398616942453,6.648000000001048,90.0,26190.360199004976,24528.48604593727,6.098000000005413,90.0,22610.165174129354,23330.54877747592,9.199000000000524,90.0,37294.82189054726,37548.57001728822,7.7520000000004075,90.0,49294.80597014925,48846.792805419296,4.900000000001455,90.0,30045.4368159204,30843.985181526303,5.0,90.0,34313.83880597015,33180.59145059565
4.55000000000291,91,34086.25671641791,34294.05466012614,6.048999999999069,91.0,35725.94626865671,38370.79560850269,4.7520000000004075,91.0,33654.54328358209,34372.27937397804,7.8510000000023865,91.0,31320.740298507462,32970.37514599392,6.700000000004366,91.0,30702.94925373134,33546.37514599392,6.0020000000004075,91.0,30079.104,32353.222144358795,6.399999999994179,91.0,38986.300497512435,39651.83088063537,6.248999999996158,91.0,40283.562666666665,44010.75262789068,15.298999999999069,91.0,46046.885572139305,46391.180044455425,6.3510000000023865,91.0,15238.782089552238,15090.959743146455,7.300999999999476,91.0,25993.10646766169,26852.014818473697,6.7479999999995925,91.0,27047.625870646767,25622.030130896517,6.148000000001048,91.0,22718.758208955223,23549.23783650284,9.297999999995227,91.0,37367.578109452734,37376.04741911583,8.5,91.0,49679.72935323383,49267.7523943004,5.0,91.0,31431.912437810945,32411.50308718202,5.049999999995634,91.0,34837.95422885572,33796.4400840925
4.599999999998545,92,34135.89651741293,34467.46461107218,6.098999999994703,92.0,35809.114427860695,38453.05676243868,4.80000000000291,92.0,33566.121393034824,34394.56575566457,7.951000000000931,92.0,30646.511442786068,32206.0565288484,6.80000000000291,92.0,30275.91641791045,33060.085026862886,6.050999999999476,92.0,30076.47288888889,32095.615043214202,6.5,92.0,38678.25671641791,39488.074748890445,6.298999999999069,92.0,40233.42933333333,44088.20369072646,15.349999999998545,92.0,46174.86965174129,46429.70412447518,6.399000000004889,92.0,15824.01592039801,15645.012595702643,7.349000000001979,92.0,26326.68656716418,27392.082983452703,6.847999999998137,92.0,27531.653731343282,26185.55495183996,6.2479999999995925,92.0,23913.074626865673,24821.836502840208,9.497999999999593,92.0,37766.845771144275,37808.39120770561,9.19999999999709,92.0,49857.95820895522,49538.76570894651,5.05000000000291,92.0,32368.748258706466,33189.34255371697,5.151999999994587,92.0,36215.530348258704,35166.6096706377
4.650999999998021,93,33952.12736318408,34248.162578836724,6.199000000000524,93.0,35861.23781094528,38632.753095071246,4.950000000004366,93.0,33935.26766169154,34876.0457836954,8.099000000001979,93.0,30707.29552238806,32480.74375145994,6.900000000001455,93.0,30894.344278606965,33903.10301331465,6.101999999998952,93.0,29966.222222222223,32273.39406680682,6.549999999995634,93.0,38239.156218905475,38934.05466012614,6.349000000001979,93.0,40313.42933333333,44299.18990889979,15.549999999995634,93.0,45962.38009950249,46370.612002963695,6.5,93.0,16762.57114427861,16660.10570511237,7.400999999998021,93.0,26957.45273631841,27899.214620894047,6.947999999996682,93.0,28414.200995024876,27082.811558409485,6.348000000005413,93.0,25009.687562189054,25941.753519387505,9.648999999997613,93.0,37718.14527363184,37806.644603605826,9.351999999998952,93.0,49409.607960199006,48903.94580705443,5.150000000001455,93.0,33764.60099502488,34533.94319585083,5.201999999997497,93.0,36484.075621890544,35686.79467414156
4.69999999999709,94,34541.78706467662,34636.41205325859,6.250999999996566,94.0,36086.95721393035,38809.44452230787,5.099999999998545,94.0,33813.58805970149,34692.43634664798,8.249000000003434,94.0,30520.023880597015,32237.09974305069,7.001000000003842,94.0,30437.874626865672,33302.24153235225,6.150999999998021,94.0,30158.02311111111,32409.33987386125,6.599999999998545,94.0,38913.878606965176,39777.93225881804,6.44999999999709,94.0,40046.16533333333,44111.988787666436,15.75,94.0,46088.151243781096,46103.74117065942,6.548999999999069,94.0,17524.330348258707,17443.41022474685,7.449000000000524,94.0,27241.74328358209,28137.863176092862,7.048000000002503,94.0,29107.72537313433,27990.630773030378,6.448000000003958,94.0,25772.65671641791,27004.953321807854,9.75,94.0,37865.154228855725,37705.40479130649,9.5,94.0,49652.792039800996,49151.185237094134,5.201000000000931,94.0,34647.99203980099,35432.140281551,5.299999999995634,94.0,37879.578109452734,36857.717355758
4.750999999996566,95,34462.10547263682,34768.96052324223,6.298999999999069,95.0,36105.05870646766,38736.489605232426,5.150000000001455,95.0,34132.123383084574,34937.88927820603,8.349999999998545,95.0,31015.641791044774,32590.699369306236,7.052000000003318,95.0,30608.748258706466,33413.87152534455,6.25,95.0,29989.447111111112,32250.741415557113,6.650999999998021,95.0,38834.69054726368,39453.824807288016,6.498999999996158,95.0,40205.92355555556,44152.56996028965,15.89999999999418,95.0,46321.62388059701,46056.38528031613,6.649000000004889,95.0,18422.73432835821,18313.626080513706,7.550999999999476,95.0,28179.375124378108,29144.254877747593,7.1489999999976135,95.0,29536.62089552239,28589.245739688813,6.4979999999995925,95.0,26236.67263681592,27352.681649790073,9.898999999997613,95.0,37727.69751243781,37819.728327982215,9.650000000001455,95.0,50371.13631840796,49813.120298995564,5.300999999999476,95.0,36126.67860696517,36974.95677945171,5.349999999998545,95.0,38715.207960199004,37803.36930623686
4.80000000000291,96,34744.81990049751,34933.01938799346,6.350999999995111,96.0,36060.67263681592,38681.253912637236,5.200000000004366,96.0,34208.35024875622,34999.99065638869,8.44999999999709,96.0,31025.528358208954,32804.58958187339,7.151000000005297,96.0,30499.10447761194,33526.353655687926,6.349999999998545,96.0,30265.130666666668,32350.437748189674,6.75,96.0,38846.423880597016,39347.378649848164,6.548999999999069,96.0,40135.168,43802.38262088297,16.299999999995634,96.0,45967.12437810945,46001.31192887133,6.700000000004366,96.0,18958.519402985075,18979.5366757224,7.599000000001979,96.0,28820.362189054726,29765.441343541614,7.25,96.0,30122.953233830845,29234.93603358854,6.598000000005413,96.0,26786.340298507464,28137.31390466782,10.148999999997613,96.0,37802.04577114428,37826.01531242282,10.099999999998545,96.0,49287.05273631841,48815.06937631394,5.349999999998545,96.0,36352.939303482584,37039.158310694,5.5,96.0,40257.68756218906,39441.02779724364
4.849999999998545,97,34696.692537313436,34924.45690259285,6.449000000000524,97.0,36081.4487562189,38565.710815230086,5.30000000000291,97.0,34089.71144278607,35014.334968465315,8.55000000000291,97.0,31119.58606965174,32729.2651249708,7.200000000004366,97.0,30584.97910447761,33486.904928754964,6.399999999994179,97.0,29976.376888888888,32313.141789301564,6.799999999995634,97.0,38815.87263681592,39379.82340574632,6.650000000001455,97.0,40645.091555555555,44492.4307404812,16.49899999999616,97.0,45660.19502487562,45925.07384539393,6.749000000003434,97.0,19534.455721393035,19471.419115831068,7.6489999999976135,97.0,29685.174129353232,30647.94665349469,7.347999999998137,97.0,30885.221890547262,29824.897011607805,6.647000000004482,97.0,27536.27064676617,28917.9510990368,10.25,97.0,37833.77512437811,37888.92467275871,10.44999999999709,97.0,49486.36019900497,48945.835085260456,5.400000000001455,97.0,37109.85870646766,37861.70610027167,5.649999999994179,97.0,41814.04975124378,41001.437047418825
4.900999999998021,98,34990.13731343284,35223.355290819905,6.498999999996158,98.0,36114.59502487562,38664.27470217239,5.3510000000023865,98.0,34239.14029850746,35113.28381219341,8.599000000001979,98.0,30979.5184079602,32723.89815463677,7.30000000000291,98.0,30428.24278606965,33246.32188740948,6.450999999993655,98.0,30218.524444444443,32676.817565989255,6.850999999995111,98.0,38150.2407960199,39112.95117963093,6.699000000000524,98.0,39990.556444444446,43875.82714319084,16.848999999994703,98.0,46031.72935323383,46031.94862929118,6.850000000005821,98.0,20701.13432835821,20694.10521116325,7.699000000000524,98.0,29970.531343283583,30872.32600642134,7.447999999996682,98.0,31388.97512437811,30686.375895282785,6.7479999999995925,98.0,28320.27064676617,29470.78686095332,10.349000000001979,98.0,37793.305472636814,37807.774759199805,10.500999999996566,98.0,49582.025870646765,49089.44265358561,5.5,98.0,38225.2736318408,38854.82835267967,5.701999999997497,98.0,42368.06368159204,41541.710815230086
4.94999999999709,99,35051.36716417911,35198.7591684186,6.548999999999069,99.0,36183.10049751244,38774.9030600327,5.451000000000931,99.0,34224.49353233831,35156.1037140855,8.798999999999069,99.0,30909.29353233831,32487.508526045316,7.349999999998545,99.0,30515.40696517413,33493.04555010512,6.550999999999476,99.0,30016.369777777778,32008.947442186403,6.94999999999709,99.0,38620.4815920398,39295.61130576968,6.798999999999069,99.0,40507.875555555554,44457.38098575099,17.04899999999907,99.0,46057.64776119403,46166.0340824895,6.899000000004889,99.0,20942.407960199005,20949.840454433193,7.798999999999069,99.0,30740.441791044777,31648.138305754506,7.4979999999995925,99.0,31320.199004975126,30519.95850827365,6.849000000001979,99.0,28899.964179104478,30403.92393183502,10.547999999995227,99.0,37874.00597014926,37603.019017041246,10.601999999998952,99.0,49335.928358208956,48769.2894183602,5.550999999999476,99.0,38428.43383084577,39069.067918004446,5.799999999995634,99.0,43253.63582089552,42431.66736743751
5.0,100,34888.59701492537,35205.80798878767,6.600999999995111,100.0,36452.09154228856,39064.29712683953,5.5,100.0,34261.158208955225,35127.04134548003,8.900000000001455,100.0,30940.624875621892,32794.92081289418,7.451000000000931,100.0,30498.324378109453,33225.45947208596,6.650999999998021,100.0,30205.25511111111,32320.407381452933,7.055999999996857,100.0,38662.51144278607,39359.80939032936,6.8989999999976135,100.0,40084.67911111111,43966.325624854006,17.19999999999709,100.0,45599.55422885572,45955.2284514695,6.949000000000524,100.0,21654.4,21595.30945912571,7.8510000000023865,100.0,31413.397014925373,32286.000493949123,7.599999999998545,100.0,31776.923383084577,31126.393677451222,6.9979999999995925,100.0,29913.31343283582,31605.528278587306,10.648000000001048,100.0,37743.61791044776,37713.963941714006,10.701999999997497,100.0,49196.17910447761,48783.891614108856,5.599999999998545,100.0,39974.78208955224,40788.36651024944,5.849999999998545,100.0,43830.62288557214,42994.95631861714
5.052000000003318,101,35041.05074626866,35287.94580705443,6.701000000000931,101.0,36216.10348258707,38733.27540294324,5.55000000000291,101.0,34304.33432835821,35234.175192711984,8.949000000000524,101.0,30920.803980099503,32514.54519971969,7.5,101.0,30565.74726368159,33492.87736510161,6.750999999996566,101.0,30686.32177777778,32393.444522307873,7.150999999998021,101.0,38878.933333333334,39513.23896285915,6.998999999996158,101.0,39929.82755555555,43690.18079887877,17.69999999999709,101.0,45507.18407960199,45788.24993825636,7.0,101.0,22056.390049751244,22063.367745122254,7.951000000000931,101.0,32265.72736318408,33020.10768090887,7.697999999996682,101.0,32428.003980099504,31535.517905655717,7.148000000001048,101.0,30899.3592039801,32607.944677698197,10.699000000000524,101.0,38333.930348258706,38343.65028402075,10.75,101.0,49469.930348258706,48642.713384723196,5.650000000001455,101.0,39849.18606965174,40359.381575697706,5.899999999994179,101.0,44253.882587064676,43781.13151132913
5.1010000000023865,102,35219.47064676617,35323.54870357393,6.798999999999069,102.0,36442.85771144278,38949.41555711282,5.599999999998545,102.0,34474.73034825871,35301.16514832983,9.048999999999069,102.0,30959.74527363184,32650.180798878766,7.599999999998545,102.0,30593.114427860695,33370.177061434246,6.799999999995634,102.0,30072.192,32411.67951413221,7.19999999999709,102.0,38521.249751243784,39165.42116327961,7.048999999999069,102.0,40057.78488888889,43905.868722261155,18.099999999998545,102.0,45485.35721393035,45870.703877500615,7.099000000001979,102.0,23124.967164179103,23111.377624104716,8.0,102.0,32439.960199004974,33322.491479377626,7.798000000002503,102.0,32895.55422885572,31774.70387750062,7.2479999999995925,102.0,31685.603980099502,33394.679180044455,10.849999999998545,102.0,37571.0407960199,37399.93479871573,10.849999999998545,102.0,49768.86766169154,49289.36229852838,5.700000000004366,102.0,40568.37412935324,40986.92220301309,6.000999999996566,102.0,44580.50547263682,43730.80682083625
5.19999999999709,103,35219.9960199005,35510.951646811496,6.848999999994703,103.0,36152.99502487562,38828.01588413922,5.700000000004366,103.0,34501.30149253731,35526.24153235225,9.099000000001979,103.0,31099.255721393034,32869.6622284513,7.652000000001863,103.0,30556.76815920398,33428.3055360897,6.899999999994179,103.0,30159.431111111113,32277.983648680216,7.300999999999476,103.0,38838.28855721393,39477.52394300397,7.099000000001979,103.0,40018.261333333336,43641.84442887176,18.348999999994703,103.0,45177.04278606965,45503.94072610521,7.151000000005297,103.0,23571.86865671642,23593.104470239567,8.048999999999069,103.0,33533.86666666667,34259.520869350454,7.898000000001048,103.0,33175.705472636815,32297.084712274635,7.298000000002503,103.0,32157.54825870647,33834.19906149666,11.148000000001048,103.0,37749.63582089552,37636.461348481105,10.94999999999709,103.0,49369.95024875622,48767.59261854707,5.751000000003842,103.0,40629.19004975125,41213.87009138059,6.050999999999476,103.0,45015.13233830846,44629.60242933894
5.25,104,35324.67263681592,35520.328895117964,6.949000000000524,104.0,36264.03980099502,38811.35809390329,5.75,104.0,34453.428855721395,35312.90819901892,9.148999999997613,104.0,30836.600995024877,32463.506657323054,7.700000000004366,104.0,30459.733333333334,33166.79654286382,6.950999999993655,104.0,30169.79911111111,32480.34384489605,7.349999999998545,104.0,38857.82288557214,39518.39663629993,7.199000000000524,104.0,40093.738666666664,43810.60126138753,18.699000000000524,104.0,45259.94029850746,45491.68288466288,7.200000000004366,104.0,24252.67263681592,24183.13262533959,8.148999999997613,104.0,34085.09452736318,34962.25240800198,7.947999999996682,104.0,33354.76218905472,32677.91948629291,7.398000000001048,104.0,32286.312437810946,34112.8693504569,11.400999999998021,104.0,37690.49154228856,37740.6885650778,11.150000000001455,104.0,49768.294527363185,49237.20626021957,5.80000000000291,104.0,41550.31243781094,42125.0797727834,6.149999999994179,104.0,45499.430845771145,44894.03784162579
5.300999999999476,105,35533.564179104476,35593.156739079655,6.998999999996158,105.0,36160.49353233831,38831.69352954917,5.80000000000291,105.0,34762.33233830846,35649.39780425134,9.199000000000524,105.0,30919.434825870645,32592.803550572295,7.751000000003842,105.0,30503.05273631841,33363.105816398034,7.0020000000004075,105.0,30118.613333333335,32230.465779023594,7.416999999994005,105.0,38565.7631840796,39269.333333333336,7.298999999999069,105.0,39869.354666666666,43571.82340574632,19.04899999999907,105.0,45215.41094527363,45380.0978019264,7.298999999999069,105.0,24925.213930348258,24829.474932081994,8.201000000000931,105.0,34815.76119402985,35461.28723141516,8.048000000002503,105.0,34000.09552238806,33129.262533959,7.649000000004889,105.0,33196.386069651744,35046.41343541615,11.549999999995634,105.0,37778.86567164179,37719.25117312917,11.252000000000407,105.0,49464.50149253731,48824.30833917309,5.900000000001455,105.0,42177.751243781095,42472.491973326745,6.200999999993655,105.0,45866.571144278605,45289.31744919411
5.3510000000023865,106,35365.98606965174,35645.84723195515,7.098999999994703,106.0,36241.95820895522,38814.81149264191,5.900000000001455,106.0,34562.86567164179,35483.380518570426,9.298999999999069,106.0,30645.142288557214,32357.01938799346,7.8510000000023865,106.0,30351.63383084577,33325.23429105349,7.100999999995111,106.0,30124.8,32479.62625554777,7.5,106.0,38741.63582089552,39407.11422564821,7.349000000001979,106.0,40072.24888888889,43874.00327026396,19.148999999997613,106.0,45251.884577114426,45583.438873795996,7.3510000000023865,106.0,25420.43383084577,25353.42059767844,8.25,106.0,35282.99303482587,35808.32403062485,8.099999999998545,106.0,34268.3223880597,32996.10175351939,7.749000000003434,106.0,33983.012935323386,35336.46826376883,11.799999999995634,106.0,37371.016915422886,37249.37910595209,11.30000000000291,106.0,49146.8736318408,48578.31347815931,5.951000000000931,106.0,42456.18308457711,42984.06124969128,6.25,106.0,46921.17014925373,46391.40014015417
5.400000000001455,107,35613.40497512438,35910.562952581175,7.1489999999976135,107.0,36278.41592039801,38812.72599859846,5.950000000004366,107.0,34652.08358208955,35485.7052090633,9.351000000002387,107.0,30761.71144278607,32343.276804484933,7.900000000001455,107.0,30597.97014925373,33602.291053492176,7.200999999993655,107.0,30069.717333333334,32271.394533987386,7.600999999995111,107.0,38883.43880597015,39501.41742583508,7.3989999999976135,107.0,40162.78755555556,43700.34291053492,19.29899999999907,107.0,45144.37412935324,45222.255371696716,7.400000000001455,107.0,25759.554228855723,25797.89182514201,8.349000000001979,107.0,36008.10348258707,36542.41541121264,8.19999999999709,107.0,34512.85970149254,33041.66757224006,7.950000000004366,107.0,34274.81791044776,35916.93751543591,12.047999999995227,107.0,38417.655721393035,38268.33687330205,11.5,107.0,49051.749253731345,48506.09110021023,6.0,107.0,43022.00995024876,43576.59866633737,6.301999999996042,107.0,46009.4407960199,45315.65895818734
5.5,108,35716.250746268655,35775.59261854707,7.201000000000931,108.0,36173.070646766166,38904.883905629526,6.001000000003842,108.0,34544.65273631841,35541.665965895816,9.451000000000931,108.0,30869.269651741295,32383.233823872928,8.0,108.0,30423.641791044774,33250.04064470918,7.250999999996566,108.0,30298.595555555556,32465.693062368606,7.649999999994179,108.0,38672.82786069652,39337.75846764775,7.449000000000524,108.0,39855.601777777774,43584.73253912637,19.648999999997613,108.0,45029.22189054726,45080.15213632996,7.451000000000931,108.0,26462.662686567164,26397.775253148924,8.449000000000524,108.0,36779.98805970149,37280.06717708076,8.30000000000291,108.0,35159.530348258704,33822.320572980985,8.148000000001048,108.0,34644.18706467662,36412.90590269202,12.201000000000931,108.0,37642.618905472635,37605.93924425784,11.650000000001455,108.0,48976.3184079602,48442.81242700304,6.1010000000023865,108.0,43658.618905472635,44240.80612496913,6.349999999998545,108.0,46696.421890547266,46088.506423732775
5.55000000000291,109,35812.45771144279,36121.7846297594,7.248999999996158,109.0,36349.436815920395,38910.29946274235,6.05000000000291,109.0,34703.29950248756,35648.302733006305,9.499000000003434,109.0,30885.619900497513,32551.88600794207,8.052000000003318,109.0,30824.51741293532,33549.454800280306,7.350999999995111,109.0,30323.456,32432.056061667834,7.69999999999709,109.0,38871.387064676615,39708.09437047419,7.548999999999069,109.0,39879.99288888889,43677.350151833685,19.75,109.0,45577.201990049754,45761.0669301062,7.550999999999476,109.0,27373.24577114428,27439.695727340084,8.548999999999069,109.0,37420.0039800995,37847.12472215362,8.400000000001455,109.0,35578.36417910448,34567.85181526303,8.247000000003027,109.0,34942.981094527364,36812.332921709065,12.650000000001455,109.0,37514.33233830846,37591.90713756483,11.902000000001863,109.0,48776.05572139304,48383.91030133147,6.200000000004366,109.0,44566.65472636816,45006.24549271425,6.44999999999709,109.0,47161.83880597015,46525.50712450362
5.652000000001863,110,35735.562189054726,36046.377949077316,7.350999999995111,110.0,36437.26965174129,38981.20252277505,6.150000000001455,110.0,34858.90547263682,35702.069609904225,9.55000000000291,110.0,30912.57313432836,32543.72342910535,8.150000000001455,110.0,29866.634825870646,32779.38425601495,7.400999999998021,110.0,30263.082666666665,32325.826676010278,7.75,110.0,38518.04975124378,39210.341508993224,7.599000000001979,110.0,39919.92888888889,43469.96309273534,19.89999999999418,110.0,44826.65074626866,45152.87725364287,7.651000000005297,110.0,28201.93432835821,28313.230921215116,8.599999999998545,110.0,37871.88855721393,38260.68658928131,8.447999999996682,110.0,36466.64278606965,35418.934057792045,8.298000000002503,110.0,35039.09253731343,36722.63571252161,12.847999999998137,110.0,37592.45373134328,37492.48900963201,12.101000000002387,110.0,48859.76517412935,48508.101845363235,6.251000000003842,110.0,44450.610945273635,44859.878488515686,6.5,110.0,47602.75422885572,46891.21607101145
5.69999999999709,111,35605.39701492537,34962.80308339173,7.3989999999976135,111.0,36273.91044776119,38879.62999299229,6.25,111.0,34891.89253731343,35588.73907965429,9.699000000000524,111.0,30961.273631840795,32450.504087829948,8.200000000004366,111.0,31029.683582089554,33806.18733940668,7.500999999996566,111.0,30172.060444444443,32257.917309039945,7.799999999995634,111.0,38566.27263681592,39348.93342676944,7.699000000000524,111.0,39776.58311111111,43269.138986218175,20.04899999999907,111.0,44935.45074626866,45069.921462089405,7.699000000000524,111.0,28762.921393034827,28777.68140281551,8.648999999997613,111.0,38185.05870646766,38607.79846875772,8.548000000002503,111.0,36060.115422885574,35236.97505556927,8.447000000000116,111.0,35476.64875621891,36540.131390466784,13.347999999998137,111.0,37662.981094527364,37539.57619165226,12.250999999996566,111.0,48774.89353233831,47956.15230086428,6.30000000000291,111.0,44826.92139303483,45215.490244504814,6.599999999998545,111.0,47480.979104477614,47038.220976407385
5.800999999999476,112,35941.81094527363,36349.95188040178,7.449000000000524,112.0,36393.79104477612,38964.04765241766,6.30000000000291,112.0,35021.21393034826,35792.46344312077,9.75,112.0,30678.4,32455.299229152068,8.251000000003842,112.0,30440.119402985074,33397.269796776454,7.552999999999884,112.0,30126.90488888889,32253.34641438916,7.851999999998952,112.0,38604.704477611944,39321.40714786265,7.798999999999069,112.0,39578.42488888889,43238.46204157907,20.14999999999418,112.0,44978.292537313435,45192.87132625339,7.80000000000291,112.0,29670.925373134327,29885.968881205237,8.748999999996158,112.0,39027.58208955224,39471.34403556434,8.597999999998137,112.0,36671.98407960199,35675.41615213633,8.548000000002503,112.0,35527.22786069652,37419.69671523833,13.549999999995634,112.0,37367.59402985075,37221.06989380094,12.400000000001455,112.0,48947.74129353234,48253.701471618784,6.401000000005297,112.0,45477.19004975125,45946.31365769326,6.69999999999709,112.0,47746.80199004975,47112.67460873628
5.8510000000023865,113,36144.65273631841,36343.28054192945,7.5,113.0,36311.880597014926,38947.19177762205,6.3510000000023865,113.0,34788.58507462686,35688.880168185,9.849000000001979,113.0,30853.95422885572,32446.288250408783,8.30000000000291,113.0,30434.70646766169,33182.052791403876,7.651999999994587,113.0,30083.456,32233.758467647745,7.951999999997497,113.0,38130.21293532338,38863.600093436115,7.8989999999976135,113.0,39779.256888888885,43343.73837888344,20.29899999999907,113.0,44982.09751243781,45104.10669301062,7.900000000001455,113.0,30746.380099502487,30855.456655964437,8.798999999999069,113.0,39391.80895522388,39570.56063225488,8.697999999996682,113.0,36503.928358208956,36009.290195109905,8.597000000001572,113.0,35767.96019900498,37449.71696715238,13.648000000001048,113.0,37140.09154228856,37080.25487774759,12.44999999999709,113.0,49096.421890547266,48735.06937631394,6.5,113.0,45710.567164179105,46367.75104964188,6.799999999995634,113.0,48512.70049751244,47962.5209063303
5.951000000000931,114,36055.89651741293,36279.95701938799,7.548999999999069,114.0,36548.90348258706,39027.25531417893,6.450000000004366,114.0,34769.91044776119,35783.04134548003,9.898999999997613,114.0,30655.88855721393,32404.90726465779,8.400000000001455,114.0,30450.308457711442,33373.55571128241,7.750999999996566,114.0,30068.835555555557,32080.53445456669,8.049999999995634,114.0,38499.53432835821,39057.48002803083,7.949000000000524,114.0,40581.57511111111,44004.86989021257,20.349999999998545,114.0,44925.77114427861,44999.436897999505,7.950000000004366,114.0,31049.20199004975,31336.543344035563,8.900999999998021,114.0,39739.59004975124,40087.962459866634,8.747999999999593,114.0,36622.662686567164,36177.616201531244,8.648000000001048,114.0,36010.12537313433,37429.27537663621,13.747999999999593,114.0,37254.81393034826,37149.6132378365,12.55000000000291,114.0,48981.062686567166,48437.74071478626,6.55000000000291,114.0,45727.09253731343,46424.298345270436,6.849999999998545,114.0,48412.19502487562,47939.68138285448
6.050999999999476,115,36205.58009950249,36538.02382620883,7.6489999999976135,115.0,36337.71940298507,38851.053492174724,6.5,115.0,34940.87960199005,35836.2139686989,9.999000000003434,115.0,30826.15721393035,32385.386591917777,8.5,115.0,30286.471641791046,33098.74141555711,7.800999999999476,115.0,30185.984,32361.949077318382,8.101999999998952,115.0,38690.77014925373,39268.27563653352,8.048999999999069,115.0,40097.52177777778,43762.847932726,20.49899999999616,115.0,45047.530348258704,45297.90071622623,8.048999999999069,115.0,32043.319402985075,32359.555445789083,8.949000000000524,115.0,40024.13532338308,40368.19362805631,8.847999999998137,115.0,36776.94726368159,36428.60953321808,8.747999999999593,115.0,35774.153233830846,37435.58607063472,13.898000000001048,115.0,37264.09552238806,37239.93479871573,12.599999999998545,115.0,48556.49751243781,47966.72179397337,6.650000000001455,115.0,46370.62686567164,46757.061990614966,6.950999999993655,115.0,48739.6776119403,48093.97804251343
6.101999999998952,116,36022.30447761194,36376.41298761972,7.701000000000931,116.0,36444.19502487562,39000.3943003971,6.550999999999476,116.0,34922.68258706468,35755.451530016355,10.048999999999069,116.0,30669.45273631841,32213.935061901426,8.552000000003318,116.0,30222.137313432835,33061.695865452,7.899999999994179,116.0,29934.663111111113,31941.355758000467,8.252000000000407,116.0,38384.30248756219,39193.14926419061,8.099000000001979,116.0,39744.36977777778,43242.67040411119,21.300999999999476,116.0,44582.09751243781,44826.20301308965,8.101000000002387,116.0,32558.041791044776,32686.84613484811,9.000999999996566,116.0,40568.32636815921,40958.447023956534,8.898000000001048,116.0,36763.94029850746,36743.38552729069,8.798000000002503,116.0,36072.660696517414,37648.098789824646,14.099999999998545,116.0,37116.81592039801,37106.532971103974,12.69999999999709,116.0,48585.37711442786,48116.3055360897,6.702000000004773,116.0,46422.431840796016,46837.314892566064,7.0,116.0,48519.45074626866,47860.43260920346
6.150999999998021,117,36198.2407960199,36400.91567390796,7.748999999996158,117.0,36536.21492537313,38965.73323989722,6.599999999998545,117.0,34955.749253731345,35813.99486101378,10.150000000001455,117.0,30913.162189054725,32522.827376781126,8.651000000005297,117.0,30183.148258706467,33127.811259051625,7.950999999993655,117.0,30217.486222222222,32446.83391730904,8.352999999995518,117.0,38319.71343283582,38990.377949077316,8.148999999997613,117.0,39808.0,43520.28030833917,21.549999999995634,117.0,44668.46567164179,44820.67868609533,8.150000000001455,117.0,32986.77810945274,33209.14793776241,9.048999999999069,117.0,40924.54527363184,41378.84514694986,9.0,117.0,37323.59004975124,37233.49370214868,8.848000000005413,117.0,35870.933333333334,37616.569029389975,14.247999999999593,117.0,37143.164179104475,36887.32230180292,12.750999999996566,117.0,48198.09751243781,47795.95047886008,6.80000000000291,117.0,47044.839800995025,47505.45418621882,7.099999999998545,117.0,49139.5184079602,48700.13921980846
6.250999999996566,118,36296.67661691542,36592.7362765709,7.798999999999069,118.0,36374.44776119403,38834.73207194581,6.650000000001455,118.0,34953.66368159204,35779.864517636066,10.199000000000524,118.0,30618.268656716416,32292.71665498715,8.700000000004366,118.0,30286.933333333334,33082.274234991826,8.050999999999476,118.0,29990.129777777776,31981.178229385656,8.402999999998428,118.0,38406.86169154229,39148.98761971502,8.199000000000524,118.0,39607.296,43245.09600560617,22.19999999999709,118.0,44630.017910447765,44637.49864163991,8.201000000000931,118.0,33471.379104477615,33725.53815756977,9.148999999997613,118.0,41224.071641791044,41357.04420844653,9.048000000002503,118.0,37288.469651741296,37245.43936774512,8.948000000003958,118.0,35993.39303482587,37598.55766856014,14.298999999999069,118.0,37106.610945273635,36967.54754260311,12.849999999998545,118.0,48856.31044776119,48246.22658257416,6.849999999998545,118.0,46948.33034825871,47355.06446036058,7.149999999994179,118.0,48822.67064676617,48405.1763606634
6.302000000003318,119,36229.49253731343,36588.284980144825,7.8989999999976135,119.0,36065.305472636814,38546.35832749357,6.700000000004366,119.0,35028.87164179105,35847.837421163276,10.251000000003842,119.0,30842.475621890546,32426.476056996027,8.80000000000291,119.0,30257.416915422884,33044.98575099276,8.150999999998021,119.0,30062.72,32279.616911936464,8.45499999999447,119.0,38387.884577114426,39048.928754963796,8.298999999999069,119.0,39729.109333333334,43484.22144358794,22.450999999993655,119.0,44159.28358208955,44614.19609780193,8.300999999999476,119.0,34390.44776119403,34561.40676710299,9.199000000000524,119.0,41670.57512437811,41822.850086441096,9.099999999998545,119.0,37422.837810945275,37703.20770560632,9.047000000005937,119.0,36425.77512437811,37641.088663867624,14.398000000001048,119.0,37039.26766169154,36867.72240059274,12.900000000001455,119.0,48608.25472636816,48115.1992525111,7.0,119.0,47235.74129353234,47851.99703630526,7.19999999999709,119.0,49440.49353233831,49184.28778322822
6.400000000001455,120,36425.82288557214,36610.9488437281,8.000999999996566,120.0,36340.441791044774,38815.53281943471,6.80000000000291,120.0,35081.2815920398,35868.2476056996,10.351000000002387,120.0,30709.556218905473,32248.74188273768,8.851000000002387,120.0,30258.212935323383,32897.17729502453,8.25,120.0,30090.695111111112,32084.395234758234,8.55399999999645,120.0,38543.28358208955,39000.33450128475,8.400000000001455,120.0,39498.652444444444,43171.77481896753,22.799999999995634,120.0,44224.01592039801,44331.15534699926,8.349000000001979,120.0,34637.070646766166,34955.10792788343,9.250999999996566,120.0,41451.605970149256,41874.212892072115,9.19999999999709,120.0,37478.54328358209,37698.98345270437,9.098000000005413,120.0,35977.85472636816,37688.626327488266,14.447999999996682,120.0,37721.69552238806,37514.09632007903,12.951999999997497,120.0,48401.528358208954,47928.768044849334,7.099999999998545,120.0,47718.51144278607,48380.12348728081,7.25,120.0,48979.8368159204,48313.84442887176
6.44999999999709,121,36244.60099502488,35771.855174024764,8.098999999994703,121.0,36393.40895522388,38951.00770847933,6.849999999998545,121.0,35009.018905472636,35880.7792571829,10.451000000000931,121.0,30526.471641791046,32143.3795842093,8.952000000004773,121.0,30366.439800995024,33203.86078019154,8.300999999999476,121.0,30024.803555555554,32065.82761037141,8.60399999999936,121.0,38226.244776119405,38952.8465311843,8.449000000000524,121.0,39779.37066666667,43424.75496379351,23.098999999994703,121.0,44380.08358208955,44702.782909360336,8.401000000005297,121.0,35208.91542288557,35427.4813534206,9.298999999999069,121.0,41515.95621890547,41861.334650531,9.347999999998137,121.0,37463.928358208956,38048.74289948135,9.148000000001048,121.0,36257.4487562189,37755.16720177822,14.497999999999593,121.0,36829.69154228856,36689.102494443076,13.051999999996042,121.0,48218.22089552239,47736.60733473487,7.150000000001455,121.0,47987.08855721393,48341.714003457644,7.349999999998545,121.0,49336.740298507466,48801.83134781593
6.500999999996566,122,36631.5144278607,36739.25157673441,8.150999999998021,122.0,36505.67960199005,38963.65522074282,6.900000000001455,122.0,34951.49850746269,35865.579070310676,10.5,122.0,30703.93631840796,32168.446624620417,9.0,122.0,30212.951243781095,33003.862648913804,8.39999999999418,122.0,30214.912,32270.65451997197,8.75,122.0,38428.19502487562,38980.066339640274,8.548999999999069,122.0,39693.980444444445,43313.595888811025,23.250999999996566,122.0,44167.800995024874,44257.9086194122,8.501000000003842,122.0,35983.12437810945,36406.75722400593,9.398999999997613,122.0,42151.1960199005,42175.16621387997,9.449000000000524,122.0,37978.90547263682,38633.349469004694,9.247999999999593,122.0,36490.252736318405,37789.66856013831,14.597999999998137,122.0,36977.24179104478,36974.45097554952,13.099999999998545,122.0,48240.11144278607,47567.697266993695,7.200000000004366,122.0,47671.8328358209,47947.1711533712,7.399999999994179,122.0,49427.43880597015,48931.240364400845
6.599999999998545,123,36428.46567164179,36700.15790703107,8.248999999996158,123.0,36217.45671641791,38349.14085494044,6.950000000004366,123.0,35076.250746268655,36046.377949077316,10.648999999997613,123.0,30221.48457711443,31697.19598224714,9.152000000001863,123.0,30313.34527363184,32988.04952113992,8.552999999999884,123.0,30131.56977777778,32080.934361130578,8.799999999995634,123.0,38217.67960199005,38837.60616678346,8.648999999997613,123.0,39745.64977777778,43295.33473487503,23.349999999998545,123.0,44220.019900497515,44259.16522598173,8.601000000002387,123.0,36754.244776119405,37130.72857495678,9.449000000000524,123.0,42286.407960199,42493.3603358854,9.497999999999593,123.0,38002.13333333333,38697.20326006421,9.348000000005413,123.0,36241.926368159206,37864.630279081255,14.797999999995227,123.0,37114.82587064677,36990.980489009635,13.201000000000931,123.0,48409.2815920398,47787.5262789068,7.30000000000291,123.0,48097.4487562189,48503.255124722156,7.44999999999709,123.0,49194.666666666664,48964.92968932493
6.650000000001455,124,36536.67661691542,36708.59705676244,8.299999999995634,124.0,36428.8,38775.04134548003,7.05000000000291,124.0,35259.605970149256,36045.98551740248,10.749000000003434,124.0,30688.445771144277,32242.698434945105,9.200000000004366,124.0,30310.36815920398,33142.60780191544,8.599999999998545,124.0,30002.688,32072.898855407617,8.849999999998545,124.0,38112.55721393035,38759.818733940665,8.750999999996566,124.0,39492.08177777778,42891.91871058164,23.5,124.0,44320.525373134325,44476.34477648802,8.64900000000489,124.0,37020.68855721393,37466.084465300075,9.498999999996158,124.0,42400.97114427861,42529.7703136577,9.597999999998137,124.0,37823.58606965174,38378.9182514201,9.39900000000489,124.0,36283.03283582089,37892.83279822178,14.898000000001048,124.0,36871.37114427861,36676.83674981477,13.250999999996566,124.0,48229.07860696517,47646.28451296426,7.349999999998545,124.0,47496.91542288557,46852.69054087429,7.5,124.0,50433.14626865672,49738.24059799112
6.69999999999709,125,36590.296517412935,36784.347582340575,8.348999999994703,125.0,36380.8,38899.06096706377,7.099999999998545,125.0,35277.022885572136,36058.879701004436,10.849999999998545,125.0,30531.852736318408,32126.632095304834,9.251000000003842,125.0,30330.555223880598,33040.89698668535,8.651999999994587,125.0,29981.354666666666,32069.14646110722,8.94999999999709,125.0,38421.49253731343,39219.41228684887,8.798999999999069,125.0,39335.65155555555,42733.7052090633,23.60099999999511,125.0,44284.83184079602,44521.18350209928,8.749000000003434,125.0,37738.8736318408,38204.94541862188,9.548999999999069,125.0,42885.4447761194,43098.24252901951,9.648000000001048,125.0,38227.59800995025,39076.0978019264,9.450000000004366,125.0,36771.10447761194,37988.17288219313,15.049999999995634,125.0,36955.8288557214,36751.707582119045,13.351000000002387,125.0,47990.14527363184,47519.600093436115,7.400000000001455,125.0,48284.65671641791,48574.47073351445,7.550999999999476,125.0,49396.473631840796,48883.77855641206
6.80000000000291,126,36564.91940298508,37061.385657556646,8.44999999999709,126.0,36472.81990049751,38825.481896753095,7.150999999998021,126.0,35096.708457711444,36068.04391497314,10.898999999997613,126.0,30594.99303482587,32232.106517168886,9.30000000000291,126.0,30186.523383084575,32891.88881102546,8.69999999999709,126.0,30169.472,32040.898855407617,9.0,126.0,37992.883582089555,38551.082457369776,8.849000000001979,126.0,39423.30311111111,43011.617846297595,23.700999999993655,126.0,44156.54527363184,44405.09360335885,8.802000000003318,126.0,38183.81691542289,38570.83921956039,9.599000000001979,126.0,42837.842786069654,42976.42677204248,9.749000000003434,126.0,38220.242786069655,38830.170412447515,9.497999999999593,126.0,36660.298507462685,37947.04075080267,15.197999999996682,126.0,36835.3592039801,36828.69646826377,13.851999999998952,126.0,48015.29950248756,47443.423499182434,7.450000000004366,126.0,48157.15024875622,48647.33415658187,7.599999999998545,126.0,50333.54825870647,49882.599392665266
6.851999999998952,127,36774.81393034826,36915.93179163747,8.498999999996158,127.0,36390.65472636816,38927.080588647514,7.200000000004366,127.0,35127.94427860696,35988.787666433076,11.0,127.0,30537.90248756219,32091.171221677178,9.400000000001455,127.0,30009.99800995025,32799.95141322121,8.800999999999476,127.0,29988.096,32003.17309039944,9.049999999995634,127.0,38078.10547263682,38692.832515767346,8.94999999999709,127.0,39470.592,42891.98972202757,23.74899999999616,127.0,44241.78308457712,44358.74141763398,8.85000000000582,127.0,38436.075621890544,38721.169671523836,9.650000000001455,127.0,42903.86467661692,43020.24203507039,9.847999999998137,127.0,38810.06169154229,39560.19165225982,9.598000000005413,127.0,36698.60298507463,38080.86539886392,15.547999999995227,127.0,36614.33631840796,36570.45986663373,14.150000000001455,127.0,47798.25671641791,47344.35879467414,7.55000000000291,127.0,48179.74129353234,48701.33662632749,7.69999999999709,127.0,49990.60696517413,49517.30903994394
6.900999999998021,128,36604.83184079602,36810.93576267227,8.549999999995634,128.0,36594.515422885575,39077.639803784165,7.25,128.0,35007.21990049751,36029.56318617146,11.099000000001979,128.0,30585.10646766169,32082.563886942302,9.552000000003318,128.0,30237.580099502487,33022.957252978274,8.849999999998545,128.0,30113.180444444446,32017.4576033637,9.099999999998545,128.0,38091.04875621891,38640.945573464145,8.998999999996158,128.0,39807.744,43340.15043214202,23.99899999999616,128.0,43791.3631840796,44106.3018029143,8.951000000000931,128.0,39258.571144278605,39822.379846875774,9.748999999996158,128.0,43053.42089552239,43133.206223758956,9.898000000001048,128.0,37737.95024875622,38532.64312175846,9.64900000000489,128.0,36954.746268656716,38527.363793529265,15.847999999998137,128.0,37199.34726368159,37030.646579402324,14.44999999999709,128.0,48025.07462686567,47453.948142957255,7.599999999998545,128.0,48643.05671641791,48851.96344776488,7.7520000000004075,128.0,50103.96019900498,49506.54146227517
6.951000000000931,129,36883.47064676617,36909.824807288016,8.648999999997613,129.0,36414.18507462687,38956.45316514833,7.349999999998545,129.0,35517.78706467662,36255.54403176828,11.150000000001455,129.0,30625.241791044777,32095.177762205094,9.700000000004366,129.0,30215.211940298508,32923.152534454566,8.950999999993655,129.0,29955.626666666667,32034.242466713386,9.14999999999418,129.0,38581.014925373136,39348.9595888811,9.048999999999069,129.0,39903.08977777778,43338.86475122635,24.098999999994703,129.0,43847.307462686564,44142.47863670042,8.999000000003434,129.0,39376.620895522385,39794.26426278093,9.800999999999476,129.0,43081.47263681592,43280.91281797975,9.997999999999593,129.0,38352.33432835821,39238.40948382317,9.749000000003434,129.0,36824.421890547266,37999.32427759941,16.447999999996682,129.0,36584.62885572139,36508.42380834774,14.652000000001863,129.0,47926.38407960199,47293.59308572763,7.700000000004366,129.0,48441.96616915423,48882.12200543344,7.799999999995634,129.0,49544.27860696518,49156.92221443588
7.050999999999476,130,36672.30248756219,36853.75192711983,8.69999999999709,130.0,36453.22189054726,39036.25881803317,7.450000000004366,130.0,35079.10049751244,35942.050922681614,11.25,130.0,30517.667661691543,32096.441018453632,9.80000000000291,130.0,29913.04278606965,32757.075449661294,9.000999999996566,130.0,30189.724444444444,31940.881102546133,9.19999999999709,130.0,37456.70049751244,38257.89488437281,9.148999999997613,130.0,39731.41333333333,43328.34010745153,24.199000000000524,130.0,43989.556218905476,44022.95480365522,9.050999999999476,130.0,39546.666666666664,39904.035564336875,9.849000000001979,130.0,43402.95323383085,43271.65423561373,10.048000000002503,130.0,38583.00497512438,39431.27488268708,9.847000000001572,130.0,36324.50547263682,37909.42158557669,17.398000000001048,130.0,36259.13631840796,35998.842183255125,14.80000000000291,130.0,48086.62288557214,47463.456201822,7.80000000000291,130.0,48629.77910447761,49152.75475426031,7.899999999994179,130.0,50140.51343283582,49755.511329128705
7.150999999998021,131,36773.17412935323,36970.83111422565,8.748999999996158,131.0,36437.58805970149,38862.66199486102,7.55000000000291,131.0,35194.157213930346,36072.89138051857,11.351000000002387,131.0,30334.487562189053,31937.065171688857,9.900000000001455,131.0,30047.347263681593,32732.475589815465,9.099999999998545,131.0,29977.07377777778,31854.650782527446,9.252999999996973,131.0,37896.37412935324,38674.877832282174,9.248999999996158,131.0,39048.97422222222,42625.22961924784,24.29899999999907,131.0,43811.661691542286,43977.12027661151,9.151000000005297,131.0,40444.81592039801,41085.186465794024,9.949000000000524,131.0,43596.25870646766,43896.16003951593,10.148000000001048,131.0,38300.44975124378,39222.67028896024,9.948000000003958,131.0,36673.305472636814,38259.28772536429,17.49899999999616,131.0,36459.78109452737,35993.26648555199,15.05000000000291,131.0,47270.113432835824,46929.52861480963,7.849999999998545,131.0,48575.26766169154,48877.03235366757,7.94999999999709,131.0,49827.5184079602,49276.96519504789
7.19999999999709,132,36717.13432835821,36877.36510161177,8.848999999994703,132.0,36354.8815920398,38847.40948376548,7.599999999998545,132.0,35172.76019900497,35978.04625087597,11.398999999997613,132.0,30611.789054726367,32101.415557112825,9.951000000000931,132.0,30058.602985074627,32723.49824807288,9.150999999998021,132.0,30042.837333333333,32060.733473487504,9.299999999995634,132.0,38518.41592039801,39160.83531885074,9.349000000001979,132.0,39415.594666666664,42898.1602429339,24.398999999997613,132.0,44010.396019900494,44254.07162262287,9.199000000000524,132.0,40692.77611940299,41246.968634230674,10.048999999999069,132.0,43584.41393034826,43834.12793282292,10.197999999996682,132.0,38466.75422885572,39462.70585329711,9.997999999999593,132.0,36546.16517412935,38116.39021980736,17.648999999997613,132.0,36541.21393034826,36256.45838478637,15.152000000001863,132.0,47500.56119402985,47050.124737210936,7.900000000001455,132.0,48468.63283582089,48903.108915781675,8.049999999995634,132.0,50097.751243781095,49802.124737210936
7.2520000000004075,133,36635.04875621891,36931.67390796543,8.898999999997613,133.0,36469.572139303484,38766.194814295726,7.650000000001455,133.0,35199.156218905475,35980.733473487504,11.499000000003434,133.0,30498.021890547265,31801.91170287316,10.0,133.0,30220.75223880597,32888.42419995328,9.25,133.0,29992.448,32026.36019621584,9.39999999999418,133.0,37872.78009950249,38594.36580238262,9.398999999997613,133.0,38895.189333333336,42421.87900023359,24.54899999999907,133.0,43883.255721393034,44167.176092862435,9.298999999999069,133.0,40831.18805970149,41585.78216843665,10.099999999998545,133.0,43819.192039801,44108.17485798963,10.349999999998545,133.0,38472.612935323385,39546.83131637442,10.098000000005413,133.0,36756.21890547263,38382.9607310447,17.747999999999593,133.0,36239.570149253734,35966.901457149914,15.19999999999709,133.0,47738.618905472635,47065.21280074749,7.951000000000931,133.0,48703.3631840796,49339.81526302791,8.099999999998545,133.0,50235.701492537315,49853.81733239897
7.349999999998545,134,36662.73432835821,37005.551973837886,8.949000000000524,134.0,36594.96119402985,38923.88507358094,7.75,134.0,35129.6,35926.17052090633,11.548999999999069,134.0,30600.99502487562,32055.75893482831,10.150000000001455,134.0,30099.34328358209,32893.936930623684,9.301999999996042,134.0,29562.197333333334,31397.916374678814,9.451000000000931,134.0,37836.91144278607,38554.84606400374,9.44999999999709,134.0,39209.48622222222,42717.23055360897,24.599999999998545,134.0,43917.532338308454,44139.55050629785,9.35000000000582,134.0,41199.90447761194,41686.59125710052,10.150000000001455,134.0,43935.85671641791,43935.628550259324,10.398000000001048,134.0,38579.07263681592,39566.47468510743,10.148000000001048,134.0,37031.657711442786,37989.061990614966,17.847999999998137,134.0,36212.95124378109,36204.29735737219,15.30000000000291,134.0,47799.54626865672,47228.80822237795,8.050999999999476,134.0,48650.90547263682,49123.78562608051,8.14999999999418,134.0,49792.6368159204,49457.92852137351
7.400000000001455,135,36687.26766169154,36908.785797710814,9.000999999996566,135.0,36479.80895522388,38862.83017986452,7.80000000000291,135.0,35051.605970149256,35906.82924550339,11.648999999997613,135.0,30401.576119402984,31962.049988320487,10.200000000004366,135.0,30274.67462686567,32952.80168185003,9.400999999998021,135.0,29849.002666666667,31849.66876897921,9.5,135.0,38083.26368159204,38782.73674375146,9.548999999999069,135.0,39434.894222222225,42935.26185470684,24.85099999999511,135.0,43840.429850746266,44064.87725364287,9.450000000004366,135.0,42155.71741293532,42830.976537416645,10.250999999996566,135.0,44643.78905472637,44947.224499876516,10.497999999999593,135.0,38326.4,39400.17979748086,10.298000000002503,135.0,36792.708457711444,38077.795011113856,17.898000000001048,135.0,36366.31243781094,36088.51963447765,15.451999999997497,135.0,47488.573134328355,46945.06890913338,8.099999999998545,135.0,48683.76517412935,48922.084465300075,8.19999999999709,135.0,50133.110447761195,49559.10114459239
7.44999999999709,136,36556.44975124378,36959.52534454567,9.099999999998545,136.0,36327.753233830845,38815.43938332165,7.900000000001455,136.0,35191.49850746269,36033.420228918476,11.749000000003434,136.0,30401.544278606965,32018.83672039243,10.30000000000291,136.0,30030.200995024876,32777.99392665265,9.500999999996566,136.0,29865.65688888889,31944.461574398505,9.549999999995634,136.0,37924.60099502488,38492.62508759635,9.648999999997613,136.0,39210.268444444446,42657.34548002803,24.99899999999616,136.0,43728.41393034826,44058.799703630524,9.501000000003842,136.0,41843.69353233831,42537.70116078044,10.298999999999069,136.0,44413.05472636816,44533.60731044703,10.548999999999069,136.0,38589.882587064676,39534.17831563349,10.349000000001979,136.0,36511.50646766169,38067.80933563843,17.997999999999593,136.0,36111.41094527363,36009.93035317362,15.55000000000291,136.0,47341.94626865671,47032.02055594487,8.150000000001455,136.0,48901.476616915425,49141.22795752037,8.299999999995634,136.0,50001.846766169154,49575.62812427003
7.552000000003318,137,36743.259701492534,36970.22191076851,9.14999999999418,137.0,36404.68059701493,38826.55828077552,7.950000000004366,137.0,35093.41293532338,35983.63746788134,11.798999999999069,137.0,30241.194029850747,31841.461340808222,10.351000000002387,137.0,30047.219900497512,32594.193879934595,9.549999999995634,137.0,30051.01511111111,31746.17145526746,9.602999999995518,137.0,37839.09253731343,38563.976640971734,9.699000000000524,137.0,39440.99555555556,42898.9152067274,25.098999999994703,137.0,43517.00696517413,43815.45665596444,9.601999999998952,137.0,42111.96815920398,42944.17387009138,10.400000000001455,137.0,44598.09751243781,44801.52926648555,10.697999999996682,137.0,38622.67860696517,39642.017288219315,10.449000000000524,137.0,36698.14129353234,37948.08001975797,18.097999999998137,137.0,36342.19303482587,36148.84465300074,15.75,137.0,47481.71144278607,46742.256482130346,8.200000000004366,137.0,49011.37512437811,49278.39170165473,8.349999999998545,137.0,50069.333333333336,49412.38402242467
7.599999999998545,138,36725.63582089552,36947.748656855874,9.201000000000931,138.0,36333.40497512438,38885.815463676714,8.0,138.0,35243.797014925374,36007.62812427003,11.851000000002387,138.0,30686.694527363183,32293.030600327027,10.452000000004773,138.0,29951.15621890547,32704.20555944873,9.650999999998021,138.0,29943.936,32010.16584910068,9.64999999999418,138.0,38024.8039800995,38767.57766876898,9.748999999996158,138.0,39462.272,42829.26419060967,25.199000000000524,138.0,43803.526368159204,43956.90392689553,9.64900000000489,138.0,42651.00099502488,43040.38330451964,10.498999999996158,138.0,44935.67363184079,44837.75747098049,10.747999999999593,138.0,38547.12039800995,39459.0308718202,10.497999999999593,138.0,36486.90945273632,38100.89997530254,18.197999999996682,138.0,36464.843781094525,36337.683378612004,15.94999999999709,138.0,47394.658706467664,46932.70544265358,8.30000000000291,138.0,48755.45472636816,49181.66856013831,8.39999999999418,138.0,50062.63084577114,49635.93552908199
7.650999999998021,139,36647.339303482586,36971.38799345947,9.299999999995634,139.0,36530.89751243781,38858.39757066106,8.099999999998545,139.0,35310.5512437811,36090.32655921514,11.94999999999709,139.0,30373.779104477613,31796.93716421397,10.552000000003318,139.0,30088.390049751244,32734.000467180565,9.752999999996973,139.0,30037.447111111112,32007.097407147863,9.69999999999709,139.0,38046.13731343284,38637.64540995094,9.849000000001979,139.0,39084.06044444445,42562.00327026396,25.348999999994703,139.0,43850.33233830846,43962.266238577424,9.700000000004366,139.0,42540.86368159204,43253.96295381576,10.552000000003318,139.0,44634.841791044775,44743.54754260311,10.849000000001979,139.0,38598.33631840796,39440.375401333666,10.598000000005413,139.0,36884.53731343283,38319.830081501605,18.247999999999593,139.0,36002.69054726368,35715.461595455665,16.099999999998545,139.0,46987.876616915426,46369.38285447325,8.349999999998545,139.0,48911.60199004975,49173.848357619165,8.5,139.0,50136.199004975126,49471.794440551275
7.69999999999709,140,36661.1263681592,36977.83134781593,9.348999999994703,140.0,36434.54726368159,38835.105816398034,8.150000000001455,140.0,35143.46666666667,36005.02312543798,11.999000000003434,140.0,30081.910447761195,31603.8196683018,10.599999999998545,140.0,29902.567164179105,32649.7846297594,9.799999999995634,140.0,29892.451555555555,31972.81009110021,9.799999999995634,140.0,37860.473631840796,38716.427003036675,9.898999999997613,140.0,39284.62222222222,42870.536790469516,25.450999999993655,140.0,43685.428855721395,43837.16670782909,9.80000000000291,140.0,42926.85373134328,43503.92887132625,10.648999999997613,140.0,44986.475621890546,45206.69399851815,10.898000000001048,140.0,38682.937313432834,39594.40849592492,10.648000000001048,140.0,36655.21990049751,38381.190417387006,18.297999999995227,140.0,36309.98606965174,35909.42158557669,16.19999999999709,140.0,47907.62985074627,47539.86825508059,8.400000000001455,140.0,49114.523383084575,49333.710051864655,8.549999999995634,140.0,50169.21791044776,49658.939500116794
7.80000000000291,141,36854.113432835824,37088.153235225414,9.400999999998021,141.0,36562.706467661694,38833.98832048587,8.200000000004366,141.0,35249.83084577115,36106.71899088998,12.150000000001455,141.0,30423.721393034826,31817.526746087362,10.700000000004366,141.0,29959.864676616915,32676.46624620416,9.900999999998021,141.0,29811.598222222223,31772.135482363934,10.44999999999709,141.0,37746.435820895524,38290.69096005606,9.998999999996158,141.0,39084.40177777778,42575.58888110254,25.551999999996042,141.0,43697.432835820895,43952.91281797975,9.900000000001455,141.0,43027.10447761194,43596.80711286738,10.748999999996158,141.0,45038.153233830846,45059.931835020994,10.949000000000524,141.0,38912.28656716418,39926.63472462336,10.747999999999593,141.0,37061.34925373134,38228.540380340826,18.398999999997613,141.0,36418.21293532338,36279.81625092615,16.5,141.0,46924.94328358209,46365.753795842094,8.501000000003842,141.0,49017.4407960199,49438.82637688318,8.64999999999418,141.0,49940.3144278607,49317.34828311142
7.851999999998952,142,36898.388059701494,37180.44569025929,9.498999999996158,142.0,36432.68457711443,38911.891614108856,8.25,142.0,35325.070646766166,35993.31744919411,12.249000000003434,142.0,30375.721393034826,31895.116094370474,10.80000000000291,142.0,30078.232835820894,32693.40808222378,10.299999999995634,142.0,29890.232888888888,31912.297126839523,10.599999999998545,142.0,37075.21592039801,37799.00023359028,10.048999999999069,142.0,39232.35555555556,42664.98855407615,25.598999999994703,142.0,43719.27562189055,43873.38700913806,9.999000000003434,142.0,43427.42288557214,44021.74956779452,10.800999999999476,142.0,45232.60497512438,45153.72684613485,11.05000000000291,142.0,38740.664676616914,39700.56408989874,10.849000000001979,142.0,36721.305472636814,38123.35687824154,18.497999999999593,142.0,36078.58308457711,36149.14102247469,16.55000000000291,142.0,47087.14029850746,46688.717589348285,8.601000000002387,142.0,48823.08457711443,49139.935786613976,8.69999999999709,142.0,50340.425870646766,49705.851903760806
7.900000000001455,143,36761.67960199005,36946.227516935294,9.548999999999069,143.0,36400.939303482584,38733.83228217706,8.30000000000291,143.0,35297.49651741293,36091.30203223546,12.349000000001979,143.0,30477.24577114428,31862.405979911236,10.849999999998545,143.0,30132.394029850748,32679.88600794207,10.502000000000407,143.0,30088.334222222224,32195.737444522307,11.32499999999709,143.0,37154.83383084577,37884.58397570661,10.148999999997613,143.0,39152.64,42585.59402008876,25.699000000000524,143.0,43572.027860696515,43969.031365769326,10.099000000001979,143.0,43678.073631840794,44251.6216349716,10.898999999997613,143.0,45384.18308457711,45466.65349469005,11.197999999996682,143.0,39218.73830845771,40050.244504816,10.898000000001048,143.0,36735.60199004975,37914.222771054585,18.597999999998137,143.0,36300.86368159204,35977.4601136083,16.601000000002387,143.0,47313.09850746269,46901.886475122636,8.650000000001455,143.0,48902.798009950246,49276.534452951346,8.75,143.0,50348.51343283582,49701.23989722028
7.951999999997497,144,36758.32039800995,37159.6729736043,9.598999999994703,144.0,36278.65472636816,38815.66736743751,8.400000000001455,144.0,35207.976119402985,35959.635599159075,12.398999999997613,144.0,30232.183084577115,31847.81873394067,10.951000000000931,144.0,29983.219900497512,32727.897220275638,10.60099999999511,144.0,29632.668444444444,31734.409717355757,11.403999999994994,144.0,37231.23582089552,38036.17472553142,10.199000000000524,144.0,39226.76622222222,42524.44942770381,25.848999999994703,144.0,43623.46666666667,43902.921215114846,10.150000000001455,144.0,43575.530348258704,44223.99209681403,11.0,144.0,45382.03383084577,45467.83502099284,11.247999999999593,144.0,38535.37114427861,39618.36305260558,10.997999999999593,144.0,36963.47064676617,38013.35243269943,18.648000000001048,144.0,35982.05771144279,35707.736231168186,16.69999999999709,144.0,46945.22587064677,46598.52557813595,8.751000000003842,144.0,49067.12835820895,49372.25784144233,8.799999999995634,144.0,50309.98606965174,49722.53211866386
8.052000000003318,145,36800.159203980096,37053.52954917075,9.699000000000524,145.0,36367.80895522388,38709.67344078486,8.450000000004366,145.0,35157.17412935323,35912.95117963093,12.499000000003434,145.0,30404.409950248755,31835.989722027563,11.0,145.0,29808.700497512436,32520.543798177994,11.0,145.0,29557.162666666667,31505.17729502453,11.549999999995634,145.0,37369.21791044776,37964.96893249241,10.248999999996158,145.0,39392.36977777778,42997.53515533754,25.94999999999709,145.0,43525.23781094528,43812.42183255125,10.199000000000524,145.0,43824.87562189055,44533.20819955545,11.150000000001455,145.0,45676.65671641791,45610.7799456656,11.347999999998137,145.0,38730.50746268657,39785.53124228204,11.098000000005413,145.0,36926.13731343284,38485.62706841195,18.797999999995227,145.0,36030.16915422885,35810.20894047913,16.800999999999476,145.0,47303.18009950249,46908.13174491941,8.802000000003318,145.0,48716.13134328358,49119.304519634476,8.89999999999418,145.0,50236.68855721393,49783.837421163276
8.099999999998545,146,36699.09651741294,36996.38775986919,9.748999999996158,146.0,36514.99303482587,38809.45199719691,8.55000000000291,146.0,35128.91542288557,35936.26162111656,12.548999999999069,146.0,30295.418905472638,31725.20065405279,11.052000000003318,146.0,29825.687562189054,32445.45853772483,11.10099999999511,146.0,29745.99111111111,31704.270964727868,11.651999999994587,146.0,37401.66368159204,38091.855174024764,10.498999999996158,146.0,38612.110222222225,42144.23545900491,26.04899999999907,146.0,43632.68457711443,43752.14423314398,10.298999999999069,146.0,44055.45074626866,44846.86589281304,11.449000000000524,146.0,45754.90547263682,45463.51988145221,11.44999999999709,146.0,38774.54328358209,39777.14201037293,11.14900000000489,146.0,36942.05771144279,37918.711780686586,18.847999999998137,146.0,36143.3631840796,35910.27908125463,16.849999999998545,146.0,47095.49850746269,46495.15907498248,8.901000000005297,146.0,48793.67960199005,49185.53321807854,9.0,146.0,50233.10646766169,49719.557112824106
8.150000000001455,147,36879.45870646766,37322.008876430744,9.800999999999476,147.0,36553.74328358209,38897.56225181033,8.599999999998545,147.0,35188.569154228855,35959.0861948143,12.650999999998021,147.0,30296.549253731344,31873.0390095772,11.151000000005297,147.0,29719.848756218904,32473.040878299464,11.151999999994587,147.0,29512.618666666665,31535.200186872225,11.75,147.0,37441.99004975124,38237.97804251343,10.599000000001979,147.0,39047.552,42243.976640971734,26.099999999998545,147.0,43559.5144278607,43745.430476660906,10.349000000001979,147.0,44252.41791044776,44894.775006174365,11.898999999997613,147.0,45782.35223880597,45858.56458384787,11.497999999999593,147.0,38865.13034825871,39739.53074833292,11.298000000002503,147.0,36731.31940298507,38032.58088416893,18.949000000000524,147.0,36094.614925373135,35909.66263274883,17.0,147.0,46932.202985074626,46463.43190843261,8.950000000004366,147.0,49314.53134328358,49674.78784885157,9.049999999995634,147.0,49785.66368159204,49171.78229385657
8.250999999996566,148,36695.99203980099,37103.08432609204,9.848999999994703,148.0,36246.60696517413,38735.53281943471,8.700000000004366,148.0,35380.09154228856,36273.973370707776,12.75,148.0,30527.8407960199,31991.930857276337,11.200000000004366,148.0,29827.40696517413,32449.390329362297,11.19999999999709,148.0,29628.416,31602.018220042046,11.802999999999884,148.0,37081.83880597015,37640.30833917309,10.699000000000524,148.0,38912.782222222224,42478.83765475356,26.148999999997613,148.0,44048.23880597015,44344.54334403556,10.401000000005297,148.0,44562.03781094527,44981.259570264265,11.951000000000931,148.0,46020.250746268655,46098.74240553223,11.597999999998137,148.0,38620.35422885572,39629.060014818475,11.349000000001979,148.0,36621.69154228856,38275.465547048654,19.047999999995227,148.0,36098.41990049751,35998.79871573228,17.150000000001455,148.0,47466.10945273632,47115.54870357393,9.0,148.0,48522.58706467662,48619.811311434925,9.14999999999418,148.0,49924.28258706468,49625.21653819201
8.30000000000291,149,36798.296517412935,37080.655921513666,9.949000000000524,149.0,36268.78407960199,38786.77692128008,8.75,149.0,35139.6776119403,35881.85564120533,12.849000000001979,149.0,30104.660696517414,31831.82247138519,11.25,149.0,29928.039800995026,32669.865919177762,11.250999999996566,149.0,29549.582222222223,31232.171922448026,11.851999999998952,149.0,37153.974129353235,38065.00911002103,10.748999999996158,149.0,38937.628444444446,42122.25928521374,26.24899999999616,149.0,43448.119402985074,43795.29562855026,10.449000000000524,149.0,44490.45970149254,45349.856260805136,12.048999999999069,149.0,45812.123383084574,45730.157569770316,11.648999999997613,149.0,38947.34328358209,39952.39911089158,11.448000000003958,149.0,37063.562189054726,37874.83329217091,19.097999999998137,149.0,35852.76815920398,35543.81229933317,17.400000000001455,149.0,46105.53631840796,45524.443821537025,9.099999999998545,149.0,49246.153233830846,49463.381575697706,9.25,149.0,50087.1960199005,49462.74234991824
8.349999999998545,150,36861.96218905473,37024.489605232426,10.000999999996566,150.0,36356.91940298508,38661.041812660595,8.849999999998545,150.0,35093.71542288557,35975.590749824805,12.898999999997613,150.0,30282.332338308457,31914.33403410418,11.351999999998952,150.0,29985.544278606965,32455.971969166083,11.351999999998952,150.0,29643.96088888889,31475.96542863817,11.89999999999418,150.0,37188.50547263682,37910.72740014015,10.849000000001979,150.0,38986.325333333334,42403.40854940435,26.348999999994703,150.0,43515.653731343285,43647.102988392195,10.548999999999069,150.0,44457.01094527363,45316.90392689553,12.150999999998021,150.0,45696.68457711443,45745.552976043466,11.749000000003434,150.0,38563.31144278607,39636.28747838973,11.547000000005937,150.0,36694.845771144275,38016.11459619659,19.197999999996682,150.0,36081.73532338309,35855.774759199805,17.55000000000291,150.0,47161.74328358209,46591.86918944172,9.252000000000407,150.0,49817.69552238806,49819.28179797481,9.39999999999418,150.0,50110.59900497513,49547.38799345947
8.44999999999709,151,37198.58308457711,37433.45947208596,10.048999999999069,151.0,36378.80995024875,38730.360196215835,8.950000000004366,151.0,35210.396019900494,35947.27960756832,12.999000000003434,151.0,29653.874626865672,31209.070777855643,11.400000000001455,151.0,29896.039800995026,32517.475356225183,11.450999999993655,151.0,29454.60622222222,31426.13781826676,12.000999999996566,151.0,37326.344278606965,37928.06540527914,10.898999999997613,151.0,38707.569777777775,42108.1130576968,26.40099999999802,151.0,43478.73432835821,43766.80069152877,10.601000000002387,151.0,45066.95323383085,45843.51296616448,12.298999999999069,151.0,46043.03283582089,45747.72240059274,11.849000000001979,151.0,38686.67860696517,39570.691034823416,11.598000000005413,151.0,36442.60298507463,37870.02025191405,19.247999999999593,151.0,35955.86865671642,35748.35860706347,17.75,151.0,46668.03582089552,46154.405045550106,9.401000000005297,151.0,48764.25870646766,49074.84119535688,9.69999999999709,151.0,50178.94527363184,49532.901658491006
8.500999999996566,152,36892.51343283582,37000.95117963093,10.10099999999511,152.0,36278.97313432836,38647.0861948143,9.0,152.0,35092.50547263682,35917.38005138986,13.099000000001979,152.0,30224.62089552239,31650.320953048355,11.5,152.0,29766.38407960199,32401.70053725765,11.502999999996973,152.0,29612.174222222224,31471.316047652417,12.060999999994237,152.0,37133.72338308458,37922.97874328428,10.998999999996158,152.0,38960.810666666664,42330.03877598692,26.500999999996566,152.0,43475.90049751244,43582.111138552726,10.699000000000524,152.0,44741.04676616915,45349.61916522598,12.449000000000524,152.0,45985.62388059701,46142.36008891084,11.898000000001048,152.0,38708.63283582089,39721.819708570016,11.647000000004482,152.0,36835.31144278607,38143.25314892566,19.347999999998137,152.0,35965.850746268654,35864.1956038528,18.19999999999709,152.0,46867.3592039801,46453.497780892314,9.452000000004773,152.0,48768.60497512438,48981.95505062978,9.799999999995634,152.0,50591.64975124378,49977.47442186405
8.55000000000291,153,36777.1223880597,37015.97196916608,10.199000000000524,153.0,36213.66766169154,38730.47979444055,9.099999999998545,153.0,35107.613930348256,35925.50525578136,13.199000000000524,153.0,30084.441791044777,31511.57953749124,11.55000000000291,153.0,30074.25273631841,32749.52581172623,11.599999999998545,153.0,29424.170666666665,31415.49357626723,12.150999999998021,153.0,37074.13333333333,37714.96379350619,11.048999999999069,153.0,38764.98488888889,42099.79724363467,26.549999999995634,153.0,43699.90049751244,43585.12620400099,10.798999999999069,153.0,44771.64577114428,44606.30081501605,12.601999999998952,153.0,46140.62487562189,46022.46875771796,11.997999999999593,153.0,38597.158208955225,39666.29982711781,11.749000000003434,153.0,36736.82786069652,37888.893060014816,19.447999999996682,153.0,36055.05273631841,35627.91800444554,18.349999999998545,153.0,46659.0407960199,46205.81733239897,9.552000000003318,153.0,48976.27064676617,49297.37120276612,9.89999999999418,153.0,50162.00597014926,49727.65989254847
8.650000000001455,154,36989.21393034826,37118.792805419296,10.250999999996566,154.0,36521.71144278607,38914.11913104415,9.150000000001455,154.0,35246.28059701493,36050.720859612244,13.298999999999069,154.0,30186.173134328357,31711.738378883438,11.650000000001455,154.0,29943.339303482586,32710.211632796076,11.69999999999709,154.0,29465.571555555554,31391.41695865452,12.201000000000931,154.0,37206.51144278607,37760.855874795605,11.099000000001979,154.0,38634.15466666667,42122.57696799813,26.700999999993655,154.0,43308.59303482587,43580.89404791306,10.851000000002387,154.0,44730.63482587065,45471.039762904424,12.748999999996158,154.0,45850.92139303483,45678.047913064955,12.05000000000291,154.0,38662.82985074627,39610.98542850086,11.849000000001979,154.0,36816.85970149254,38210.64361570758,19.547999999995227,154.0,35549.341293532336,35405.585576685604,18.849999999998545,154.0,46505.90248756219,45951.72716654987,9.599999999998545,154.0,48922.63482587065,49042.56853544085,10.0,154.0,50309.49253731343,49490.780658724594
8.69999999999709,155,36719.522388059704,37052.28871758935,10.348999999994703,155.0,36385.066666666666,38682.352721326795,9.200000000004366,155.0,35050.14129353234,35912.83531885074,13.398999999997613,155.0,29971.12039800995,31522.21630460173,11.700000000004366,155.0,29786.34825870647,32425.238962859145,11.750999999996566,155.0,29482.368,31129.993926652653,12.250999999996566,155.0,36808.45373134328,37596.2139686989,11.199000000000524,155.0,38644.209777777774,42010.41999532819,26.800999999999476,155.0,43321.1223880597,43676.90590269202,10.951000000000931,155.0,45065.58407960199,45634.14176339837,12.898999999997613,155.0,46052.68059701493,45923.97530254384,12.347999999998137,155.0,38814.64676616916,39673.03334156582,11.947000000000116,155.0,36988.37014925373,38287.93282291924,19.650000000001455,155.0,35376.891542288555,35157.21610274142,19.5,155.0,46279.164179104475,45922.05933193179,9.700000000004366,155.0,48794.443781094524,48969.83156334898,10.14999999999418,155.0,50112.891542288555,49387.01798645176
8.75,156,36830.53532338308,37050.69656622285,10.39999999999418,156.0,36546.78606965174,38807.874795608506,9.25,156.0,35070.567164179105,35948.33356692362,13.499000000003434,156.0,29846.989054726368,31498.726465779022,11.80000000000291,156.0,29695.458706467663,31575.72156038309,11.800999999999476,156.0,29884.444444444445,31471.091800981078,12.300999999999476,156.0,36911.87263681592,37634.54893716421,11.298999999999069,156.0,38895.90044444444,42176.37000700771,27.049999999995634,156.0,191.8407960199005,167.93479871573228,11.052000000003318,156.0,45273.201990049754,45731.864657940234,12.998999999996158,156.0,45706.95323383085,45802.80365522351,12.449000000000524,156.0,38668.68855721393,39760.64015806372,12.047000000005937,156.0,36335.26766169154,37804.11163250185,19.697999999996682,156.0,36009.02686567164,35688.91479377624,19.69999999999709,156.0,46460.43383084577,45866.842326559214,9.800999999999476,156.0,48880.39800995025,49303.68189676463,10.19999999999709,156.0,49746.27661691542,49263.43190843261
8.851999999998952,157,36518.25671641791,37073.947208596124,10.449000000000524,157.0,36293.19004975125,38440.64097173558,9.349999999998545,157.0,35105.337313432836,35862.895585143655,13.550999999999476,157.0,29965.675621890547,31538.537724830647,11.951000000000931,157.0,30024.788059701492,32731.376781125906,11.89999999999418,157.0,29505.308444444443,31496.7792571829,12.406999999999243,157.0,37053.659701492536,37593.85564120533,11.349000000001979,157.0,38599.281777777775,41912.58117262322,,,,,11.10000000000582,157.0,45267.3592039801,45973.00271672018,13.248999999996158,157.0,46037.04676616915,45941.4452951346,12.497999999999593,157.0,38597.68358208955,39717.247715485304,12.147000000004482,157.0,36996.53731343283,37878.452951346015,19.74899999999616,157.0,35893.58805970149,35389.04025685354,19.94999999999709,157.0,46906.92139303483,46386.9152067274,9.902000000001863,157.0,48781.18208955224,49043.56038528032,10.44999999999709,157.0,49618.05373134329,49185.921046484465
8.900000000001455,158,36862.073631840794,37225.96028965195,10.548999999999069,158.0,36375.657711442786,38634.60313010979,9.450000000004366,158.0,35277.94626865671,36057.78089231488,13.599000000001979,158.0,30029.198009950247,31593.42957252978,12.050999999999476,158.0,29726.025870646765,32451.31885073581,11.951999999997497,158.0,29342.492444444444,31158.65638869423,12.44999999999709,158.0,36991.50646766169,37848.20742817099,11.398999999997613,158.0,38975.232,42439.53095071245,,,,,11.199000000000524,158.0,45596.57711442786,46252.90590269202,13.298999999999069,158.0,46272.68457711443,46136.88318103235,12.597999999998137,158.0,38554.348258706465,39630.111138552726,12.247999999999593,158.0,36559.6815920398,37954.612002963695,19.94999999999709,158.0,35740.19502487562,35588.95924919733,20.25,158.0,46245.572139303484,45798.9366970334,9.952000000004773,158.0,49177.201990049754,49098.49543097061,10.549999999995634,158.0,49940.37810945274,49464.64844662462
8.951999999997497,159,36686.296517412935,37041.726699369305,10.599999999998545,159.0,36241.337313432836,38625.56225181033,9.5,159.0,34960.23880597015,35894.71992525111,13.699000000000524,159.0,30093.818905472635,31403.75426302266,12.152000000001863,159.0,29737.36119402985,32369.29315580472,12.051999999996042,159.0,29479.05422222222,31008.605466012614,12.502999999996973,159.0,37158.431840796016,37659.197383788836,11.498999999996158,159.0,38673.991111111114,42129.33426769447,,,,,11.249000000003434,159.0,45492.04378109453,46166.460854531986,13.400000000001455,159.0,46055.10049751244,46136.51173129168,12.648999999997613,159.0,38502.46368159204,39491.2284514695,12.347000000001572,159.0,36846.80597014925,38379.94961718943,19.997999999999593,159.0,35730.340298507464,35579.69671523833,20.650000000001455,159.0,46394.92139303483,46003.06844195281,10.052000000003318,159.0,48298.04577114428,48763.61373178563,10.64999999999418,159.0,49788.44975124378,49068.55033870591
9.052000000003318,160,36934.62288557214,37179.978509693996,10.798999999999069,160.0,36204.35422885572,38531.46087362766,9.601999999998952,160.0,35030.30447761194,35849.87059098342,13.798999999999069,160.0,30031.188059701493,31616.811025461342,12.252000000000407,160.0,29501.29353233831,32153.149264190608,12.150999999998021,160.0,29494.15822222222,31370.37888343845,12.60099999999511,160.0,36722.0855721393,37516.38589114693,11.548999999999069,160.0,38690.73066666667,42247.897220275634,,,,,11.30000000000291,160.0,45481.61592039801,46373.87601877007,13.548999999999069,160.0,45961.249751243784,45831.79254136824,12.798000000002503,160.0,38581.253731343284,39594.938009385034,12.397000000004482,160.0,36551.259701492534,37718.255371696716,20.197999999996682,160.0,35740.78407960199,35571.64336873302,20.849999999998545,160.0,45835.23980099503,45228.894183601966,10.099999999998545,160.0,48993.480597014925,49042.51321313905,10.75,160.0,49921.00298507463,49283.49077318383
9.101000000002387,161,36733.73930348259,37133.604298061204,10.949000000000524,161.0,36155.653731343285,38498.75075916842,9.650000000001455,161.0,35056.6368159204,35841.4576033637,13.849000000001979,161.0,30152.867661691544,31623.900957720158,12.30000000000291,161.0,29505.321393034825,32199.407615043216,12.200999999993655,161.0,29383.40977777778,31066.061200654054,12.64999999999418,161.0,37102.75820895522,37376.822237794906,11.599000000001979,161.0,38576.19911111111,41928.910067741184,,,,,11.349000000001979,161.0,45502.50348258707,45973.318844159054,13.80000000000291,161.0,45853.389054726365,45937.4581378118,13.097999999998137,161.0,38379.478606965175,39366.26722647568,12.497999999999593,161.0,36387.58208955224,37785.7406767103,20.25,161.0,35709.32537313433,35556.24401086688,20.95100000000093,161.0,46312.883582089555,46188.382153702405,10.200000000004366,161.0,48689.305472636814,49020.50284020746,10.849999999998545,161.0,49891.2,49349.58747956085
9.150999999998021,162,36833.36915422886,37215.64494277038,11.048999999999069,162.0,36193.209950248754,38451.61037140855,9.75,162.0,35231.98407960199,35873.27446858211,13.898999999997613,162.0,29959.880597014926,31447.37024059799,12.400000000001455,162.0,29552.27064676617,32325.202522775053,12.252000000000407,162.0,29307.278222222223,31124.021490306004,12.69999999999709,162.0,36929.607960199006,37605.55384256015,11.699000000000524,162.0,39214.15111111111,42502.44335435646,,,,,11.400000000001455,162.0,45418.427860696516,46081.46208940479,13.998999999996158,162.0,45941.524378109454,45972.200543344035,13.497999999999593,162.0,38338.21293532338,39498.890590269206,12.548999999999069,162.0,36787.80497512438,37665.42652506792,20.34900000000198,162.0,35889.337313432836,35644.14324524574,21.101000000002387,162.0,46327.753233830845,45962.6554543331,10.302000000003318,162.0,48734.08955223881,48820.42183255125,11.0,162.0,49581.96218905473,49097.80331698201
9.252000000000407,163,36772.744278606966,36983.59822471385,11.098999999994703,163.0,36218.204975124376,38643.59915907498,9.851000000002387,163.0,35053.659701492536,35843.74118196683,14.048999999999069,163.0,30147.98009950249,31675.2758701238,12.5,163.0,29540.585074626866,32222.73674375146,12.35099999999511,163.0,29216.540444444443,31067.769212800747,12.75499999999738,163.0,37089.41691542289,37962.2704975473,11.748999999996158,163.0,38097.00977777778,41386.55828077552,,,,,11.451000000000931,163.0,45574.41592039801,46412.739935786616,14.199000000000524,163.0,45926.431840796016,46038.377871079276,13.597999999998137,163.0,38425.39303482587,39257.59051617683,12.64900000000489,163.0,36274.64278606965,37701.43344035564,20.447999999996682,163.0,35797.49253731343,35762.414423314396,21.25,163.0,46649.61592039801,46021.060499883206,10.401000000005297,163.0,48371.59800995025,48457.811805384044,11.099999999998545,163.0,49978.63482587065,49639.14599392665
9.302000000003318,164,36655.33134328358,36936.93996729736,11.19999999999709,164.0,36164.075621890544,38441.418360196214,9.950000000004366,164.0,35004.75223880597,35801.4333099743,14.099000000001979,164.0,29985.400995024876,31569.076384022424,12.599000000001979,164.0,29514.284577114428,32082.537724830647,12.39999999999418,164.0,29361.294222222223,31229.092268161643,12.801999999996042,164.0,36599.49850746269,37167.54403176828,11.799999999995634,164.0,38515.11466666667,41944.1924783929,,,,,11.599000000001979,164.0,45517.659701492536,46415.98024203507,14.248999999996158,164.0,44689.592039801,44942.644603605826,13.697999999996682,164.0,38638.710447761194,39586.32748826871,12.697000000000116,164.0,36536.89950248756,37789.854285008645,20.547999999995227,164.0,35945.37711442786,35659.684860459376,21.400000000001455,164.0,45824.66865671642,45354.76757766877,10.451000000000931,164.0,48753.19402985075,49094.05779204742,11.200999999993655,164.0,49253.842786069654,48545.446391030135
9.402000000001863,165,36604.89552238806,37031.71782293857,11.248999999996158,165.0,36258.62686567164,38456.734407848635,10.05000000000291,165.0,34995.05671641791,35759.09180098108,14.249000000003434,165.0,30077.994029850746,31493.449194113524,12.700000000004366,165.0,29651.008955223882,32245.281009110022,12.5,165.0,29243.306666666667,31092.757766876897,12.89999999999418,165.0,37041.32139303483,37588.96706377015,11.898999999997613,165.0,38604.88533333333,42029.89581873394,,,,,11.949000000000524,165.0,45598.933333333334,46318.95282785873,14.398999999997613,165.0,46215.68955223881,46249.503581131146,13.849000000001979,165.0,38723.56616915423,39580.43961471968,12.797000000005937,165.0,36619.844776119404,38005.25166707829,20.648000000001048,165.0,35455.02885572139,35252.14126944925,21.55000000000291,165.0,45790.248756218905,45352.35318850736,10.550999999999476,165.0,48576.71641791045,48728.428747838974,11.299999999995634,165.0,49655.91243781095,49118.871291754265
9.44999999999709,166,36934.63880597015,37126.01354823639,11.298999999999069,166.0,36558.00995024876,38791.986918944174,10.099999999998545,166.0,34956.3223880597,35720.43167484233,14.349000000001979,166.0,29988.171144278607,31501.89955617846,12.80000000000291,166.0,29505.194029850747,31958.409717355757,12.549999999995634,166.0,29208.26311111111,31184.085961224013,12.951000000000931,166.0,36936.13532338308,37492.95585143658,11.998999999996158,166.0,38360.12088888889,41729.050221910766,,,,,12.251000000003842,166.0,46074.427860696516,46871.39343047666,14.498999999996158,166.0,46022.17711442786,45961.90664361571,14.048000000002503,166.0,38238.614925373135,39300.338849098545,12.898000000001048,166.0,36488.8039800995,37937.45023462583,20.697999999996682,166.0,35947.78109452737,36030.9607310447,21.650000000001455,166.0,46013.24577114428,45456.58304134548,10.601999999998952,166.0,48559.74527363184,48846.1467028896,11.39999999999418,166.0,49972.23482587065,49394.421864050455
9.502000000000407,167,36737.385074626865,37069.58934828311,11.398999999997613,167.0,36220.03582089552,38348.01962158374,10.150000000001455,167.0,34989.03880597015,35705.63886942303,14.44999999999709,167.0,30336.764179104477,31773.350151833685,12.993000000002212,167.0,29547.383084577115,32174.02662929222,12.64999999999418,167.0,29394.24711111111,31182.531184302734,13.002000000000407,167.0,36551.18009950249,37152.216771782296,12.048999999999069,167.0,38504.54755555555,41869.13338005139,,,,,12.548999999999069,167.0,45922.21293532338,46657.149913558904,14.599000000001979,167.0,45710.392039800994,45718.66633736725,14.197999999996682,167.0,38156.067661691544,39160.52358607064,13.098000000005413,167.0,36601.71144278607,37867.97727834033,20.797999999995227,167.0,35419.08059701492,34496.40306248456,21.80000000000291,167.0,45749.158208955225,45370.53211866386,10.702000000004773,167.0,48710.4,49089.51346011361,11.451999999997497,167.0,49163.574129353234,48642.69843494511
9.601000000002387,168,36753.68756218906,36908.55033870591,11.449000000000524,168.0,36209.99004975124,38315.18243401075,10.200000000004366,168.0,35063.880597014926,35797.69960289652,14.499000000003434,168.0,29862.04975124378,31177.3323989722,13.105999999999767,168.0,29684.648756218907,32215.717822938564,12.75,168.0,29324.913777777776,31285.004438215372,13.099999999998545,168.0,36632.59701492537,37550.254613408084,12.148999999997613,168.0,38394.666666666664,41613.68652184069,,,,,12.849000000001979,168.0,46020.69651741294,46660.41392936528,14.648999999997613,168.0,45870.50348258707,45790.02815510002,14.298000000002503,168.0,38699.78109452737,39461.23586070635,13.14900000000489,168.0,36359.67363184079,37652.23610768091,20.898000000001048,168.0,35696.525373134325,35531.404297357374,21.900000000001455,168.0,45604.027860696515,45159.43377715487,10.75,168.0,48756.23482587065,48971.7046184243,11.599999999998545,168.0,49505.751243781095,48745.59775753329
9.650000000001455,169,36853.651741293535,36987.54870357393,11.500999999996566,169.0,36067.85273631841,38408.812894183604,10.30000000000291,169.0,35035.016915422886,35742.3742116328,14.599000000001979,169.0,29866.268656716416,31244.090633029668,13.401000000005297,169.0,29263.57014925373,31937.872459705675,12.801999999996042,169.0,29270.058666666668,31145.141789301564,13.14999999999418,169.0,36898.27661691542,37497.83695398271,12.248999999996158,169.0,38549.04888888889,41818.18079887877,,,,,12.89900000000489,169.0,46201.568159203984,46577.99555445789,14.748999999996158,169.0,45637.1263681592,45816.20745863176,14.398000000001048,169.0,38255.85671641791,39230.83428006915,13.249000000003434,169.0,36413.67562189055,37491.92393183502,21.047999999995227,169.0,35595.5104477612,35345.477895776734,21.94999999999709,169.0,45836.3223880597,45600.8708245737,10.902000000001863,169.0,48708.36218905473,48913.825635959496,11.75,169.0,48958.28059701493,48448.14949778089
9.701999999997497,170,36749.96218905473,37038.81149264191,11.548999999999069,170.0,35406.21691542288,37227.85143658024,10.349999999998545,170.0,35049.6,35775.0619014249,14.699000000000524,170.0,29948.01990049751,31416.528848399907,13.55000000000291,170.0,29393.687562189054,31833.717355758,12.89999999999418,170.0,29187.65511111111,31104.515767344077,13.19999999999709,170.0,36808.931343283584,37168.426068675544,12.298999999999069,170.0,38591.97155555555,41697.00163513198,,,,,12.949000000000524,170.0,45954.35621890547,46591.28476166955,14.898999999997613,170.0,45760.987064676614,45948.03260064213,14.55000000000291,170.0,38468.807960199,39326.71968387256,13.35000000000582,170.0,36428.13134328358,37526.93504569029,21.197999999996682,170.0,35402.10945273632,35182.182267226475,22.05000000000291,170.0,45642.73034825871,45289.48937164214,11.001000000003842,170.0,48167.73731343284,48524.739935786616,11.799999999995634,170.0,49447.848756218904,48928.53445456669
9.750999999996566,171,36336.41393034826,36584.14389161411,11.648999999997613,171.0,36467.82089552239,38869.015650548936,10.5,171.0,35033.63184079602,35802.89091333801,14.749000000003434,171.0,29878.75024875622,31141.740714786265,13.618000000002212,171.0,29481.52039800995,31965.693996729737,13.0,171.0,29235.797333333332,31301.064237327726,13.250999999996566,171.0,36888.77213930348,37375.8318149965,12.349000000001979,171.0,38293.731555555554,41607.6393366036,,,,,12.999000000003434,171.0,46278.20895522388,47030.87182020252,14.998999999996158,171.0,45717.68358208955,45795.90417387009,14.597000000001572,171.0,37551.0447761194,38071.74512225241,13.448000000003958,171.0,36443.064676616916,37657.78019264016,21.34900000000198,171.0,35556.664676616914,35141.60335885404,22.101000000002387,171.0,45879.54626865672,44566.32001868722,11.099999999998545,171.0,48309.98606965174,48580.90392689553,11.89999999999418,171.0,49120.843781094525,48657.5585143658
9.853000000002794,172,36710.32039800995,36974.4414856342,11.699000000000524,172.0,36066.22885572139,38292.51109553842,10.55000000000291,172.0,34980.983084577114,35878.992758701235,14.849000000001979,172.0,29848.135323383085,31392.79233823873,13.851000000002387,172.0,29252.664676616914,31786.386358327494,13.051999999996042,172.0,29237.176888888887,30980.69796776454,13.349999999998545,172.0,36667.016915422886,37304.689558514365,12.449000000000524,172.0,38223.90044444444,41470.598458304135,,,,,13.10000000000582,172.0,45761.08258706467,46493.585576685604,15.30000000000291,172.0,45962.80995024875,46206.055816250926,14.697999999996682,172.0,38591.58606965174,39661.90565571746,13.548999999999069,172.0,35867.31940298507,36936.41689306001,21.597999999998137,172.0,35730.0855721393,35529.45616201531,22.150000000001455,172.0,45704.294527363185,45174.51436580238,11.150000000001455,172.0,48567.45074626866,48902.16448505804,12.0,172.0,49293.51641791045,48645.75192711983
9.900000000001455,173,36688.78009950249,36960.74748890446,11.75,173.0,36199.78507462687,38321.18850735809,10.650999999998021,173.0,35010.706467661694,35658.808689558515,14.898999999997613,173.0,29856.12736318408,31359.364634431207,14.019000000000233,173.0,29270.33631840796,31806.983415089933,13.151999999994587,173.0,29150.96177777778,31015.022658257418,13.400999999998021,173.0,36685.78706467662,37315.41228684887,12.548999999999069,173.0,38478.648888888885,41609.27259985985,,,,,13.14900000000489,173.0,45995.08059701492,46630.247468510745,15.548999999999069,173.0,45429.603980099506,45370.606075574215,14.798000000002503,173.0,38272.68457711443,39042.95974314646,13.597000000001572,173.0,36309.63582089552,37770.76413929365,21.697999999996682,173.0,35748.394029850744,35467.02889602371,22.19999999999709,173.0,45938.10149253732,45660.79327259986,11.202000000004773,173.0,48703.379104477615,48718.94887626574,12.049999999995634,173.0,48971.63781094527,48453.81920112123
9.951000000000931,174,36566.54328358209,36966.22658257416,11.799999999995634,174.0,35956.64875621891,38274.847932726,10.700000000004366,174.0,34897.17810945274,35701.40808222378,14.999000000003434,174.0,29967.044776119405,31425.659425367903,15.199000000000524,174.0,29313.512437810947,31666.582574164913,13.19999999999709,174.0,29169.28,30928.11586078019,13.44999999999709,174.0,36650.396019900494,37375.4804952114,12.599000000001979,174.0,38224.426666666666,41575.13104414856,,,,,13.199000000000524,174.0,46351.92039800995,46752.52951346011,15.94999999999709,174.0,45487.21990049751,45298.79772783403,14.898000000001048,174.0,38316.84776119403,39328.92862435169,13.64900000000489,174.0,36549.39701492537,37757.795011113856,21.747999999999593,174.0,35597.707462686565,35472.52951346011,22.30000000000291,174.0,46101.34925373134,45844.86241532352,11.302000000003318,174.0,48389.7631840796,48572.589775253145,12.151999999994587,174.0,49142.25671641791,48542.03036673674
10.002000000000407,175,36833.73532338309,37154.175192711984,11.848999999994703,175.0,36134.94129353234,38295.1534688157,10.802000000003318,175.0,34857.77512437811,35635.73744452231,15.099000000001979,175.0,29688.99502487562,31137.06890913338,15.304000000003725,175.0,29191.944278606967,31780.29432375613,13.300999999999476,175.0,29099.363555555556,30961.887409483767,13.5,175.0,36579.39104477612,37142.60780191544,12.648999999997613,175.0,38060.672,41487.600093436115,,,,,13.298999999999069,175.0,46143.64975124378,46728.495924919735,16.199000000000524,175.0,45739.62189054726,45677.85823660163,14.997999999999593,175.0,38918.76616915423,39713.60829834527,13.75,175.0,36133.97014925373,37406.53000740924,21.84900000000198,175.0,35716.13930348259,35513.882934057794,22.349999999998545,175.0,45598.16915422885,45094.028498014486,11.450000000004366,175.0,48225.46467661692,48367.703630526055,12.25,175.0,49506.49950248756,49185.640738145295
10.152000000001863,176,36839.27562189055,36970.405045550106,11.89999999999418,176.0,36128.38208955224,38397.9219808456,10.950000000004366,176.0,34927.12437810945,35648.63162812427,15.148999999997613,176.0,29683.02487562189,31188.555944872693,15.5,176.0,29055.63383084577,31618.436813828546,13.351999999998952,176.0,29101.653333333332,30894.990889978977,13.550999999999476,176.0,36485.17412935323,37146.91333800514,12.699000000000524,176.0,38338.332444444444,41692.07194580705,,,,,13.349000000001979,176.0,45799.164179104475,46388.97900716226,16.24899999999616,176.0,45637.34925373134,45574.041985675474,15.097999999998137,176.0,38436.202985074626,39278.126944924676,13.797000000005937,176.0,36393.37711442786,37241.58656458385,21.898999999997613,176.0,35296.01592039801,35040.04741911583,22.44999999999709,176.0,45174.95721393035,44614.62275169353,11.55000000000291,176.0,48677.77910447761,49054.50629785132,16.950999999993655,176.0,47545.6,46958.26582574165
10.19999999999709,177,36711.753233830845,36857.87806587246,11.998999999996158,177.0,36108.05174129353,38338.19014249007,11.0,177.0,35153.066666666666,35709.74632095305,15.199000000000524,177.0,29822.885572139305,31357.892081289418,15.610000000000582,177.0,29363.50248756219,31917.641672506423,13.39999999999418,177.0,29311.872,31231.185237094138,13.60099999999511,177.0,36835.16815920398,37336.90259285214,12.748999999996158,177.0,37970.673777777774,41245.981779957954,,,,,13.39900000000489,177.0,45999.64975124378,46624.094838231664,16.34900000000198,177.0,45445.41293532338,45429.55593973821,15.197999999996682,177.0,38101.50845771144,38932.94344282539,13.949000000000524,177.0,35971.47064676617,37373.96888120523,22.0,177.0,35455.426865671645,34955.81526302791,22.5,177.0,45361.592039801,45318.62648913805,11.650000000001455,177.0,48207.23582089552,48405.1370708817,17.050999999999476,177.0,47519.12437810945,46920.241065171685
10.250999999996566,178,36663.800995024874,37052.47558981546,12.048999999999069,178.0,36002.929353233834,38242.60499883205,11.05000000000291,178.0,34916.05970149254,35776.17565989255,15.298999999999069,178.0,29730.595024875623,31078.723662695633,15.75,178.0,28897.114427860695,31432.28965195048,13.5,178.0,29290.624,30854.33123102079,13.701000000000931,178.0,36527.39502487562,37140.94837654754,12.849000000001979,178.0,38109.696,41008.24667133847,,,,,13.450000000004366,178.0,46134.98905472637,46435.83304519635,16.398999999997613,178.0,45379.62985074627,45228.29340577921,15.249000000003434,178.0,38416.159203980096,39210.44801185478,14.048000000002503,178.0,36401.51243781095,37365.33069893801,22.047999999995227,178.0,35594.204975124376,35297.73079772783,22.55000000000291,178.0,44958.31243781094,44662.72740014015,11.75,178.0,47956.77611940299,48186.99728327982,17.19999999999709,178.0,47082.45970149254,46951.52347582341
10.351000000002387,179,36632.708457711444,36903.14225648213,12.148999999997613,179.0,36120.86766169154,38448.067274001405,11.150000000001455,179.0,35050.82587064677,35823.49170754496,15.349000000001979,179.0,29701.763184079602,31228.318617145527,15.849999999998545,179.0,28900.696517412936,31400.93996729736,13.549999999995634,179.0,29236.693333333333,31031.1871058164,13.799999999995634,179.0,36627.45472636816,37232.926886241534,12.898999999997613,179.0,38341.87377777778,41624.56248540061,,,,,13.548999999999069,179.0,45898.96915422886,46594.48950358113,16.49899999999616,179.0,45264.71641791045,45274.91034823413,15.349000000001979,179.0,38110.31243781094,37970.00345764386,14.14900000000489,179.0,36249.934328358206,37523.64336873302,22.148000000001048,179.0,36092.89552238806,35833.06100271672,22.601000000002387,179.0,45346.610945273635,45192.04671805653,11.849999999998545,179.0,47901.293532338306,48373.516423808345,17.349999999998545,179.0,47392.159203980096,46835.77108152301
10.400000000001455,180,36631.753233830845,36906.21817332399,12.248999999996158,180.0,36032.27064676617,38218.39383321654,11.502000000000407,180.0,34903.37114427861,35714.4293389395,15.449000000000524,180.0,29745.114427860695,31221.445456669004,15.955000000001746,180.0,29026.037810945272,31529.022191076852,13.651999999994587,180.0,29012.309333333335,30846.893716421397,13.855999999999767,180.0,36508.68855721393,37136.41111889746,12.949000000000524,180.0,38092.10311111111,41407.84302733006,,,,,13.60000000000582,180.0,46276.18706467662,46554.37293158805,16.599999999998545,180.0,45543.14825870647,45421.447270931094,15.398000000001048,180.0,38211.709452736315,39114.56655964436,14.249000000003434,180.0,35882.31641791045,37281.58854038034,22.247999999999593,180.0,33941.66766169154,34132.45739688812,22.650000000001455,180.0,45650.18109452736,45139.87572996963,11.950000000004366,180.0,48054.68656716418,48547.96739935787,17.750999999996566,180.0,46860.4815920398,46393.014716187805
10.44999999999709,181,36738.0855721393,36925.14832982948,12.299999999995634,181.0,35915.192039801,38148.46624620416,11.650000000001455,181.0,34817.95820895522,35667.68138285448,15.5,181.0,29541.603980099502,31132.763373043683,16.05800000000454,181.0,28818.579104477612,31294.02662929222,13.701999999997497,181.0,29200.31288888889,31039.394533987386,13.89999999999418,181.0,36583.96019900498,37188.48119598225,13.048999999999069,181.0,38071.864888888886,41514.18827376781,,,,,13.64900000000489,181.0,46267.89253731343,46873.8513213139,16.650000000001455,181.0,45331.45472636816,45293.35638429242,15.497999999999593,181.0,38075.797014925374,38838.08150160533,14.349000000001979,181.0,36386.244776119405,37289.44035564337,22.297999999995227,181.0,35331.80497512438,35225.25858236602,22.75,181.0,45845.14228855722,45311.92151366503,12.101999999998952,181.0,47929.39303482587,48122.76018770067,17.950999999993655,181.0,47404.067661691544,47026.9488437281
10.552000000003318,182,36734.59900497513,36918.45830413455,12.349999999998545,182.0,36013.10248756219,38147.82714319084,12.05000000000291,182.0,34762.28457711443,35709.480962391965,15.599000000001979,182.0,29971.964179104478,31372.266292922213,16.12600000000384,182.0,28757.030845771144,31319.101144592383,13.75,182.0,29273.130666666668,30760.525110955383,14.0,182.0,36607.26766169154,37536.530717122165,13.099999999998545,182.0,38080.54044444444,41451.9448726933,,,,,13.749000000003434,182.0,46177.95820895522,46712.46036058286,16.699000000000524,182.0,45181.19800995025,45260.649049147934,15.597999999998137,182.0,38275.757213930345,39232.32007903186,14.449000000000524,182.0,35912.151243781096,37260.97703136577,22.398000000001048,182.0,35372.52935323383,35122.19708570017,22.80000000000291,182.0,45927.96019900498,45416.753095071246,12.200000000004366,182.0,47767.705472636815,48168.709310940976,18.051999999996042,182.0,46896.748258706466,46370.62368605466
10.599999999998545,183,36571.653731343285,36884.71291754263,12.449000000000524,183.0,36011.12835820895,38073.02219107685,12.25,183.0,34564.1711442786,35189.12403644009,15.699000000000524,183.0,29630.105472636817,30997.284746554542,16.30000000000291,183.0,28872.756218905473,31350.43214202289,13.852999999995518,183.0,29164.572444444446,31072.384956785798,14.049999999995634,183.0,36588.99104477612,37100.47185237094,13.199000000000524,183.0,38161.408,41501.69773417426,,,,,13.798999999999069,183.0,45898.985074626864,46529.430476660906,16.79899999999907,183.0,45372.21094527363,45113.79995060509,15.650000000001455,183.0,38018.8815920398,38883.659175104964,14.497000000003027,183.0,36301.21393034826,37383.40528525562,22.497999999999593,183.0,35599.39502487562,35231.40726105211,22.849999999998545,183.0,45579.86069651741,45136.85961224013,12.300999999999476,183.0,48148.10746268657,48168.21536181773,18.19999999999709,183.0,47171.884577114426,46535.22821770614
10.652000000001863,184,36795.08059701492,37179.70941368839,12.498999999996158,184.0,35917.293532338306,38098.3284279374,12.400999999998021,184.0,34910.28059701493,35714.30600327026,15.798999999999069,184.0,29733.42885572139,31224.797944405513,16.402000000001863,184.0,28722.579104477612,31206.869423032003,14.099999999998545,184.0,29192.46222222222,31086.72179397337,14.099999999998545,184.0,36731.22388059701,37561.59402008876,13.248999999996158,184.0,38128.09955555556,41348.23078719925,,,,,13.89900000000489,184.0,46045.22985074627,46377.4324524574,16.898999999997613,184.0,45463.848756218904,45366.7927883428,15.749000000003434,184.0,38085.795024875624,39028.34675228452,14.698000000003958,184.0,36091.876616915426,37430.54383798469,22.597999999998137,184.0,35236.425870646766,35182.7947641393,22.900000000001455,184.0,45653.46069651741,45158.18547068442,12.400000000001455,184.0,47476.85572139303,47688.77648802174,18.299999999995634,184.0,46947.00895522388,46584.8465311843
10.69999999999709,185,36615.562189054726,36873.63513197851,12.548999999999069,185.0,35864.421890547266,38086.035972903526,12.50300000000425,185.0,34663.24378109453,35338.42747021724,15.849000000001979,185.0,29653.365174129354,30985.15300163513,16.45900000000256,185.0,28952.151243781096,31317.97243634665,14.300999999999476,185.0,28750.421333333332,30589.95935529082,14.14999999999418,185.0,36452.87164179105,37070.94230320019,13.299999999995634,185.0,38025.64266666667,41322.950712450365,,,,,13.951000000000931,185.0,45976.26268656716,46643.8172388244,16.99899999999616,185.0,45202.706467661694,45159.20375401334,15.849999999998545,185.0,38054.76616915423,39159.33020498889,14.798000000002503,185.0,36082.03781094527,37350.93504569029,22.648000000001048,185.0,35514.746268656716,35443.03877500617,22.94999999999709,185.0,45478.89353233831,44945.53608969867,12.501000000003842,185.0,47846.12935323383,48182.99827117807,18.35099999999511,185.0,47040.04776119403,46528.51202989955
10.80000000000291,186,36688.60497512438,36988.67741181967,12.598999999994703,186.0,36009.95024875622,38185.99392665265,12.55000000000291,186.0,34680.58109452736,35328.392431674845,15.949000000000524,186.0,29714.5631840796,31220.526045316514,16.552999999999884,186.0,28645.349253731343,31232.512029899557,14.39999999999418,186.0,29346.11911111111,31312.84466246204,14.25,186.0,35837.19800995025,36468.42139686989,13.349000000001979,186.0,38228.23822222222,41522.9488437281,,,,,13.999000000003434,186.0,46044.22686567164,46769.355396394174,17.04899999999907,186.0,45308.87960199005,45340.05235860706,15.896999999997206,186.0,37873.09850746269,38574.980489009635,14.897000000004482,186.0,36339.18407960199,37220.88021733762,22.74899999999616,186.0,35282.89751243781,35150.261299086196,23.050999999999476,186.0,45451.749253731345,45159.134781593086,12.599999999998545,186.0,47948.83184079602,47940.61941220054,18.44999999999709,186.0,47292.54527363184,46732.35225414623
10.849999999998545,187,36776.99502487562,37064.97734174258,12.69999999999709,187.0,35873.63980099503,38045.152067274,12.601000000002387,187.0,34716.14726368159,35456.14576033637,16.04899999999907,187.0,29560.93134328358,31001.788367203924,16.715000000003783,187.0,28936.246766169155,31304.442887175894,14.60099999999511,187.0,28810.382222222222,30586.483531885075,14.299999999995634,187.0,36676.712437810944,37148.935295491705,13.449000000000524,187.0,37974.869333333336,41173.52020555945,,,,,14.099000000001979,187.0,45794.94527363184,46520.693504569026,17.34900000000198,187.0,44975.64975124378,45030.67028896024,15.997999999999593,187.0,37798.62288557214,38772.86836255866,14.949000000000524,187.0,35683.00895522388,36978.64756730057,22.799999999995634,187.0,35576.612935323385,35252.006915287726,23.099999999998545,187.0,45206.86169154229,44844.2812427003,12.701000000000931,187.0,47927.45074626866,48430.771054581375,18.500999999996566,187.0,47601.703482587065,47108.16725064237
10.902000000001863,188,36686.519402985075,36913.11375846765,12.748999999996158,188.0,35782.28855721393,38051.82340574632,12.701000000000931,188.0,34525.16616915423,35322.64797944405,16.300999999999476,188.0,29586.97711442786,31113.743517869658,16.85399999999936,188.0,28863.96815920398,31276.752160710115,14.64999999999418,188.0,28992.924444444445,30805.916374678814,14.351999999998952,188.0,36061.15024875622,36803.82340574632,13.5,188.0,38219.491555555556,41404.91287082458,,,,,14.151000000005297,188.0,46282.96915422886,46801.019510990365,17.59900000000198,188.0,45218.84975124378,45358.73549024451,16.04899999999907,188.0,38312.565174129355,38980.394171400345,14.997999999999593,188.0,36287.44278606965,37494.53593479872,22.847999999998137,188.0,35485.022885572136,35199.0160533465,23.349999999998545,188.0,45449.568159203984,45047.95701938799,12.752000000000407,188.0,47422.63084577114,47687.28673746604,18.601999999998952,188.0,47174.19303482587,46851.60289651951
10.951000000000931,189,36503.880597014926,36839.57953749124,12.798999999999069,189.0,35827.39104477612,38053.841625788365,12.75,189.0,34683.71741293532,35404.04952113992,16.449000000000524,189.0,29494.27263681592,31096.43914973137,18.95900000000256,189.0,28412.33830845771,30756.854940434478,14.849999999998545,189.0,28879.317333333332,30776.37187572997,14.44999999999709,189.0,36380.60895522388,36952.30833917309,13.548999999999069,189.0,37954.673777777774,41141.03433777155,,,,,14.25,189.0,45938.81791044776,46755.418127932826,17.74899999999616,189.0,45353.48855721393,45081.42850086441,16.249000000003434,189.0,37806.18507462687,38624.296369473945,15.097000000001572,189.0,35907.58208955224,37295.3835514942,22.898999999997613,189.0,35289.45671641791,35106.284020745865,23.44999999999709,189.0,45555.10447761194,45266.67601027797,12.851999999998952,189.0,47903.45870646766,48128.31217584589,18.700999999993655,189.0,46960.3184079602,46489.94533987386
11.052000000003318,190,36640.87562189055,36929.09133380051,12.848999999994703,190.0,35897.63184079602,38067.51319785097,12.849999999998545,190.0,34584.67661691542,35285.38192011212,16.54899999999907,190.0,29381.508457711443,30762.62555477692,19.0570000000007,190.0,28527.299502487564,30988.165381920113,14.94999999999709,190.0,28947.228444444445,30784.27283345013,14.507999999994354,190.0,36176.6368159204,36875.17122167718,13.648999999997613,190.0,38014.890666666666,41402.66292922215,,,,,14.298999999999069,190.0,46233.01094527363,46819.540627315386,17.84900000000198,190.0,44728.883582089555,44742.496418868854,16.347999999998137,190.0,38122.714427860694,38999.74117065942,15.14900000000489,190.0,35780.839800995025,37257.5154359101,23.0,190.0,35405.99402985074,35004.411953568786,23.650000000001455,190.0,45180.19502487562,44981.02312543798,12.900000000001455,190.0,45283.295522388056,46214.73351444801,18.75,190.0,46573.22985074627,45916.26255547769
11.099999999998545,191,36675.15223880597,36770.08923148797,12.949000000000524,191.0,35900.56119402985,38156.6325624854,13.002000000000407,191.0,34522.41194029851,35222.77972436346,16.601000000002387,191.0,29508.951243781095,31046.75729969633,19.116000000001804,191.0,28165.110447761195,30426.44241999533,15.19999999999709,191.0,28653.169777777777,30517.729502452697,14.549999999995634,191.0,36364.704477611944,37036.81195982247,13.699000000000524,191.0,37836.10311111111,41131.01424900724,,,,,14.35000000000582,191.0,46016.58905472637,46624.695480365524,17.99899999999616,191.0,44944.429850746266,45149.73968881205,16.449000000000524,191.0,37940.807960199,38682.357125216105,15.197000000000116,191.0,36013.32537313433,37131.43986169425,23.398000000001048,191.0,35651.12039800995,35201.817732773525,23.80000000000291,191.0,45419.81293532338,44926.17238962859,13.050999999999476,191.0,47713.00298507463,47706.45591504075,18.800999999999476,191.0,47090.81791044776,46639.80939032936
11.152000000001863,192,36483.48656716418,36710.00607334735,12.998999999996158,192.0,36224.04776119403,38412.37841625788,13.05000000000291,192.0,34504.565174129355,35214.273300630695,16.699000000000524,192.0,29348.744278606966,30771.744919411354,19.179000000003725,192.0,28541.5960199005,30859.53001635132,15.351999999998952,192.0,28973.596444444443,30899.875729969634,14.599999999998545,192.0,36264.10348258707,36920.81663162813,13.75,192.0,37896.462222222224,41184.76617612707,,,,,14.449000000000524,192.0,46135.45074626866,46422.19214620894,18.09900000000198,192.0,44957.89850746268,45071.76685601383,16.54899999999907,192.0,37890.149253731346,38730.665349469,15.297000000005937,192.0,35893.333333333336,37269.40577920474,23.547999999995227,192.0,35159.259701492534,34878.76710298839,23.849999999998545,192.0,45639.339303482586,45229.226816164446,13.200000000004366,192.0,47534.50348258707,47730.876759693754,18.898999999997613,192.0,46900.76019900497,46410.29292221444
11.250999999996566,193,36677.77910447761,36950.07708479327,13.098999999994703,193.0,35942.32039800995,38073.20532585844,13.101999999998952,193.0,34499.00895522388,35242.56575566457,16.79899999999907,193.0,29689.82288557214,30988.04952113992,19.50100000000384,193.0,28672.68457711443,31081.530483531886,15.39999999999418,193.0,28705.009777777777,30368.156972669938,14.64999999999418,193.0,36266.18905472637,36845.006306937634,13.798999999999069,193.0,38048.61155555556,41317.5127306704,,,,,14.5,193.0,46425.154228855725,47056.758705853295,18.199000000000524,193.0,45005.930348258706,44649.87107927883,16.749000000003434,193.0,37816.03980099502,38627.007162262285,15.397000000004482,193.0,35546.714427860694,36919.8873795999,23.797999999995227,193.0,35474.27661691542,35193.04914793776,23.951999999997497,193.0,45416.26268656716,44818.20882971268,13.300999999999476,193.0,47652.33034825871,48019.10595208694,18.94999999999709,193.0,46925.58009950249,46391.78883438449
11.30000000000291,194,36461.42089552239,36743.00770847933,13.14999999999418,194.0,35752.08756218905,37976.79420696099,13.200000000004366,194.0,34452.792039800996,35143.25064237328,16.949000000000524,194.0,29280.57313432836,30790.989021256715,19.599999999998545,194.0,28270.248756218905,30806.271431908433,15.549999999995634,194.0,29106.03377777778,30996.626956318618,14.75,194.0,36168.199004975126,36655.177762205094,13.851000000002387,194.0,38114.87288888889,41277.14085494044,,,,,14.599000000001979,194.0,46036.72835820896,46823.6621387997,18.29899999999907,194.0,44885.572139303484,45061.20424796246,16.84900000000198,194.0,37893.572139303484,38756.066189182515,15.449000000000524,194.0,36028.3223880597,37058.77006668313,23.947999999996682,194.0,35448.72437810945,34942.41541121264,24.099999999998545,194.0,45166.86965174129,44812.91287082458,13.349999999998545,194.0,47598.694527363186,47731.24030624846,19.049999999995634,194.0,47113.74328358209,46605.98551740248
11.351999999998952,195,36564.76019900497,36745.59028264424,13.199000000000524,195.0,35822.16915422885,38020.7914038776,13.25,195.0,34419.85273631841,35099.83274935763,17.04899999999907,195.0,29405.627860696517,30953.657556645645,19.700000000004366,195.0,28229.58805970149,30592.085961224013,15.69999999999709,195.0,28791.893333333333,30676.406447091802,14.799999999995634,195.0,36134.17711442786,36742.095772015884,13.949000000000524,195.0,38017.22311111111,41275.0067741182,,,,,14.700000000004366,195.0,45970.706467661694,46271.61669548036,18.449000000000524,195.0,44715.797014925374,44847.05161768338,16.898000000001048,195.0,37815.705472636815,38615.01407755001,15.598000000005413,195.0,36047.41094527363,36947.83699678933,24.197999999996682,195.0,35087.88855721393,34877.324771548534,24.19999999999709,195.0,44648.4855721393,44580.00654052792,13.450000000004366,195.0,47494.28855721393,47468.76364534453,19.099999999998545,195.0,47093.31741293532,46385.98084559682
11.400000000001455,196,36581.795024875624,36791.179630927356,13.298999999999069,196.0,35689.09054726368,38040.69329595889,13.349999999998545,196.0,34468.935323383084,35152.198084559685,17.148999999997613,196.0,29277.866666666665,30773.662228451296,19.754000000000815,196.0,28299.526368159204,30812.654987152535,15.85099999999511,196.0,28661.802666666666,30281.395935529083,14.849999999998545,196.0,36238.26467661691,36974.9609904228,13.998999999996158,196.0,37990.10133333333,41284.118663863585,,,,,14.798999999999069,196.0,45513.64776119403,46309.48876265745,18.55000000000291,196.0,45004.68855721393,45195.81526302791,16.947999999996682,196.0,37704.071641791044,38669.0244504816,15.697000000000116,196.0,35862.09751243781,37295.28476166955,24.347999999998137,196.0,35455.156218905475,35268.62336379353,24.25,196.0,44978.69054726368,44594.86288250409,13.601999999998952,196.0,47300.075621890544,47640.63818226723,19.200999999993655,196.0,47054.91741293533,46607.372109320255
11.451000000000931,197,36501.49253731343,36690.67227283345,13.348999999994703,197.0,35795.62985074627,37947.65708946508,13.400000000001455,197.0,34302.121393034824,35148.12800747489,17.199000000000524,197.0,29076.18706467662,30680.267227283344,19.802000000003318,197.0,28137.058706467662,30538.78252744686,16.002000000000407,197.0,28577.735111111113,30177.19971969166,14.94999999999709,197.0,36173.30945273632,36746.71899088998,14.048999999999069,197.0,37877.60355555556,41249.75286148096,,,,,14.89900000000489,197.0,45670.59104477612,46346.26228698444,18.79899999999907,197.0,44773.651741293535,44918.22375895283,17.048000000002503,197.0,37913.36119402985,38754.9478883675,15.798000000002503,197.0,35385.568159203984,36691.935786613976,24.547999999995227,197.0,35278.567164179105,35001.69325759447,24.30000000000291,197.0,45347.47064676617,44773.157673440786,13.701000000000931,197.0,47474.977114427864,47856.237095579156,19.25,197.0,46740.28258706468,46417.28568091567
11.550999999999476,198,36368.25472636816,36710.87689792104,13.449000000000524,198.0,35683.53432835821,37951.62251810325,13.451999999997497,198.0,34395.71741293532,35040.85961224013,17.300999999999476,198.0,29383.609950248756,30666.147161878067,19.89900000000489,198.0,28206.805970149253,30745.093202522774,16.14999999999418,198.0,28657.08088888889,30370.70217238963,15.0,198.0,36201.982089552235,36892.531651483296,14.099999999998545,198.0,37947.96088888889,41084.505489371644,,,,,14.950000000004366,198.0,45939.56616915423,46508.76364534453,18.898999999997613,198.0,44768.92338308458,44711.02198073598,17.146999999997206,198.0,37767.387064676615,38555.02494443073,15.950000000004366,198.0,35599.570149253734,36840.58285996543,24.648999999997613,198.0,34793.32935323383,34703.46258335392,24.400000000001455,198.0,45401.82288557214,44939.12263489839,13.75,198.0,47443.661691542286,47822.85798962707,19.40099999999802,198.0,47021.08656716418,46392.26348983882
11.599999999998545,199,36629.87462686567,36801.367904695166,13.548999999999069,199.0,35788.6407960199,37891.64027096473,13.5,199.0,34341.66766169154,35123.38238729269,17.398999999997613,199.0,29344.27064676617,30893.21186638636,19.950000000004366,199.0,28150.670646766168,30484.27563653352,16.299999999995634,199.0,28485.70311111111,30339.94674141556,15.050999999999476,199.0,36249.85472636816,36802.52651249708,14.150000000001455,199.0,37323.97511111111,40492.61761270731,,,,,15.048999999999069,199.0,45590.70248756219,46345.77624104717,18.949000000000524,199.0,44766.31243781094,44776.20350703877,17.249000000003434,199.0,37847.27562189055,38860.54235613732,15.997999999999593,199.0,35632.71641791045,36974.308718202024,24.747999999999593,199.0,35619.48656716418,35312.825882934056,24.44999999999709,199.0,45006.18507462687,44873.26886241532,13.802000000003318,199.0,47022.96517412936,47466.45986663373,19.44999999999709,199.0,46906.396019900494,46285.454800280306
11.650000000001455,200,36467.05671641791,36630.589114692826,13.599999999998545,200.0,35633.066666666666,37913.32492408316,13.550999999999476,200.0,34496.54129353234,35195.776687689795,17.54899999999907,200.0,29366.57512437811,30750.519971969166,20.00100000000384,200.0,28195.900497512437,30598.148096239198,16.5,200.0,28575.715555555555,30257.547302032235,15.849999999998545,200.0,35888.76417910448,36446.45269796776,14.199000000000524,200.0,38104.03555555556,41316.26068675543,,,,,15.099000000001979,200.0,45824.17512437811,46192.91676957274,19.05000000000291,200.0,44619.924378109456,44661.49666584342,17.347999999998137,200.0,38092.0039800995,39014.646579402324,16.09700000000157,200.0,35604.04378109453,36920.760681649794,24.898000000001048,200.0,35224.692537313436,34967.72141269449,24.5,200.0,45136.66865671642,44757.9985984583,13.902000000001863,200.0,47351.68955223881,47804.206470733516,19.500999999996566,200.0,46921.58407960199,46418.25367904695
11.69999999999709,201,36634.41194029851,36603.08526045317,13.648999999997613,201.0,35647.09253731343,37866.19574865686,13.652000000001863,201.0,34338.77014925373,35089.857509927584,17.648999999997613,201.0,29401.93432835821,30606.168652184067,20.101000000002387,201.0,28356.202985074626,30701.73137117496,16.599999999998545,201.0,28622.392888888888,30319.544031768277,15.902999999998428,201.0,35871.39502487562,36466.37327727167,14.349000000001979,201.0,37696.34133333333,40946.37327727167,,,,,15.14900000000489,201.0,46050.64278606965,46270.15855766856,19.101000000002387,201.0,44826.985074626864,45117.55396394171,17.447999999996682,201.0,37520.891542288555,38308.125463077304,16.247000000003027,201.0,35603.69353233831,36939.265991602864,24.947999999996682,201.0,35119.14029850746,34694.47270931094,24.599999999998545,201.0,45194.60298507463,45064.89511796309,13.950000000004366,201.0,47011.31144278607,47510.82440108669,19.64999999999418,201.0,46902.16119402985,46477.578135949545
11.80000000000291,202,36512.09552238806,36884.89605232422,13.699000000000524,202.0,35688.660696517414,37955.96169119365,13.700000000004366,202.0,34404.123383084574,35131.425367904696,17.849999999998545,202.0,29086.455721393035,30373.2436346648,20.200000000004366,202.0,28235.988059701493,30713.993926652653,16.700999999993655,202.0,28361.67111111111,30025.541695865453,16.010999999998603,202.0,35672.81990049751,36308.4064470918,14.451000000000931,202.0,37343.71555555556,40663.168418593785,,,,,15.249000000003434,202.0,45841.209950248754,46383.32427759941,19.199000000000524,202.0,44514.244776119405,44378.866880711284,17.54899999999907,202.0,37569.528358208954,38400.22128920721,16.397000000004482,202.0,35623.45074626866,36972.07606816498,25.04899999999907,202.0,35059.16815920398,34924.340824895036,24.65099999999802,202.0,44935.211940298504,44664.6783461808,14.05000000000291,202.0,46858.04577114428,47297.691281797976,19.700999999993655,202.0,46807.068656716416,46248.23732772717
11.851000000002387,203,36506.841791044775,36807.52721326793,13.748999999996158,203.0,35648.66865671642,37732.215837421165,13.75,203.0,34658.197014925376,35348.07007708479,17.949000000000524,203.0,29373.9144278607,30729.025928521372,20.25,203.0,28201.281592039802,30638.019154403177,16.800999999999476,203.0,28391.665777777776,30104.854006073347,16.351999999998952,203.0,35660.386069651744,36272.14202289185,14.549999999995634,203.0,37649.29422222222,40631.45246437748,,,,,15.298999999999069,203.0,45798.44776119403,46353.620153124226,19.34900000000198,203.0,44576.60497512438,44753.69523339096,17.59700000000157,203.0,37352.10348258707,38159.73524326994,16.497999999999593,203.0,35402.10945273632,36742.05779204742,25.148999999997613,203.0,34972.99104477612,34678.39762904421,24.69999999999709,203.0,44919.41890547264,44667.978509693996,14.101999999998952,203.0,46895.53830845771,47303.28673746604,19.800999999999476,203.0,46599.976119402985,46107.39920579304
11.900000000001455,204,36448.0,36602.03877598692,13.848999999994703,204.0,35484.60895522388,37753.242700303665,13.80000000000291,204.0,34349.69154228856,34900.35038542397,18.04899999999907,204.0,29234.92935323383,30746.973137117497,20.30000000000291,204.0,28096.01592039801,30499.434711516,16.85099999999511,204.0,28087.04,29554.683485167017,16.599999999998545,204.0,35801.39303482587,36406.192945573464,14.648999999997613,204.0,37567.232,40865.52861480963,,,,,15.349000000001979,204.0,45542.27263681592,46441.938256359594,19.55000000000291,204.0,44667.924378109456,44632.77253642875,17.697000000000116,204.0,37602.4039800995,38491.23042726599,16.75100000000384,204.0,35334.14527363184,36640.703383551496,25.24899999999616,204.0,34822.5592039801,34619.94171400346,24.80000000000291,204.0,45396.37810945274,44957.850969399675,14.201000000000931,204.0,47283.86865671642,47675.9021980736,19.85099999999511,204.0,46918.38407960199,46326.738612473724
11.951000000000931,205,36263.76915422885,36649.736042980614,13.949000000000524,205.0,35680.71641791045,37769.736042980614,13.900000000001455,205.0,34352.09552238806,34973.297827610375,18.101000000002387,205.0,29842.738308457712,31122.156505489373,20.403000000005704,205.0,28020.712437810944,30331.17869656622,16.90099999999802,205.0,28483.825777777776,29992.09530483532,16.73399999999674,205.0,36151.32338308458,36788.26068675543,14.699000000000524,205.0,37835.818666666666,40916.33169820136,,,,,15.39900000000489,205.0,45775.793034825874,46187.139540627315,19.59900000000198,205.0,44618.2368159204,44358.0064213386,17.747999999999593,205.0,37882.985074626864,38573.67646332428,16.897000000004482,205.0,35515.30348258706,36397.24573968881,25.297999999995227,205.0,34878.423880597016,34463.023956532474,24.902000000001863,205.0,45399.46666666667,45206.08455968232,14.25,205.0,47254.5592039801,47500.64114596196,19.94999999999709,205.0,46779.49452736318,46189.74258350852
12.052000000003318,206,36661.34925373134,36735.977575332865,14.0,206.0,35917.341293532336,38204.25881803317,13.951000000000931,206.0,34489.74328358209,35040.45596823172,18.20100000000093,206.0,29412.123383084578,30958.777855641205,20.45100000000093,206.0,28116.887562189055,30474.16584910068,17.0,206.0,28084.124444444446,29783.340341041814,16.862999999997555,206.0,35484.37014925373,36094.34431207662,14.800999999999476,206.0,37618.659555555554,40699.44779257183,,,,,15.450000000004366,206.0,46020.68059701493,46476.064213386024,19.699000000000524,206.0,44473.83880597015,44632.61052111632,17.84700000000157,206.0,37847.81691542289,38643.99110891578,17.04899999999907,206.0,35047.76915422885,36232.140281551,25.347999999998137,206.0,35079.96019900498,34956.63324277599,25.0,206.0,45198.75820895522,45222.42466713385,14.349999999998545,206.0,46871.020895522386,47366.47666090393,20.0,206.0,46879.53830845771,46288.28778322822
12.150999999998021,207,36647.482587064675,36805.333333333336,14.098999999994703,207.0,35719.37114427861,37606.159308572765,14.050999999999476,207.0,34309.49253731343,34985.235225414624,18.249000000003434,207.0,29095.06865671642,30446.52370941369,20.55000000000291,207.0,28268.33830845771,30715.141322121,17.049999999995634,207.0,28431.72977777778,30038.26769446391,16.955999999998312,207.0,35519.63383084577,36175.24129876197,14.849000000001979,207.0,37521.621333333336,40752.28030833917,,,,,15.548999999999069,207.0,45885.77114427861,45906.88861447271,19.79899999999907,207.0,44668.92736318408,44943.438873795996,17.898000000001048,207.0,37850.746268656716,38568.85156828847,17.150000000001455,207.0,35318.27263681592,35882.677204247964,25.447999999996682,207.0,35241.95024875622,34953.554951839964,25.05000000000291,207.0,44796.57711442786,44591.86918944172,14.450000000004366,207.0,47070.31243781094,47330.83724376389,20.049999999995634,207.0,47042.64278606965,46492.2476056996
12.19999999999709,208,36410.14129353234,36661.3109086662,14.14999999999418,208.0,35508.712437810944,37676.303667367436,14.099999999998545,208.0,34166.017910447765,35008.32515767344,18.398999999997613,208.0,29181.516417910447,30659.943003971035,20.599999999998545,208.0,28019.50248756219,30456.50642373277,17.14999999999418,208.0,28524.34488888889,30289.09880868956,17.307999999997264,208.0,35287.434825870645,35961.82947909367,14.898999999997613,208.0,37663.31733333333,40918.985283812195,,,,,15.64900000000489,208.0,45955.10447761194,46623.56137317856,19.900000000001455,208.0,44485.842786069654,44485.710051864655,17.997999999999593,208.0,37390.13731343284,38275.37070881699,17.198000000003958,208.0,35334.20895522388,36468.121511484314,25.547999999995227,208.0,34901.98606965174,34539.90614966658,25.150000000001455,208.0,44727.37114427861,44400.69142723663,14.55000000000291,208.0,46983.78507462687,47119.782662385776,20.14999999999418,208.0,46051.64577114428,45605.56505489372
12.30000000000291,209,36443.46268656717,36568.90259285214,14.248999999996158,209.0,35755.08059701492,37534.33683718757,14.150999999998021,209.0,34299.36716417911,34870.67507591684,18.499000000003434,209.0,29227.574129353234,30598.52184069143,20.700000000004366,209.0,27893.094527363184,30411.810324690494,17.19999999999709,209.0,28442.12622222222,30358.903060032702,17.464999999996508,209.0,35280.159203980096,35967.697266993695,14.998999999996158,209.0,37427.214222222225,40671.63373043681,,,,,15.699000000000524,209.0,45869.54825870647,46279.369720918745,20.09900000000198,209.0,44196.58507462686,44427.017041244755,18.04899999999907,209.0,37383.72139303482,38186.811558409485,17.297000000005937,209.0,35519.379104477615,36921.39293652754,25.648000000001048,209.0,35077.63582089552,34650.10422326501,25.201999999997497,209.0,45169.51243781095,44640.52697967765,14.650000000001455,209.0,47080.86766169154,47567.39145468017,20.24899999999616,209.0,46519.0368159204,46005.24737210932
12.349999999998545,210,36446.26467661691,36748.03457136183,14.298999999999069,210.0,35618.340298507464,37826.694697500585,14.251000000003842,210.0,34365.978109452735,35057.139920579306,18.54899999999907,210.0,29145.29751243781,30400.37374445223,20.770000000004075,210.0,28348.08358208955,30702.374211632796,17.25,210.0,28516.067555555557,30102.054660126138,17.70100000000093,210.0,35364.569154228855,35787.88507358094,15.099000000001979,210.0,37773.12711111111,40882.519037608035,,,,,15.749000000003434,210.0,45437.50049751244,45931.63348975056,20.24899999999616,210.0,44426.96915422886,44355.607804396146,18.146999999997206,210.0,37442.03781094527,38389.69424549271,17.397000000004482,210.0,35767.14825870647,36908.04840701408,25.697999999996682,210.0,34940.25870646766,34759.82020251914,25.25,210.0,45017.42487562189,44765.3202522775,14.75,210.0,46674.59502487562,47055.92887132625,20.300999999999476,210.0,46884.21890547263,46242.67601027797
12.402000000001863,211,36469.14228855722,36742.51062835786,14.348999999994703,211.0,35601.018905472636,37791.83928988554,14.351000000002387,211.0,34249.02686567164,34950.71618780659,18.648999999997613,211.0,29153.735323383084,30756.410184536322,21.400000000001455,211.0,28007.976119402985,30260.86989021257,17.299999999995634,211.0,28630.784,30220.684886708714,17.901999999994587,211.0,35478.57512437811,36329.60896986685,15.248999999996158,211.0,37658.922666666665,40634.08362532119,,,,,15.798999999999069,211.0,45719.62587064676,46422.52803161275,20.29899999999907,211.0,44374.7184079602,44647.108915781675,18.197999999996682,211.0,37519.88855721393,38377.882934057794,17.497000000003027,211.0,35150.94925373134,36628.73005680415,25.797999999995227,211.0,34776.692537313436,34655.28871326253,25.349999999998545,211.0,44866.00597014926,44348.43821537024,14.800999999999476,211.0,47155.27960199005,47553.884909854285,20.398999999997613,211.0,46664.53333333333,46144.99416024293
12.502000000000407,212,36394.794029850746,36643.30390095772,14.451000000000931,212.0,35507.613930348256,37618.57509927587,14.451000000000931,212.0,34190.13731343284,35049.66129409017,18.749000000003434,212.0,28998.20895522388,30480.77738846064,21.450000000004366,212.0,27122.897512437812,29686.71992525111,17.44999999999709,212.0,28329.742222222223,30156.931558047185,17.94999999999709,212.0,35549.50049751244,36172.25881803317,15.349000000001979,212.0,37458.13333333333,40670.860079420694,,,,,15.89900000000489,212.0,45500.49751243781,46326.95875524821,20.398999999997613,212.0,44453.22189054726,44537.61422573475,18.34900000000198,212.0,37827.3592039801,38663.14052852556,17.55000000000291,212.0,35229.21393034826,36384.557174611014,25.898000000001048,212.0,35277.03880597015,34828.87033835515,25.44999999999709,212.0,44841.39303482587,44585.67250642373,14.901000000005297,212.0,46677.651741293535,47081.27043714497,20.49899999999616,212.0,46561.751243781095,45873.50992758701
12.55000000000291,213,36298.77810945274,36582.58537724831,14.498999999996158,213.0,35559.76915422885,37629.39873861247,14.550999999999476,213.0,34077.40497512438,34902.44709180098,18.84900000000198,213.0,28963.82089552239,30482.780658724598,21.54899999999907,213.0,28013.13432835821,30340.081289418362,17.500999999996566,213.0,28322.432,30275.44592384957,18.049999999995634,213.0,35199.522388059704,35841.31931791637,15.400000000001455,213.0,37579.477333333336,40755.49824807288,,,,,16.04899999999907,213.0,45693.2776119403,46293.22400592739,20.449000000000524,213.0,44419.8368159204,44517.15682884663,18.396999999997206,213.0,37629.26169154229,38455.28278587305,17.64900000000489,213.0,35102.82189054726,36576.960237095576,25.997999999999593,213.0,34552.979104477614,34208.55322301803,25.55000000000291,213.0,44878.26467661691,44513.5585143658,14.950000000004366,213.0,46806.41592039801,47125.14102247469,20.598999999994703,213.0,46682.14129353234,46145.805185704274
12.599999999998545,214,36273.40099502487,36589.305302499415,14.598999999994703,214.0,35537.78308457712,37608.82784396169,14.652000000001863,214.0,34081.799004975124,34703.783228217704,18.900000000001455,214.0,29095.721393034826,30514.19014249007,21.609000000004016,214.0,27931.255721393034,30295.392665265124,17.599999999998545,214.0,28254.065777777778,30105.885540761505,18.14999999999418,214.0,34766.90149253731,35480.46904928755,15.498999999996158,214.0,37159.552,40271.40200887643,,,,,16.150000000001455,214.0,45716.99900497512,46018.31958508274,20.49899999999616,214.0,44604.43383084577,44802.01531242282,18.497000000003027,214.0,37479.45074626866,38368.7310447024,17.747000000003027,214.0,34964.887562189055,36274.50926154606,26.049999999995634,214.0,35457.35323383084,35149.97283279822,25.650000000001455,214.0,44932.792039800996,44484.58210698435,15.05000000000291,214.0,46830.296517412935,47037.324771548534,20.64999999999418,214.0,46301.850746268654,45934.74048119598
12.650000000001455,215,36487.18009950249,36607.555244101844,14.648999999997613,215.0,35596.54527363184,37670.98902125672,14.700000000004366,215.0,33961.26567164179,34766.404111188975,19.0,215.0,28995.741293532337,30406.398505022193,21.700000000004366,215.0,28012.97512437811,30572.595188040177,17.64999999999418,215.0,28461.539555555555,30242.02195748657,18.25,215.0,35130.204975124376,35788.73721093203,15.548999999999069,215.0,37035.63377777778,40039.06750759168,,,,,16.199000000000524,215.0,45431.211940298504,46218.5823660163,20.550999999999476,215.0,44509.45273631841,44680.27068411953,18.548000000002503,215.0,37549.978109452735,38489.9935786614,17.947000000000116,215.0,35055.41094527363,36526.320572980985,26.097999999998137,215.0,34853.46069651741,34744.83971350951,25.750999999996566,215.0,44581.73134328358,44675.45713618313,15.101000000002387,215.0,46774.81393034826,46826.210916275624,20.79899999999907,215.0,46473.2815920398,45802.16211165616
12.752000000000407,216,36246.28855721393,36469.57626722728,14.69999999999709,216.0,35432.390049751244,37648.36626956319,14.80000000000291,216.0,33985.607960199006,34632.50268628825,19.148999999997613,216.0,29043.91641791045,30556.027096472786,21.75,216.0,28180.457711442785,30505.986451763605,17.75,216.0,28494.52088888889,30379.978509693996,18.300999999999476,216.0,35257.32935323383,35760.497080121466,15.599000000001979,216.0,37958.96888888889,41186.24994160243,,,,,16.29899999999907,216.0,45500.22686567164,46259.49320819956,20.650000000001455,216.0,44700.019900497515,44897.98765127192,18.597999999998137,216.0,37456.07960199005,38165.07384539393,17.997000000003027,216.0,35010.4039800995,36285.8384786367,26.197999999996682,216.0,34939.89253731343,34661.267473450236,25.80000000000291,216.0,44852.77611940299,44311.54216304602,15.201000000000931,216.0,46454.20895522388,46660.03457643863,21.050999999999476,216.0,46375.73731343284,45902.19855174025
12.80000000000291,217,36269.08656716418,36527.38332165382,14.799999999995634,217.0,35471.840796019904,37522.85167017052,14.853000000002794,217.0,34037.58805970149,34769.9434711516,19.199000000000524,217.0,29115.701492537315,30603.28334501285,21.79899999999907,217.0,27789.723383084576,30103.231955150666,17.799999999995634,217.0,28424.27733333333,30180.19341275403,18.349999999998545,217.0,35268.82388059702,35971.64774585377,15.699000000000524,217.0,37389.92355555556,40670.93109086662,,,,,16.34900000000198,217.0,45691.526368159204,46181.30303778711,20.699000000000524,217.0,44357.747263681595,44403.09014571499,18.747999999999593,217.0,38014.85373134328,38695.59101012596,18.098000000005413,217.0,35273.05870646766,36488.63423067424,26.297999999995227,217.0,34819.661691542286,34619.25808841689,25.900000000001455,217.0,44522.90547263682,44206.534921747254,15.25,217.0,46806.03383084577,47097.05309953075,21.14999999999418,217.0,46411.22388059701,45824.06353655688
12.849999999998545,218,36202.09353233831,36444.2139686989,14.848999999994703,218.0,35547.526368159204,37724.41205325859,14.900000000001455,218.0,33948.3223880597,34770.967530950715,19.249000000003434,218.0,28799.69751243781,30193.861247372108,21.89900000000489,218.0,28111.044776119405,30382.81896753095,17.89999999999418,218.0,28265.443555555554,30047.996262555476,18.44999999999709,218.0,35311.3631840796,36001.6257883672,15.748999999996158,218.0,37220.29511111111,40402.6647979444,,,,,16.39900000000489,218.0,45544.32636815921,46117.00271672018,20.79899999999907,218.0,44237.22985074627,44414.980489009635,18.847999999998137,218.0,37503.02885572139,38403.659175104964,18.147000000004482,218.0,35246.86965174129,36503.843912077056,26.34900000000198,218.0,34504.4855721393,33683.44578908372,26.099999999998545,218.0,45183.64975124378,44591.41695865452,15.349999999998545,218.0,46870.38407960199,47339.04470239565,21.39999999999418,218.0,46415.29950248756,45903.11422564821
12.94999999999709,219,36216.89950248756,36468.79514132212,14.94999999999709,219.0,35456.12736318408,37527.6056996029,15.0,219.0,34077.19800995025,34690.68722261154,19.34900000000198,219.0,29071.172139303482,30505.30997430507,21.999000000003434,219.0,27840.700497512436,30258.261153935997,17.94999999999709,219.0,28262.798222222224,30174.471385190376,18.549999999995634,219.0,35035.71741293532,35686.6003270264,15.798999999999069,219.0,37482.894222222225,40421.46788133614,,,,,16.449000000000524,219.0,45489.2736318408,46049.86120029637,20.84900000000198,219.0,44355.26368159204,44262.93899728328,18.898000000001048,219.0,37653.63582089552,38464.90096320079,18.249000000003434,219.0,35094.03383084577,36447.229439367744,26.449000000000524,219.0,34915.34328358209,34494.76710298839,26.201999999997497,219.0,44277.26965174129,44265.67998131278,15.450000000004366,219.0,46102.25671641791,46459.534699925905,21.49899999999616,219.0,46735.63383084577,46222.41906096706
13.0,220,36168.99502487562,36384.55687923382,15.048999999999069,220.0,35353.50447761194,37594.67414155571,15.099999999998545,220.0,34066.0855721393,34882.335902826446,19.45100000000093,220.0,28970.45970149254,30573.31277738846,22.05000000000291,220.0,27886.471641791046,30413.0511562719,18.099999999998545,220.0,28358.784,30075.73931324457,18.64999999999418,220.0,35179.23980099503,35885.03620649381,15.849000000001979,220.0,37534.80533333333,40700.355991590746,,,,,16.54899999999907,220.0,45587.613930348256,46222.16250926154,20.898999999997613,220.0,44353.878606965176,44588.02074586318,18.997000000003027,220.0,37572.425870646766,38349.60928624352,18.34700000000157,220.0,35199.41094527363,36710.0340824895,26.497999999999593,220.0,34646.57512437811,34518.26327488269,26.25,220.0,44617.01094527363,44341.9985984583,15.502000000000407,220.0,46900.99900497512,47267.12175845888,21.598999999994703,220.0,46197.014925373136,45811.565522074285
13.052000000003318,221,36079.426865671645,36416.90819901892,15.099999999998545,221.0,35414.27263681592,37348.391497313714,15.150999999998021,221.0,33950.94925373134,34763.20112123336,19.499000000003434,221.0,29435.430845771145,30929.40901658491,22.099999999998545,221.0,27557.69950248756,29945.369773417427,18.14999999999418,221.0,28717.909333333333,30479.289885540762,18.799999999995634,221.0,35185.846766169154,35779.46087362766,15.898999999997613,221.0,37287.70844444444,40469.30717122168,,,,,16.59900000000198,221.0,45484.97512437811,46096.67572240059,21.04899999999907,221.0,44404.90348258706,44443.736231168186,19.097999999998137,221.0,37314.977114427864,38165.27537663621,18.449000000000524,221.0,34961.09850746269,36387.64336873302,26.597999999998137,221.0,35066.8736318408,34691.12175845888,26.300999999999476,221.0,45392.66865671642,45170.08175659893,15.601999999998952,221.0,46376.67661691542,46735.09903679921,21.699000000000524,221.0,46524.44975124378,46057.508058864754
13.152000000001863,222,36166.49552238806,36449.21093202523,15.199000000000524,222.0,35584.73233830846,37756.37094136884,15.200000000004366,222.0,34044.08358208955,34743.15720626022,19.59900000000198,222.0,29132.75223880597,30467.554309740714,22.154999999998836,222.0,27933.38905472637,30192.168185003506,18.25,222.0,28311.86488888889,29861.512730670405,18.951999999997497,222.0,35105.49651741293,35819.088997897685,15.998999999996158,222.0,37440.21333333333,40590.32188740948,,,,,16.650000000001455,222.0,45605.54029850746,46124.328970116076,21.09900000000198,222.0,44076.25870646766,44446.59323289701,19.148999999997613,222.0,37463.73731343284,38136.46826376883,18.497999999999593,222.0,35141.699502487565,36429.249691281795,26.650000000001455,222.0,34742.00199004975,34516.64707335144,26.349999999998545,222.0,44531.59800995025,44118.26769446391,15.701000000000931,222.0,46744.86766169154,47119.454680167946,21.85099999999511,222.0,46462.05771144279,45954.896519504786
13.19999999999709,223,36215.27562189055,36485.79303900958,15.298999999999069,223.0,35396.36218905473,37412.09623919645,15.30000000000291,223.0,34011.09651741294,34700.08689558514,19.65099999999802,223.0,28823.625870646767,30235.48142957253,22.25,223.0,27970.435820895524,30388.836253211866,18.299999999995634,223.0,28369.834666666666,29839.588881102547,19.0,223.0,34942.59900497513,35596.785797710814,16.04899999999907,223.0,37421.681777777776,40464.36253211866,,,,,16.749000000003434,223.0,45512.612935323385,46086.630773030374,21.24899999999616,223.0,44092.0039800995,44446.522104223266,19.249000000003434,223.0,37235.45472636816,38175.21758458879,18.648000000001048,223.0,35592.18308457711,36810.2464806125,26.797999999995227,223.0,34903.211940298504,34639.52185724871,26.44999999999709,223.0,44556.94328358209,44170.89838822705,15.75,223.0,46074.33233830846,46477.51839960484,21.898999999997613,223.0,46286.423880597016,45995.088997897685
13.252000000000407,224,36252.067661691544,36339.12076617613,15.348999999994703,224.0,35527.59402985075,37678.47138519037,15.351000000002387,224.0,34037.4447761194,34667.2422331231,19.75100000000384,224.0,29052.306467661692,30518.125671572063,22.302999999999884,224.0,27928.294527363185,30384.975473020324,18.39999999999418,224.0,28368.241777777777,30071.280541929456,19.049999999995634,224.0,35203.12039800995,35995.53001635132,16.09900000000198,224.0,37145.92711111111,40398.228451296425,,,,,16.79899999999907,224.0,45187.24776119403,45739.68881205236,21.29899999999907,224.0,44157.05472636816,44391.19585082737,19.347999999998137,224.0,37349.603980099506,38255.00024697456,18.697000000000116,224.0,35059.709452736315,36252.30526055816,26.898000000001048,224.0,34917.46069651741,34555.933810817485,26.500999999996566,224.0,45048.67661691542,44428.408315814064,15.849999999998545,224.0,46372.82388059702,46806.34625833539,22.0,224.0,46407.78507462687,45865.078252744686
13.30000000000291,225,36219.27164179104,36408.49147395468,15.548999999999069,225.0,35333.062686567166,37399.90095772016,15.400000000001455,225.0,34023.068656716416,34724.10745153001,19.79899999999907,225.0,28809.58407960199,30237.693996729737,22.34900000000198,225.0,27831.339303482586,30127.147862648915,18.5,225.0,28051.456,29947.38425601495,19.151999999994587,225.0,34940.4815920398,35763.86825508059,16.199000000000524,225.0,37282.84444444445,40568.3270263957,,,,,16.89900000000489,225.0,45382.12935323383,45927.86762163497,21.398999999997613,225.0,44134.2407960199,44225.40281551,19.54699999999866,225.0,37320.199004975126,38029.92541368239,18.797000000005937,225.0,34834.57910447761,36138.147690787846,26.997999999999593,225.0,136.8995024875622,94.32057298098296,26.599999999998545,225.0,44469.85870646766,44098.41065171689,15.900000000001455,225.0,46863.90447761194,47104.72709310941,22.099999999998545,225.0,45892.21890547263,45566.17238962859
13.400000000001455,226,36169.90248756219,36367.92898855408,15.598999999994703,226.0,35422.439800995024,37463.93833216538,15.5,226.0,33931.41492537314,34609.50245269797,19.898999999997613,226.0,29117.261691542288,30405.31464611072,22.45400000000518,226.0,27977.42487562189,30294.245269796775,18.549999999995634,226.0,28151.04,29805.48469983649,19.19999999999709,226.0,34836.26666666667,35589.68839056295,16.24899999999616,226.0,37144.93155555556,40328.96612940902,,,,,16.950000000004366,226.0,45323.23980099503,45717.96690540874,21.59900000000198,226.0,44036.983084577114,43889.18152630279,19.697999999996682,226.0,37158.798009950246,37991.93479871573,18.84700000000157,226.0,34802.069651741294,36188.26969622129,27.197999999996682,226.0,128.30248756218904,97.10644603605829,26.69999999999709,226.0,44517.556218905476,44529.7752861481,15.950000000004366,226.0,46713.71144278607,47048.3102000494,22.14999999999418,226.0,46163.37512437811,45740.20275636533
13.502000000000407,227,36423.8328358209,36791.493576267225,15.69999999999709,227.0,35391.63383084577,37424.41111889746,15.550999999999476,227.0,33885.19800995025,34644.63443120766,19.949000000000524,227.0,28766.009950248757,30212.555944872693,22.550999999999476,227.0,27739.828855721393,30166.51062835786,18.64999999999418,227.0,28090.695111111112,29893.69960289652,19.299999999995634,227.0,34686.26467661691,35384.3943003971,16.349999999998545,227.0,37302.82666666667,40432.848399906565,,,,,16.999000000003434,227.0,45280.23880597015,46009.262533959,21.65099999999802,227.0,43863.73731343284,44203.605828599655,19.79699999999866,227.0,36951.387064676615,37794.05877994566,18.947000000000116,227.0,34923.5104477612,36256.33983699679,,,,,26.75,227.0,44606.96517412936,44247.54963793506,16.05000000000291,227.0,46637.070646766166,47123.10990367992,22.19999999999709,227.0,46295.1960199005,45865.88927820603
13.55000000000291,228,36198.798009950246,36301.73137117496,15.748999999996158,228.0,35278.153233830846,37442.58257416492,15.652000000001863,228.0,33962.937313432834,34608.627890679745,19.999000000003434,228.0,29023.076616915423,30527.07685120299,22.599999999998545,228.0,27955.02487562189,30250.061200654054,18.69999999999709,228.0,28145.877333333334,29841.40901658491,19.40299999999843,228.0,34974.00995024876,35660.60640037374,16.398999999997613,228.0,37201.109333333334,40304.011212333564,,,,,17.10000000000582,228.0,45002.63482587065,45538.40256853544,21.699000000000524,228.0,44064.04776119403,44369.228945418625,19.898000000001048,228.0,37831.339303482586,38366.26525067918,18.997000000003027,228.0,34774.17711442786,36074.56655964436,,,,,26.849999999998545,228.0,44576.46169154229,44390.3499182434,16.101000000002387,228.0,46873.77512437811,46879.92887132625,22.299999999995634,228.0,46037.556218905476,45436.22518103247
13.601999999998952,229,36121.07462686567,36447.33847231955,15.799999999995634,229.0,35296.3184079602,37303.564587713154,15.700000000004366,229.0,33896.469651741296,34642.044382153705,20.04899999999907,229.0,28981.349253731343,30378.730203223546,22.652000000001863,229.0,27676.624875621892,30107.645877131512,18.799999999995634,229.0,28187.989333333335,29632.986685353888,19.44999999999709,229.0,35429.07860696517,36108.797010044385,16.500999999996566,229.0,37006.09422222222,39946.91707544966,,,,,17.200000000004366,229.0,45410.26069651741,45883.04075080267,21.79899999999907,229.0,44436.425870646766,44730.799703630524,19.997000000003027,229.0,36808.32636815921,37487.85774265251,19.047000000005937,229.0,34872.77213930348,36275.34304766609,,,,,26.951999999997497,229.0,139.27164179104477,93.56318617145527,16.20100000000093,229.0,46396.08358208955,46802.09434428254,22.398999999997613,229.0,46432.11144278607,45876.619481429574
13.650000000001455,230,35948.242786069655,36278.34618079888,15.848999999994703,230.0,35304.469651741296,37335.30296659659,15.80000000000291,230.0,33837.5960199005,34609.2408315814,20.09900000000198,230.0,28701.309452736317,30196.86241532352,22.749000000003434,230.0,27914.953233830845,30327.478626489137,18.89999999999418,230.0,28117.987555555555,30023.36650315347,19.550999999999476,230.0,35008.891542288555,35730.90025694931,16.54899999999907,230.0,37431.594666666664,40781.96683017987,,,,,17.249000000003434,230.0,45404.56119402985,45724.09187453692,21.84900000000198,230.0,43782.28855721393,43930.32156087923,20.09700000000157,230.0,37185.00298507463,38147.87651271919,19.09700000000157,230.0,34897.19402985075,35999.27685848358,,,,,27.0,230.0,138.31641791044777,95.82060266292922,16.25,230.0,46520.53333333333,47105.019510990365,22.449000000000524,230.0,46093.42089552239,45494.05839757066
13.75,231,36214.46368159204,36409.86685353889,15.94999999999709,231.0,35185.54427860696,37301.31838355524,15.849999999998545,231.0,33765.61990049751,34421.47535622518,20.249000000003434,231.0,28869.524378109454,30147.087129175427,22.84900000000198,231.0,27765.731343283584,30210.533987386123,18.94999999999709,231.0,27963.320888888888,29774.75543097407,19.651999999994587,231.0,34700.67263681592,35232.99416024293,16.648999999997613,231.0,37200.085333333336,40129.29315580472,,,,,17.29899999999907,231.0,45190.46368159204,45802.97357372191,21.949000000000524,231.0,43985.54427860696,44160.035564336875,20.148000000001048,231.0,37263.26766169154,37981.38404544332,19.197000000000116,231.0,34851.18407960199,36298.53494690047,,,,,,,,,16.349999999998545,231.0,46345.63184079602,46667.459619659174,22.54899999999907,231.0,46168.77213930348,45900.778322821774
13.80000000000291,232,35978.68258706468,36256.94183601962,15.998999999996158,232.0,35272.58109452736,37288.26348983882,15.900999999998021,232.0,33982.58308457711,34691.41976173791,20.29899999999907,232.0,28819.45472636816,30191.121700537256,22.901000000005297,232.0,27762.70646766169,30286.583508526044,19.049999999995634,232.0,28028.899555555556,29754.132212099976,19.69999999999709,232.0,34884.28258706468,35487.3123102079,16.74899999999616,232.0,37640.746666666666,40873.99766409717,,,,,17.35000000000582,232.0,45414.22487562189,46044.664855519884,22.0,232.0,44068.155223880596,44252.514694986414,20.197000000000116,232.0,37050.49154228856,37927.85576685602,19.249000000003434,232.0,34892.27462686567,35972.465300074095,,,,,,,,,16.400000000001455,232.0,46314.889552238805,46829.50654482588,22.64999999999418,232.0,45941.9223880597,45471.08432609204
13.951999999997497,233,35981.707462686565,36296.67460873628,16.098999999994703,233.0,35344.35024875622,37369.08199018921,16.0,233.0,33863.73731343284,34587.35809390329,20.398999999997613,233.0,29084.29054726368,30604.942770380752,22.949000000000524,233.0,28041.95024875622,30460.352254146226,19.099999999998545,233.0,28110.620444444445,29733.034337771547,19.799999999995634,233.0,34785.91044776119,35343.891614108856,16.84900000000198,233.0,36918.869333333336,40031.28614809624,,,,,17.450000000004366,233.0,45172.50547263682,45882.89454186219,22.09900000000198,233.0,44062.933333333334,44270.09928377377,20.298000000002503,233.0,37318.22487562189,38070.57149913559,19.34900000000198,233.0,34950.0815920398,36166.2869844406,,,,,,,,,16.50100000000384,233.0,46455.96019900498,46543.5495183996,22.699000000000524,233.0,46183.068656716416,45575.84863349685
14.05000000000291,234,35897.58407960199,36185.89675309507,16.148999999997613,234.0,35203.27960199005,37313.8089231488,16.05000000000291,234.0,33800.13532338308,34445.0175192712,20.499000000003434,234.0,28769.018905472636,30273.853772483064,23.05000000000291,234.0,27880.358208955226,30243.587946741416,19.19999999999709,234.0,27907.640888888887,29620.81009110021,19.89999999999418,234.0,34898.81791044776,35587.87572996963,16.898999999997613,234.0,37374.592,40571.212333566924,,,,,17.499000000003434,234.0,45216.6368159204,45809.38700913806,22.148999999997613,234.0,44015.060696517416,44275.78562608051,20.398000000001048,234.0,37167.522388059704,37877.314892566064,19.397000000004482,234.0,35078.00199004975,36081.72289454186,,,,,,,,,16.599999999998545,234.0,46325.333333333336,47013.59150407508,22.75,234.0,46153.09054726368,45535.04321420229
14.099999999998545,235,35830.017910447765,36143.61130576968,16.199000000000524,235.0,35197.30945273632,37242.8236393366,16.150000000001455,235.0,33988.87164179105,34671.37584676477,20.65099999999802,235.0,28529.416915422884,29966.789067974772,23.09900000000198,235.0,27579.749253731345,30007.86732071946,19.299999999995634,235.0,28282.282666666666,30008.005606166782,19.94999999999709,235.0,34783.53830845771,35419.04414856342,16.95100000000093,235.0,37153.09511111111,40322.649848166315,,,,,17.59900000000198,235.0,45246.77412935323,45874.26426278093,22.34900000000198,235.0,43528.10348258707,43823.42306742405,20.449000000000524,235.0,37363.15223880597,38055.298592244995,19.449000000000524,235.0,34416.14328358209,35896.12447517906,,,,,,,,,16.650000000001455,235.0,46033.41691542289,46487.9427019017,22.849999999998545,235.0,46201.26567164179,45520.98294790937
14.201000000000931,236,36006.89353233831,36460.87175893483,16.24899999999616,236.0,35239.46666666667,37362.47045082925,16.300999999999476,236.0,33840.50945273632,34561.06143424434,20.75,236.0,28807.562189054726,30137.724830647046,23.14900000000489,236.0,27819.287562189056,30083.412286848867,19.39999999999418,236.0,27609.25866666667,29362.02569493109,20.051999999996042,236.0,34881.78308457712,35599.12170053726,17.050999999999476,236.0,36945.664,40041.261387526276,,,,,17.699000000000524,236.0,45063.578109452734,45588.662879723386,22.449000000000524,236.0,43654.65472636816,43874.85305013583,20.54699999999866,236.0,37105.81492537313,37807.707582119045,19.548000000002503,236.0,34775.164179104475,35881.28229192393,,,,,,,,,16.75,236.0,46171.112437810945,46561.82168436651,22.89999999999418,236.0,45976.58109452736,45565.56318617146
14.402000000001863,237,35912.469651741296,36053.58000467181,16.348999999994703,237.0,35438.153233830846,37605.65101611773,16.400000000001455,237.0,33862.95721393035,34573.806120065405,20.79899999999907,237.0,28912.06368159204,30182.850735809392,23.249000000003434,237.0,28090.905472636816,30531.079654286383,19.44999999999709,237.0,28424.88888888889,30234.16584910068,20.10099999999511,237.0,34629.428855721395,35325.58561083859,17.09900000000198,237.0,37189.56088888889,40322.597523943004,,,,,17.75,237.0,44750.694527363186,45669.994566559646,22.601000000002387,237.0,43830.41592039801,43971.29167695728,20.59900000000198,237.0,37176.35820895522,38132.10965670536,19.59700000000157,237.0,34594.0855721393,35868.858483576194,,,,,,,,,16.900000000001455,237.0,46921.45671641791,47046.184243022966,22.94999999999709,237.0,46223.74527363184,45611.088997897685
14.500999999996566,238,36439.164179104475,36494.66946975006,16.449000000000524,238.0,34897.257711442784,36973.47348750292,16.502000000000407,238.0,33641.886567164176,34369.745386591916,20.898999999997613,238.0,28821.158208955225,30112.003737444524,23.34900000000198,238.0,27831.06865671642,30245.124036440084,19.5,238.0,28036.11022222222,29891.700070077084,20.202999999994063,238.0,34352.23880597015,35059.55430974071,17.150000000001455,238.0,36916.778666666665,40114.22377949077,,,,,17.84900000000198,238.0,45434.06169154229,46228.52457396888,22.648999999997613,238.0,43863.32338308458,43880.32995801432,20.697000000000116,238.0,37087.69751243781,37743.26500370462,19.698000000003958,238.0,34746.80995024875,36116.28747838973,,,,,,,,,17.05000000000291,238.0,46278.82985074627,46621.09162756236,23.049999999995634,238.0,45972.394029850744,45537.87245970568
14.599999999998545,239,35946.77810945274,36105.28381219341,16.49899999999616,239.0,35080.91542288557,37106.63863583275,16.55000000000291,239.0,33732.521393034825,34413.551973837886,20.999000000003434,239.0,28768.03184079602,30339.629058631162,23.39900000000489,239.0,27711.85671641791,30185.096939967298,19.599999999998545,239.0,27938.844444444443,29632.571829011915,20.299999999995634,239.0,34676.28258706468,35560.768044849334,17.24899999999616,239.0,37036.64355555556,40277.22120999766,,,,,17.89900000000489,239.0,45032.565174129355,45910.840207458634,22.70100000000093,239.0,43843.86865671642,43868.463324277596,20.747999999999593,239.0,37113.09054726368,37919.06742405532,19.797000000005937,239.0,34710.38407960199,35968.55322301803,,,,,,,,,17.099999999998545,239.0,46131.709452736315,46463.00815016053,23.14999999999418,239.0,45976.342288557214,45578.84980144826
14.69999999999709,240,35928.788059701496,36253.077318383555,16.54899999999907,240.0,35099.89253731343,37293.78743284279,16.650000000001455,240.0,33767.291542288556,34555.99719691661,21.04899999999907,240.0,28668.40199004975,29999.764540995093,23.450000000004366,240.0,27672.326368159203,29930.890913338004,19.69999999999709,240.0,28068.79288888889,29926.065872459705,20.39999999999418,240.0,34793.48855721393,35431.94580705443,17.29899999999907,240.0,37001.92711111111,40298.74515300163,,,,,17.949000000000524,240.0,45179.46268656717,45842.80167942702,22.84900000000198,240.0,43810.84975124378,43775.72734008397,20.847999999998137,240.0,36940.19502487562,37674.005433440354,19.897000000004482,240.0,34874.8736318408,36050.8925660657,,,,,,,,,17.200000000004366,240.0,46445.00696517413,46650.79575203754,23.19999999999709,240.0,45853.50049751244,45315.00490539594
14.849999999998545,241,35880.931343283584,36167.669236159774,16.648999999997613,241.0,35493.54029850746,37477.710815230086,16.749000000003434,241.0,33642.22089552239,34374.211632796076,21.199000000000524,241.0,28659.12039800995,30030.68441952815,23.54899999999907,241.0,27816.597014925374,30224.538192011212,19.799999999995634,241.0,27880.90311111111,29396.739079654286,20.44999999999709,241.0,35139.48656716418,35843.143190843264,17.34900000000198,241.0,36804.25244444444,40043.24970801215,,,,,18.04899999999907,241.0,45176.8039800995,45770.12793282292,22.99899999999616,241.0,44035.47064676617,44251.19486292912,20.997999999999593,241.0,37000.246766169155,37679.60879229439,19.948000000003958,241.0,34989.707462686565,35887.25314892566,,,,,,,,,17.25,241.0,45971.56616915423,46558.86589281304,23.29899999999907,241.0,45999.33134328358,45514.81990189208
14.900000000001455,242,35956.09154228856,36021.1427236627,16.69999999999709,242.0,35164.68855721393,37243.31324456903,16.800999999999476,242.0,33652.712437810944,34430.026629292224,21.29899999999907,242.0,28867.26368159204,30278.282644242,23.59900000000198,242.0,27628.417910447763,29975.134781593086,19.89999999999418,242.0,27831.623111111112,29707.298294790937,20.60099999999511,242.0,34944.14328358209,35647.59635599159,17.398999999997613,242.0,37055.97155555555,40273.420228918476,,,,,18.150000000001455,242.0,44863.34726368159,45560.08100765621,23.09900000000198,242.0,43871.23582089552,43970.03507038775,21.04699999999866,242.0,37071.09253731343,37869.048160039514,20.04899999999907,242.0,35002.937313432834,36401.19733267473,,,,,,,,,17.300999999999476,242.0,46206.248756218905,46767.26105211163,23.398999999997613,242.0,45887.840796019904,45450.03130109787
14.951999999997497,243,35900.51343283582,35976.04298061201,16.750999999996566,243.0,35117.9144278607,37171.184302733,16.849999999998545,243.0,33779.13631840796,34529.93599626255,21.398999999997613,243.0,28639.80895522388,30052.49988320486,23.64900000000489,243.0,27733.126368159203,30167.598224713853,20.0,243.0,27993.159111111112,29802.34898388227,20.849999999998545,243.0,34555.287562189056,35304.14762905863,17.49899999999616,243.0,36780.202666666664,39926.31254379818,,,,,18.249000000003434,243.0,44927.87263681592,45837.51049641887,23.250999999996566,243.0,43671.24378109453,43798.441096567054,21.197000000000116,243.0,37433.63184079602,38132.8841689306,20.09700000000157,243.0,34828.067661691544,35732.94344282539,,,,,,,,,17.401000000005297,243.0,45984.66865671642,46419.04272659916,23.49899999999616,243.0,45781.34925373134,45445.42676944639
15.050999999999476,244,35755.90845771144,36014.42653585611,16.85099999999511,244.0,35146.41194029851,37239.60943704742,16.950000000004366,244.0,33584.939303482584,34416.51576734408,21.449000000000524,244.0,28766.742288557212,30170.02382620883,23.75300000000425,244.0,27557.65174129353,29973.475356225183,20.050999999999476,244.0,27913.742222222223,29634.69096005606,20.89999999999418,244.0,34447.69751243781,35211.0404111189,17.597999999998137,244.0,36974.76266666667,40154.659191777624,,,,,18.34900000000198,244.0,45122.610945273635,45374.48653988639,23.29899999999907,244.0,43745.878606965176,43991.982217831566,21.29699999999866,244.0,37008.54129353234,37753.882934057794,20.147000000004482,244.0,34675.43880597015,36071.369720918745,,,,,,,,,17.50100000000384,244.0,46287.93631840796,46452.10965670536,23.549999999995634,244.0,46126.59900497513,45884.56155103948
15.099999999998545,245,35830.82985074627,35999.144125204395,16.898999999997613,245.0,35035.59004975124,37031.071245036204,17.0,245.0,33643.972139303485,34502.6003270264,21.54899999999907,245.0,28812.29054726368,30370.500350385424,23.79899999999907,245.0,27634.77014925373,29989.60242933894,20.099999999998545,245.0,27867.008,29574.71992525111,21.002000000000407,245.0,34445.51641791045,35318.99649614576,17.699000000000524,245.0,36812.94222222222,39887.30483531885,,,,,18.39900000000489,245.0,44834.78606965174,45525.129167695726,23.49899999999616,245.0,43491.62985074627,43862.60706347246,21.396999999997206,245.0,36977.17810945274,37918.80266732527,20.297000000005937,245.0,34630.27263681592,35961.78414423314,,,,,,,,,17.599999999998545,245.0,46034.929353233834,46372.71029883922,23.651999999994587,245.0,45892.63283582089,45481.33613641673
15.150999999998021,246,35817.79104477612,35932.77084793273,16.99899999999616,246.0,34998.78208955224,37025.56598925485,17.101000000002387,246.0,33918.10547263682,34671.08432609204,21.648999999997613,246.0,28660.807960199007,30099.51693529549,23.89900000000489,246.0,27587.93233830846,29969.67063770147,20.19999999999709,246.0,27960.035555555554,29718.454566690027,21.049999999995634,246.0,34327.37114427861,35102.026629292224,17.79899999999907,246.0,36874.80888888889,40236.901658491006,,,,,18.450000000004366,246.0,44954.10945273632,45555.647320326,23.750999999996566,246.0,43762.658706467664,43880.52753766362,21.447999999996682,246.0,36840.94726368159,37761.940232156085,20.448000000003958,246.0,34496.65273631841,35996.30921215115,,,,,,,,,17.650000000001455,246.0,46235.797014925374,46584.97406767103,23.75,246.0,46071.91243781095,45588.01775286148
15.201000000000931,247,35730.57910447761,35951.185237094134,17.098999999994703,247.0,34873.61592039801,37074.45176360664,17.150000000001455,247.0,33672.85174129353,34307.49824807288,21.749000000003434,247.0,28572.306467661692,30117.725765008177,23.949000000000524,247.0,27552.971144278607,29975.104882036907,20.299999999995634,247.0,27926.96888888889,29784.700770847932,21.14999999999418,247.0,34542.471641791046,34745.88180331698,17.84900000000198,247.0,36752.753777777776,39819.67577668769,,,,,18.55000000000291,247.0,44910.75820895522,45626.934057792045,23.94999999999709,247.0,43691.04875621891,43768.08891084218,21.497999999999593,247.0,36950.92537313433,37738.685107433936,20.497000000003027,247.0,34758.90945273632,35957.20424796246,,,,,,,,,17.75,247.0,46299.112437810945,46857.03334156582,23.79899999999907,247.0,45919.41094527363,45312.88951179631
15.30000000000291,248,35708.81592039801,35959.459939266526,17.15099999999802,248.0,34927.85671641791,37125.18009810792,17.200000000004366,248.0,33437.341293532336,34152.85400607335,21.84900000000198,248.0,28990.169154228857,30507.417893015652,24.0,248.0,27666.5631840796,30135.44872693296,20.39999999999418,248.0,28077.283555555554,29711.618780658726,21.19999999999709,248.0,34354.467661691546,35079.32539126372,17.94999999999709,248.0,37232.92444444444,40338.545199719694,,,,,18.64900000000489,248.0,45065.9184079602,45334.68214373919,23.99899999999616,248.0,43583.0447761194,43930.8629291183,21.597999999998137,248.0,36979.40696517413,37847.05754507286,20.59700000000157,248.0,34580.99900497512,35932.87428994814,,,,,,,,,17.849999999998545,248.0,46041.10646766169,46433.13805877994,23.848999999994703,248.0,46457.72736318408,45923.45713618313
15.349999999998545,249,35940.1711442786,36010.26676010278,17.29899999999907,249.0,35050.09353233831,37049.10067741182,17.300999999999476,249.0,33521.018905472636,34383.40200887643,21.949000000000524,249.0,26988.8,29027.54683485167,24.101000000002387,249.0,27679.96815920398,30308.94090165849,20.5,249.0,28138.993777777778,29796.17472553142,21.299999999995634,249.0,34570.666666666664,35272.5288483999,18.148999999997613,249.0,36776.817777777775,39821.5033870591,,,,,18.699000000000524,249.0,45101.15024875622,45593.14793776241,24.09900000000198,249.0,43523.86865671642,43993.5984193628,21.697999999996682,249.0,37046.04975124378,37684.931588046435,20.648000000001048,249.0,34823.89651741293,35833.64583847864,,,,,,,,,17.900000000001455,249.0,46197.41293532338,46803.868609533216,23.949000000000524,249.0,46581.795024875624,46170.31160943705
15.400000000001455,250,35644.4815920398,35950.747956085026,17.348999999994703,250.0,35190.5592039801,37140.01401541696,17.349999999998545,250.0,33608.23084577115,34336.40364400841,22.04899999999907,250.0,28680.390049751244,29948.673674375146,24.150000000001455,250.0,27337.7592039801,29642.88343844896,20.60099999999511,250.0,27876.821333333333,29640.902592852137,21.349999999998545,250.0,34414.82189054726,34985.57533286615,18.250999999996566,250.0,36697.65688888889,39919.686054660124,,,,,18.79899999999907,250.0,44711.86467661692,45526.780933563845,24.300999999999476,250.0,43344.620895522385,43692.139293652755,21.84900000000198,250.0,37072.12736318408,37972.11755989133,20.747000000003027,250.0,34534.22487562189,35565.182514201035,,,,,,,,,17.95100000000093,250.0,45770.90547263682,46268.88219313411,24.050999999999476,250.0,45815.705472636815,45368.23732772717
15.44999999999709,251,35756.290547263685,35998.99088997897,17.398999999997613,251.0,34959.66567164179,37035.776687689795,17.400000000001455,251.0,33813.63582089552,34610.03316982013,22.099999999998545,251.0,28613.65174129353,30124.50175192712,24.199000000000524,251.0,27726.599004975124,30139.16000934361,20.64999999999418,251.0,27380.394666666667,29262.419060967062,21.401999999994587,251.0,34290.340298507464,35059.80845596823,18.349999999998545,251.0,36970.638222222224,39805.62672272833,,,,,18.84900000000198,251.0,44945.35323383084,45574.95875524821,24.34900000000198,251.0,43448.10348258707,43719.82810570511,21.947999999996682,251.0,36880.68457711443,37519.26500370462,20.797000000005937,251.0,34176.73233830846,35413.16078043961,,,,,,,,,18.05000000000291,251.0,46674.658706467664,47112.6737466041,24.098999999994703,251.0,46024.6447761194,45455.81686521841
15.55000000000291,252,35706.65074626866,36019.60289651951,17.449000000000524,252.0,35027.69353233831,37050.43494510628,17.50100000000384,252.0,33647.49054726368,34310.61901424901,22.19999999999709,252.0,28594.97711442786,29916.04952113992,24.255000000004657,252.0,27642.809950248757,30074.10604998832,20.75,252.0,27489.09511111111,29275.80658724597,21.500999999996566,252.0,34288.90746268657,34767.31978509694,18.449000000000524,252.0,36922.894222222225,39905.68185003504,,,,,18.949000000000524,252.0,44882.78606965174,45462.911336132376,24.449000000000524,252.0,43537.114427860695,43824.5334650531,21.997999999999593,252.0,37112.071641791044,37863.836008891085,20.897000000004482,252.0,34448.07960199005,35599.375648308225,,,,,,,,,18.151000000005297,252.0,45940.4895522388,46473.98962706841,24.19999999999709,252.0,46089.17014925373,45474.193879934595
15.650000000001455,253,35757.81890547264,35982.052791403876,17.54899999999907,253.0,34924.78407960199,36967.10861948143,17.54899999999907,253.0,33672.246766169155,34333.32772716655,22.249000000003434,253.0,28668.60895522388,30101.071712216773,24.34900000000198,253.0,27612.76815920398,30013.690259285213,20.800999999999476,253.0,27848.163555555555,29491.22167717823,21.549999999995634,253.0,34088.67661691542,34715.38799345947,18.59900000000198,253.0,36646.34311111111,39613.14085494044,,,,,18.999000000003434,253.0,44631.59402985075,45413.46900469252,24.5,253.0,43522.977114427864,43492.330945912574,22.097999999998137,253.0,37097.32935323383,38048.61249691282,20.947000000000116,253.0,34776.565174129355,35799.47246233638,,,,,,,,,18.25,253.0,45875.91641791045,46471.66609039269,24.25,253.0,45579.14427860697,45200.541929455736
15.750999999996566,254,35681.05074626866,35887.14786264891,17.599999999998545,254.0,34930.00597014926,36987.99719691661,17.599999999998545,254.0,33498.85771144278,34230.518103246905,22.34900000000198,254.0,28456.612935323385,29818.08736276571,24.400000000001455,254.0,27947.637810945274,30426.745153001637,20.89999999999418,254.0,27762.019555555555,29530.81242700304,21.60099999999511,254.0,34126.10547263682,34712.461574398505,18.699000000000524,254.0,36720.56888888889,39801.88927820603,,,,,19.04899999999907,254.0,44700.51343283582,45434.005433440354,24.601000000002387,254.0,43057.35323383084,43374.36799209681,22.197999999996682,254.0,37018.60298507463,37806.36008891084,21.047000000005937,254.0,34850.41990049751,36182.17238824401,,,,,,,,,18.30000000000291,254.0,45753.23383084577,46492.17485798963,24.349999999998545,254.0,45676.54527363184,44983.19831814997
15.80000000000291,255,35555.69353233831,35781.62859145059,17.648999999997613,255.0,34923.95621890547,37046.32001868722,17.648999999997613,255.0,33483.653731343285,34267.5935529082,22.400000000001455,255.0,28544.923383084577,30053.426769446392,24.5,255.0,27635.741293532337,30016.0672740014,20.94999999999709,255.0,27855.985777777776,29684.619481429574,21.64999999999418,255.0,34350.025870646765,35111.29549170755,18.79899999999907,255.0,36443.50577777778,39534.239663629996,,,,,19.199000000000524,255.0,44968.788059701496,45467.013089651766,24.65099999999802,255.0,43475.50248756219,43513.025438379846,22.247000000003027,255.0,36994.67462686567,37748.79723388491,21.147000000004482,255.0,34225.95820895522,35662.80661891825,,,,,,,,,18.400000000001455,255.0,45888.796019900496,46351.26105211163,24.449000000000524,255.0,45500.6407960199,45207.837421163276
15.849999999998545,256,35893.09452736318,36225.91357159542,17.74899999999616,256.0,34884.4895522388,36966.62275169353,17.75,256.0,33490.64278606965,34241.349217472554,22.499000000003434,256.0,28426.555223880598,29923.359962625556,24.54899999999907,256.0,27940.298507462685,30345.952814762906,21.19999999999709,256.0,27713.934222222222,29516.12800747489,21.799999999995634,256.0,34195.10447761194,34883.266526512496,18.90099999999802,256.0,36551.580444444444,39554.80682083625,,,,,19.25100000000384,256.0,44796.8,45521.04322054829,24.74899999999616,256.0,43329.89452736318,43612.94937021487,22.34700000000157,256.0,36358.86169154229,37101.43146455915,21.198000000003958,256.0,34817.703482587065,35749.68239071376,,,,,,,,,18.450000000004366,256.0,45747.2,45344.889108421834,24.54899999999907,256.0,45765.062686567166,45309.54823639336
15.900000000001455,257,35843.3592039801,36120.98855407615,17.848999999994703,257.0,34907.112437810945,37052.6661994861,17.84900000000198,257.0,33599.44278606965,34166.7348750292,22.699000000000524,257.0,28540.68855721393,29979.810324690494,24.599999999998545,257.0,27639.05273631841,29965.193179163747,21.25,257.0,27894.72711111111,29645.9556178463,21.849999999998545,257.0,34636.68855721393,35435.63092735342,19.04899999999907,257.0,36519.936,39450.1695865452,,,,,19.29899999999907,257.0,44817.36915422886,45519.05952086935,24.851000000002387,257.0,43267.74129353234,43617.77426525068,22.398999999997613,257.0,36931.47064676617,37656.78439120771,21.297000000005937,257.0,34263.880597014926,35626.013336626325,,,,,,,,,18.5,257.0,45280.987064676614,46000.41096567053,24.598999999994703,257.0,45702.065671641794,45046.40971735576
15.94999999999709,258,35537.305472636814,35685.340808222376,17.94999999999709,258.0,34842.95323383085,36941.25671572063,17.900000000001455,258.0,33514.937313432834,34138.887175893484,22.800999999999476,258.0,28441.56815920398,29914.195748656857,24.64900000000489,258.0,27680.955223880595,30065.136183134782,21.299999999995634,258.0,27665.692444444445,29436.576500817566,21.901999999994587,258.0,34046.82189054726,34599.669236159774,19.349999999998545,258.0,36819.27111111111,40078.24340107451,,,,,19.400000000001455,258.0,44542.90149253731,45320.744875277844,24.95100000000093,258.0,43294.58308457711,43522.65151889355,22.447000000000116,258.0,36628.3144278607,37477.35836008891,21.34700000000157,258.0,34442.90547263682,35823.229439367744,,,,,,,,,18.599999999998545,258.0,45664.14328358209,46111.47048653989,24.699000000000524,258.0,45829.556218905476,45399.2543798178
16.05000000000291,259,35664.22288557214,35799.81499649615,17.99899999999616,259.0,34733.37313432836,36803.74118196683,18.0,259.0,33621.71542288557,34287.932725998595,23.148999999997613,259.0,28860.75223880597,30263.96449427704,24.699000000000524,259.0,27518.519402985075,29813.800513898623,21.35099999999511,259.0,27776.227555555557,29156.055127306703,22.002000000000407,259.0,34158.153233830846,34915.606633964024,19.44999999999709,259.0,36531.17155555556,39700.488670871295,,,,,19.450000000004366,259.0,44782.5512437811,45332.58384786367,24.99899999999616,259.0,43445.93830845771,43646.16646085453,22.548000000002503,259.0,36709.34925373134,37495.05754507286,21.447000000000116,259.0,34366.50348258707,35490.56063225488,,,,,,,,,18.650000000001455,259.0,45715.47064676617,46119.61076809089,24.799999999995634,259.0,45491.64577114428,45258.46484466246
16.099999999998545,260,35654.04975124378,35790.56482130344,18.098999999994703,260.0,34754.435820895524,36866.01448259752,18.05000000000291,260.0,33519.55422885572,34137.49684653118,23.34900000000198,260.0,28308.839800995025,29902.893716421397,24.800999999999476,260.0,27680.557213930348,30051.681382854473,21.451999999997497,260.0,27817.27288888889,29583.973837888345,22.049999999995634,260.0,34094.407960199,34723.442186405046,19.549999999995634,260.0,36444.68622222222,39468.86428404578,,,,,19.550999999999476,260.0,45129.66368159204,45760.92862435169,25.09900000000198,260.0,43259.23980099503,43337.18745369227,22.646999999997206,260.0,37002.96915422886,37525.30303778711,21.497000000003027,260.0,34491.30348258706,35347.402321560876,,,,,,,,,18.849999999998545,260.0,45586.610945273635,46227.61570758212,24.849999999998545,260.0,45500.704477611944,45004.88670871292
16.150000000001455,261,35633.35323383084,35880.79420696099,18.20100000000093,261.0,34737.655721393035,36796.329829479095,18.101000000002387,261.0,33580.09950248756,34294.237794907734,23.648999999997613,261.0,28467.08855721393,29870.9273534221,24.900000000001455,261.0,27440.859701492536,29805.092268161643,21.5,261.0,27812.721777777777,29746.747021723895,22.14999999999418,261.0,34119.387064676615,34893.03994393833,19.59900000000198,261.0,36452.67911111111,39617.40527914039,,,,,19.64900000000489,261.0,44532.521393034825,45007.96048407014,25.199000000000524,261.0,43345.432835820895,43405.61718942949,22.697999999996682,261.0,36741.205970149254,37518.61694245493,21.547000000005937,261.0,34311.848756218904,35759.20572980983,,,,,,,,,18.900000000001455,261.0,45755.5104477612,46359.709557915536,24.898999999997613,261.0,45887.17213930348,45215.75706610605
16.25,262,35684.95124378109,35751.92338238729,18.24899999999616,262.0,34755.18407960199,36827.451530016355,18.200000000004366,262.0,33401.26567164179,34155.38799345947,23.749000000003434,262.0,28333.723383084576,29811.004905395934,24.95100000000093,262.0,27399.864676616915,29928.6447091801,21.599999999998545,262.0,27742.90488888889,28881.05022191077,22.25,262.0,34210.658706467664,35075.345012847465,19.699000000000524,262.0,36405.00622222222,39261.06236860547,,,,,19.699000000000524,262.0,44212.85572139303,44868.56013830575,25.25,262.0,43208.931343283584,43487.87354902445,22.798000000002503,262.0,36828.3223880597,37680.91676957274,21.647000000004482,262.0,34086.22487562189,35515.05260558162,,,,,,,,,18.950000000004366,262.0,45394.59502487562,45872.91676957274,24.99899999999616,262.0,45222.81393034826,44711.35155337538
16.30000000000291,263,35621.572139303484,35745.52861480963,18.29899999999907,263.0,34930.563184079605,36901.28100911002,18.249000000003434,263.0,33328.41393034826,33903.44312076618,23.949000000000524,263.0,28285.373134328358,29652.081289418362,25.002000000000407,263.0,27539.55024875622,30024.472786732073,21.65099999999802,263.0,27721.756444444443,29537.076384022424,22.349999999998545,263.0,34149.89054726368,34857.82947909367,19.800999999999476,263.0,36449.934222222226,39540.899789768744,,,,,19.749000000003434,263.0,44729.74328358209,45510.22375895283,25.29899999999907,263.0,43231.92039800995,43491.85675475426,22.896999999997206,263.0,36724.298507462685,37486.97258582366,21.747000000003027,263.0,34413.22985074627,35649.52136329958,,,,,,,,,19.05000000000291,263.0,45733.41293532338,46257.38305754507,25.049999999995634,263.0,45691.76517412935,45193.10067741182
16.349999999998545,264,35613.24577114428,35752.5774351787,18.348999999994703,264.0,34721.51243781095,36805.67717822939,18.300999999999476,264.0,33373.67562189055,34102.61901424901,24.09900000000198,264.0,28240.764179104477,29716.64564354123,25.099999999998545,264.0,27594.220895522387,29978.569493109087,21.700999999993655,264.0,27748.565333333332,29485.5706610605,22.39999999999418,264.0,34245.428855721395,34973.23429105349,19.947999999996682,264.0,36426.026666666665,39549.69399672974,,,,,19.79899999999907,264.0,44750.200995024876,45304.35366757224,25.44999999999709,264.0,43239.705472636815,43619.145468016795,22.947999999996682,264.0,36784.477611940296,37636.714250432204,21.797000000005937,264.0,34079.474626865675,35517.48678686095,,,,,,,,,19.200000000004366,264.0,45430.70248756219,45540.47715485305,25.14999999999418,264.0,45763.12039800995,45275.50011679514
16.44999999999709,265,35527.5144278607,35773.0511562719,18.40099999999802,265.0,34810.33233830846,36795.36930623686,18.40099999999802,265.0,33434.60298507463,34140.16538192011,24.25,265.0,28552.358208955226,30035.378649848168,25.150000000001455,265.0,27466.602985074627,29715.277738846064,21.799999999995634,265.0,27759.630222222222,29555.46461107218,22.451999999997497,265.0,34051.5184079602,34767.76454099509,20.148000000001048,265.0,36186.51022222222,39253.26605933193,,,,,19.89900000000489,265.0,44772.21890547263,45063.73326747345,25.55000000000291,265.0,43499.064676616916,43828.74981476908,23.048000000002503,265.0,36468.33034825871,37438.249444307236,21.84700000000157,265.0,34214.17711442786,35480.01383057545,,,,,,,,,19.349999999998545,265.0,45814.8776119403,46455.51197826624,25.24899999999616,265.0,46337.751243781095,45859.09460406447
16.5,266,35473.162189054725,35709.402476056996,18.549999999995634,266.0,34551.1960199005,36724.23078719925,18.499000000003434,266.0,33314.96119402985,34053.85657556645,24.550999999999476,266.0,28177.289552238806,29709.110955384254,25.199000000000524,266.0,27438.99701492537,29737.48937164214,21.849999999998545,266.0,27594.88,29372.09810791871,22.549999999995634,266.0,34264.72437810945,34955.02546134081,20.34900000000198,266.0,36452.06755555556,39797.20626021957,,,,,19.949000000000524,266.0,44648.86766169154,45374.89355396394,25.59900000000198,266.0,43167.33134328358,43384.235119782665,23.146999999997206,266.0,36615.68955223881,37610.04099777723,21.947000000000116,266.0,34009.37711442786,35315.29167695728,,,,,,,,,19.450000000004366,266.0,45673.982089552235,45945.06100271672,25.348999999994703,266.0,45599.09253731343,45260.18406914272
16.55000000000291,267,35442.84975124378,35743.65615510395,18.598999999994703,267.0,34788.664676616914,36816.100911002104,18.54899999999907,267.0,33361.607960199006,34035.703807521604,24.999000000003434,267.0,28102.46368159204,29575.725297827612,26.541000000004715,267.0,27326.503482587064,29870.516234524643,21.89999999999418,267.0,27499.875555555554,28991.887876664332,22.599999999998545,267.0,32411.399004975123,33425.08759635599,20.447999999996682,267.0,36437.17688888889,39263.73464143892,,,,,19.999000000003434,267.0,44416.60497512438,45083.68881205236,25.648999999997613,267.0,43216.55721393035,43444.722153618175,23.197999999996682,267.0,36674.03781094527,37527.64633242776,22.047000000005937,267.0,34408.91542288557,35714.4420844653,,,,,,,,,19.50100000000384,267.0,45081.04278606965,45780.94739441838,25.398999999997613,267.0,45372.86368159204,44997.23989722028
16.65099999999802,268,35445.062686567166,35661.43985050222,18.648999999997613,268.0,34586.157213930346,36621.61551039477,18.599999999998545,268.0,33475.295522388056,34162.30226582574,25.298000000002503,268.0,28090.36417910448,29512.2597523943,26.705000000001746,268.0,27370.809950248757,29691.30576967998,22.0,268.0,27589.091555555555,29342.090165849102,22.69999999999709,268.0,34068.521393034825,34911.065638869426,20.49899999999616,268.0,36318.15111111111,39614.7591684186,,,,,20.04899999999907,268.0,44486.0815920398,44993.556927636455,25.74899999999616,268.0,43222.73432835821,43541.192393183504,23.298000000002503,268.0,36692.60099502488,37561.357372190665,22.09700000000157,268.0,34266.92139303483,35743.92491973327,,,,,,,,,19.599999999998545,268.0,45327.92039800995,45955.63151395406,25.5,268.0,45498.82587064677,45015.85237094137
16.69999999999709,269,35542.30447761194,35699.259051623456,18.74899999999616,269.0,34604.81592039801,36734.53118430273,18.65099999999802,269.0,33396.85572139303,34046.30320018687,25.550999999999476,269.0,28034.94527363184,29632.444755898156,26.79899999999907,269.0,27266.579104477612,29595.014249007243,22.049999999995634,269.0,27739.619555555557,29260.617612707312,22.799999999995634,269.0,34060.08358208955,34828.681149264194,20.697999999996682,269.0,36181.47555555555,39344.7213267928,,,,,20.150000000001455,269.0,44558.471641791046,45240.420844653,25.84900000000198,269.0,43352.03980099502,43437.00864410966,23.398999999997613,269.0,37081.39303482587,37735.45665596444,22.197000000000116,269.0,34187.12835820895,35085.74759199802,,,,,,,,,19.650000000001455,269.0,45133.05472636816,45673.68140281551,25.54899999999907,269.0,45379.9960199005,44892.557813594954
16.75,270,35639.96019900498,35796.09623919645,18.79899999999907,270.0,34669.58009950249,36726.48072880168,18.75,270.0,33309.070646766166,33948.6325624854,25.65099999999802,270.0,27992.565174129355,29525.172623218874,26.853000000002794,270.0,26853.508457711443,29219.62532118664,22.099999999998545,270.0,27960.13511111111,29708.348516701706,22.849999999998545,270.0,33970.03781094527,34775.33660359729,20.75,270.0,36274.645333333334,39266.50782527447,,,,,20.249000000003434,270.0,44393.17014925373,45115.23437885898,26.101000000002387,270.0,43353.10646766169,43703.314398616945,23.447999999996682,270.0,36732.09950248756,37689.68140281551,22.247999999999593,270.0,34320.90746268657,35684.05828599654,,,,,,,,,19.700000000004366,270.0,45704.246766169155,46120.13237836503,25.599999999998545,270.0,45553.51243781095,44877.08853071712
16.800999999999476,271,35402.82587064677,35693.544498948846,18.898999999997613,271.0,34666.28457711443,36521.788367203924,18.84900000000198,271.0,33340.91144278607,34004.15977575333,25.75,271.0,28288.859701492536,29885.088530717123,26.89900000000489,271.0,9185.448756218906,10008.786732071945,22.201999999997497,271.0,27721.728,29203.617846297595,22.94999999999709,271.0,34323.48656716418,35028.05138986218,20.84900000000198,271.0,36198.144,39407.626255547766,,,,,20.29899999999907,271.0,44770.99303482587,45267.82514201037,26.199000000000524,271.0,43183.251741293534,43173.994566559646,23.54699999999866,271.0,36516.37810945274,37462.35416152136,22.34700000000157,271.0,34207.07661691542,35354.222771054585,,,,,,,,,19.75,271.0,45376.55721393035,45677.76339836997,25.64999999999418,271.0,45664.85970149254,45294.28451296426
16.900000000001455,272,35438.91741293533,35713.48002803083,18.95100000000093,272.0,34744.835820895525,36732.81943471151,18.900000000001455,272.0,33326.153233830846,33958.921747255314,25.849999999998545,272.0,28123.590049751245,29478.148096239198,27.04899999999907,272.0,71.70547263681593,84.36159775753329,22.25,272.0,27478.940444444444,29285.63606633964,23.0,272.0,33949.659701492536,34745.156739079655,20.900000000001455,272.0,36229.54666666667,39370.775052557816,,,,,20.39900000000489,272.0,44514.149253731346,45074.86095332181,26.25,272.0,43267.86865671642,43384.92269696221,23.597999999998137,272.0,36590.981094527364,37475.91207705606,22.397000000004482,272.0,34123.04875621891,35441.102494443076,,,,,,,,,19.849999999998545,272.0,45467.22388059701,45997.24573968881,25.75,272.0,45604.96716417911,45100.415790703104
16.94999999999709,273,35270.49552238806,35490.89278206027,19.04899999999907,273.0,34879.66567164179,37104.27283345013,18.950000000004366,273.0,33352.58109452736,33917.26792805419,26.00100000000384,273.0,28108.52935323383,29522.530249941603,,,,,22.300999999999476,273.0,27525.97333333333,29263.77201588414,23.099999999998545,273.0,33922.67462686567,34675.34127540294,21.0,273.0,35940.465777777776,39053.656622284514,,,,,20.450000000004366,273.0,44503.96019900498,45359.74314645591,26.351000000002387,273.0,43137.83084577115,43329.05902692023,23.699000000000524,273.0,36766.742288557216,37429.88787354902,22.497999999999593,273.0,33565.67562189055,34881.71103976291,,,,,,,,,19.901000000005297,273.0,45116.4815920398,45861.793035317365,25.799999999995634,273.0,45366.22487562189,45016.25227750526
17.050999999999476,274,35523.77313432836,35649.356692361594,19.099999999998545,274.0,34350.296517412935,36369.823872926885,19.0,274.0,33221.747263681595,34017.31931791637,26.148999999997613,274.0,28083.50248756219,29450.390095772014,,,,,22.401999999994587,274.0,27459.740444444444,29157.97243634665,23.15099999999802,274.0,34017.209950248754,34838.84699836487,21.047999999995227,274.0,36240.796444444444,39227.06657323056,,,,,20.55000000000291,274.0,44504.023880597015,45227.526796739934,26.398999999997613,274.0,43159.05273631841,43578.404544331934,23.747000000003027,274.0,36233.50447761194,37046.54383798469,22.547000000005937,274.0,34144.01592039801,35224.096814028155,,,,,,,,,20.0,274.0,45536.41393034826,46085.919486292914,25.898999999997613,274.0,45399.387064676615,44811.87759869189
17.15099999999802,275,35568.54129353234,35749.594954449894,19.199000000000524,275.0,34665.42487562189,36710.7348750292,19.050999999999476,275.0,33375.203980099504,34073.65381920112,26.247999999999593,275.0,27885.34129353234,29396.95585143658,,,,,22.44999999999709,275.0,27553.464888888888,29250.747021723895,23.25,275.0,33996.09950248756,34725.44171922448,21.09900000000198,275.0,35934.976,39051.72436346648,,,,,20.651000000005297,275.0,44359.41890547264,44921.14003457644,26.49899999999616,275.0,43237.205970149254,43306.03704618424,23.847999999998137,275.0,36731.03283582089,37378.339343047664,22.697000000000116,275.0,34120.692537313436,35589.781180538404,,,,,,,,,20.099999999998545,275.0,45314.81791044776,45826.22079525809,25.949000000000524,275.0,45756.338308457714,45169.99579537491
17.19999999999709,276,35372.54527363184,35663.55898154637,19.250999999996566,276.0,34721.08258706467,36701.454800280306,19.150000000001455,276.0,33167.18805970149,33894.34618079888,26.300999999999476,276.0,27958.41592039801,29340.90539593553,,,,,22.5,276.0,27580.913777777776,29448.685821069845,23.299999999995634,276.0,33895.62587064676,34601.48563419762,21.148000000001048,276.0,35923.00088888889,38994.27610371409,,,,,20.75100000000384,276.0,44467.40696517413,45204.03852803161,26.54899999999907,276.0,43027.6776119403,43414.60311187948,23.999000000003434,276.0,36632.1671641791,37490.086441096566,22.747000000003027,276.0,34058.12537313433,35359.05556927637,,,,,,,,,20.150000000001455,276.0,45570.435820895524,46013.87009138059,26.049999999995634,276.0,45312.6368159204,44853.58000467181
17.30000000000291,277,35437.86666666667,35553.270731137585,19.351999999998952,277.0,34620.76815920398,36606.325624854006,19.249000000003434,277.0,33271.339303482586,33960.39803784162,26.398000000001048,277.0,27912.692537313433,29258.976874562017,,,,,22.599999999998545,277.0,27631.04711111111,29305.179163746787,23.349999999998545,277.0,33936.55721393035,34724.15977575333,21.247999999999593,277.0,35915.76177777778,39033.45573464144,,,,,20.79899999999907,277.0,44311.78507462687,45048.78043961472,26.59900000000198,277.0,43003.94029850746,43475.5090145715,24.09900000000198,277.0,36467.980099502485,37289.91059520869,22.798000000002503,277.0,34114.32437810945,35449.088663867624,,,,,,,,,20.200000000004366,277.0,45415.020895522386,46042.1318844159,26.098999999994703,277.0,45541.82686567164,45043.651483298294
17.349999999998545,278,35471.90447761194,35627.98224713852,19.40099999999802,278.0,34426.443781094524,36582.491941135246,19.30000000000291,278.0,33227.81293532338,33332.507358093906,26.597999999998137,278.0,28133.349253731343,29644.262555477693,,,,,22.69999999999709,278.0,27601.493333333332,29430.11819668302,23.44999999999709,278.0,33761.432835820895,34484.24199953282,21.300999999999476,278.0,35853.36888888889,39045.94253679047,,,,,20.901000000005297,278.0,44501.062686567166,44960.960237095576,26.648999999997613,278.0,43076.37810945274,43284.63521857249,24.146999999997206,278.0,36446.82189054726,37278.93702148679,22.898000000001048,278.0,34047.69751243781,35360.39911089158,,,,,,,,,20.25,278.0,45585.09850746269,45996.96517658681,26.24899999999616,278.0,45661.73930348259,45226.861013781825
17.400000000001455,279,35279.474626865675,35537.52113992058,19.500999999996566,279.0,34643.42288557214,36579.318850735806,19.449000000000524,279.0,33021.62786069652,33858.64611072179,26.699000000000524,279.0,28025.99800995025,29438.531184302734,,,,,22.750999999996566,279.0,27455.459555555557,29235.374912403644,23.500999999996566,279.0,33960.8039800995,34710.91800981079,21.400000000001455,279.0,36229.020444444446,39140.00280308339,,,,,20.949000000000524,279.0,44322.929353233834,44980.394171400345,26.69999999999709,279.0,42670.296517412935,42977.169671523836,24.247000000003027,279.0,36708.346268656715,37521.624104717215,22.997000000003027,279.0,34206.13731343284,35517.60928624352,,,,,,,,,20.30000000000291,279.0,45393.209950248754,45941.82859965423,26.29899999999907,279.0,45519.17213930348,44977.207194580704
17.5,280,35404.05174129353,35503.32352254146,19.54899999999907,280.0,34603.08059701492,36625.71548703574,19.5,280.0,33146.443781094524,33844.87362765709,26.847999999998137,280.0,27987.789054726367,29359.592618547067,,,,,22.849999999998545,280.0,27450.097777777777,29132.89044615744,23.549999999995634,280.0,33813.07860696517,34538.70777855641,21.449000000000524,280.0,35835.477333333336,39005.806120065405,,,,,21.04899999999907,280.0,44466.64278606965,45160.77253642875,26.74899999999616,280.0,43222.65472636816,43607.9427019017,24.34700000000157,280.0,36581.81094527363,37407.62064707335,23.048000000002503,280.0,33848.31044776119,35243.665102494444,,,,,,,,,20.450000000004366,280.0,45358.519402985075,45900.95727340084,26.398999999997613,280.0,44771.2,44268.65872459706
17.55000000000291,281,35439.50646766169,35588.522307871994,19.60099999999511,281.0,34541.42089552239,36520.98855407615,19.599999999998545,281.0,33206.5592039801,33811.584209296896,27.00100000000384,281.0,71.41890547263682,80.81476290586312,,,,,22.89999999999418,281.0,27431.196444444446,29362.05185704275,23.64999999999418,281.0,33811.8368159204,34693.37070777856,21.54899999999907,281.0,35946.282666666666,38784.478392898855,,,,,21.14900000000489,281.0,44195.91641791045,44977.296122499385,26.84900000000198,281.0,43253.49253731343,43619.77772289454,24.447999999996682,281.0,36520.612935323385,37080.571005186466,23.147000000004482,281.0,34426.50746268657,35368.00592738948,,,,,,,,,20.5,281.0,44640.70049751244,45177.551000246975,26.549999999995634,281.0,45447.339303482586,44881.59962625555
17.599999999998545,282,35389.96218905473,35532.54660126139,19.898999999997613,282.0,34512.206965174126,36516.0551273067,19.65099999999802,282.0,33115.04875621891,33787.14879701004,,,,,,,,,23.0,282.0,27561.216,29322.12099976641,23.70100000000093,282.0,33984.9552238806,34685.76500817566,21.599999999998545,282.0,36167.267555555554,39393.48376547536,,,,,21.249000000003434,282.0,43935.3631840796,44807.51197826624,27.000999999996566,282.0,205.8507462686567,127.37959990121017,24.499000000003434,282.0,36335.72935323383,37016.27463571252,23.297000000005937,282.0,34023.45074626866,35442.05087675969,,,,,,,,,20.55000000000291,282.0,45525.49253731343,45798.15263027908,26.599999999998545,282.0,45364.55323383085,44894.546134080825
17.69999999999709,283,35448.89950248756,35635.40481195982,19.949000000000524,283.0,34454.81393034826,36412.35225414623,19.749000000003434,283.0,33126.22487562189,33844.97827610371,,,,,,,,,23.049999999995634,283.0,27280.213333333333,28878.18360196216,23.79899999999907,283.0,33996.9592039801,34599.02639570194,21.699000000000524,283.0,36317.51111111111,39472.31020789535,,,,,21.35000000000582,283.0,44473.67960199005,45020.62138799704,,,,,24.59900000000198,283.0,36278.2407960199,37193.764386268216,23.397000000004482,283.0,34134.03383084577,35535.98024203507,,,,,,,,,20.650000000001455,283.0,44932.394029850744,45600.97999506051,26.64999999999418,283.0,45324.76815920398,44787.221677178226
17.750999999996566,284,35335.64179104478,35610.360196215835,20.050999999999476,284.0,34455.562189054726,36509.338939500114,19.80000000000291,284.0,33536.14328358209,34170.97313711749,,,,,,,,,23.099999999998545,284.0,27808.526222222223,29556.600794206963,23.849999999998545,284.0,33942.49552238806,34616.62228451297,21.800999999999476,284.0,35948.72888888889,39027.046017285684,,,,,21.499000000003434,284.0,44038.33631840796,44905.46406520128,,,,,24.847999999998137,284.0,36250.714427860694,37101.45122252408,23.447000000000116,284.0,34161.305472636814,34821.23190911336,,,,,,,,,20.700000000004366,284.0,45068.97512437811,45652.62731538652,26.74899999999616,284.0,45322.0776119403,45026.82924550339
17.80000000000291,285,35280.44577114428,35484.51670170521,20.098999999994703,285.0,34409.61592039801,36412.83438448961,19.849999999998545,285.0,32824.35820895522,33552.98294790937,,,,,,,,,23.19999999999709,285.0,27940.238222222222,29384.596122401308,23.94999999999709,285.0,33708.338308457714,34517.26232188741,21.898000000001048,285.0,36082.09066666666,39142.28638168652,,,,,21.59900000000198,285.0,44408.85174129353,44849.351444801185,,,,,24.947999999996682,285.0,36911.060696517416,37391.81427512966,23.547000000005937,285.0,33901.54825870647,35281.50160533465,,,,,,,,,20.80000000000291,285.0,44726.92537313433,45468.4080019758,26.848999999994703,285.0,45258.69850746269,44800.95678579771
17.851999999998952,286,35451.207960199004,35634.63489838823,20.199000000000524,286.0,34655.23582089552,36523.8962859145,19.949000000000524,286.0,33022.04179104478,33773.30903994394,,,,,,,,,23.25,286.0,27487.075555555555,29172.671805652884,24.050999999999476,286.0,33667.16815920398,34308.821303433775,21.94999999999709,286.0,35586.44622222222,38615.14225648213,,,,,21.64900000000489,286.0,43921.73532338309,44724.35860706347,,,,,24.999000000003434,286.0,36433.432835820895,37183.12274635713,23.647000000004482,286.0,33915.22388059701,35327.502099283774,,,,,,,,,20.849999999998545,286.0,45417.74328358209,45662.27710545814,26.94999999999709,286.0,150.4,96.12333566923616
17.94999999999709,287,35132.89552238806,35433.60149497781,20.250999999996566,287.0,34494.710447761194,36701.331464611074,20.0,287.0,33245.882587064676,33870.17986451764,,,,,,,,,23.299999999995634,287.0,27433.329777777777,29186.34711516001,24.099999999998545,287.0,34035.56616915423,34903.24316748423,22.047999999995227,287.0,35925.91644444445,38853.10161177295,,,,,21.699000000000524,287.0,44080.28656716418,44733.35638429242,,,,,25.148000000001048,287.0,36250.12537313433,37194.866880711284,23.747000000003027,287.0,33712.35024875622,35070.715732279576,,,,,,,,,20.900000000001455,287.0,44996.202985074626,45681.78612002964,27.049999999995634,287.0,153.7910447761194,91.55991590749825
18.0,288,35081.99800995025,35326.8937164214,20.29899999999907,288.0,34380.76815920398,36444.81195982247,20.05000000000291,288.0,33047.99203980099,33752.188740948375,,,,,,,,,23.39999999999418,288.0,27573.717333333334,29352.981079187106,24.19999999999709,288.0,33937.09850746269,34598.0808222378,22.09900000000198,288.0,35812.110222222225,38713.156739079655,,,,,21.84900000000198,288.0,44352.620895522385,44889.819708570016,,,,,25.247999999999593,288.0,36411.71741293532,37097.63398369968,23.948000000003958,288.0,34070.7184079602,35260.54235613732,,,,,,,,,21.0,288.0,45089.114427860695,45656.59866633737,,,,
18.052000000003318,289,35219.13631840796,35399.75519738379,20.398999999997613,289.0,34646.70248756219,35984.119598224715,20.150000000001455,289.0,32996.616915422885,33693.06984349451,,,,,,,,,23.44999999999709,289.0,27505.26577777778,29163.421630460172,24.299999999995634,289.0,33779.295522388056,34442.22191076851,22.150000000001455,289.0,35929.984,39091.397337070775,,,,,21.901000000005297,289.0,44330.396019900494,44780.6885650778,,,,,25.347999999998137,289.0,36476.41791044776,37197.795011113856,24.098000000005413,289.0,34073.80696517413,35274.62583353915,,,,,,,,,21.05000000000291,289.0,45196.067661691544,45847.19980242035,,,,
18.15099999999802,290,35124.68059701493,35476.60453165149,20.5,290.0,34411.14427860697,36484.35038542397,20.25,290.0,32998.59104477612,33732.443821537025,,,,,,,,,23.5,290.0,27282.190222222223,29111.59448726933,24.39999999999418,290.0,33942.63880597015,34473.2651249708,22.247999999999593,290.0,35777.59288888889,38705.23335669236,,,,,22.0,290.0,44168.294527363185,44728.57495677945,,,,,25.396999999997206,290.0,36256.6368159204,37074.24055322302,24.247000000003027,290.0,33981.54825870647,35301.583600889106,,,,,,,,,21.150000000001455,290.0,44980.90348258706,45548.78340330946,,,,
18.19999999999709,291,35272.979104477614,35407.92898855408,20.54899999999907,291.0,34622.121393034824,36449.28568091567,20.349999999998545,291.0,32921.02686567164,33685.97991123569,,,,,,,,,23.549999999995634,291.0,27333.347555555556,29135.779490773184,24.44999999999709,291.0,33632.70049751244,33452.87923382387,22.29899999999907,291.0,35945.400888888886,39080.96986685354,,,,,22.09900000000198,291.0,44082.77014925373,44713.19535687824,,,,,25.898999999997613,291.0,36143.93631840796,36856.02173376142,24.34700000000157,291.0,33516.43383084577,35043.05062978513,,,,,,,,,21.200000000004366,291.0,44734.614925373135,45502.447023956534,,,,
18.250999999996566,292,35239.068656716416,35516.61761270731,20.648999999997613,292.0,34491.605970149256,36469.269796776454,20.400000000001455,292.0,33133.99402985074,33785.104414856345,,,,,,,,,23.65299999999843,292.0,27531.676444444445,29175.51226348984,24.550999999999476,292.0,33644.14726368159,34247.60196215838,22.400000000001455,292.0,35804.68622222222,38578.49287549638,,,,,22.151000000005297,292.0,44019.64577114428,44857.19140528526,,,,,26.199000000000524,292.0,36325.07860696517,36851.793529266484,24.448000000003958,292.0,33611.430845771145,34908.03655223512,,,,,,,,,21.30000000000291,292.0,45045.66766169154,45766.184243022966,,,,
18.30000000000291,293,35293.46865671642,35435.32071945807,20.70100000000093,293.0,34368.796019900496,36326.50315346882,20.450000000004366,293.0,33133.89850746268,33852.49053959355,,,,,,,,,23.69999999999709,293.0,27299.427555555554,29076.503620649382,24.599999999998545,293.0,33712.46169154229,34339.47208596122,22.45100000000093,293.0,35846.926222222224,38881.59962625555,,,,,22.29899999999907,293.0,44147.0407960199,44583.48826870832,,,,,26.59900000000198,293.0,36409.74328358209,37048.68164979007,24.548000000002503,293.0,33765.428855721395,34800.6164485058,,,,,,,,,21.349999999998545,293.0,44884.45771144279,45491.57619165226,,,,
18.40099999999802,294,35025.46467661692,35369.49684653118,20.90099999999802,294.0,34275.16815920398,36240.295258117265,20.55000000000291,294.0,33059.18407960199,33648.22050922682,,,,,,,,,23.94999999999709,294.0,27449.301333333333,29217.0390095772,24.75,294.0,33616.01592039801,34425.11936463443,22.49899999999616,294.0,35668.26666666667,38878.183601962155,,,,,22.351000000002387,294.0,43957.14228855722,44695.314398616945,,,,,26.697000000000116,294.0,36269.62786069652,37037.976784391205,24.647000000004482,294.0,33697.94228855721,35070.32847616696,,,,,,,,,21.400000000001455,294.0,45188.616915422885,45811.80933563843,,,,
18.5,295,35012.04378109453,35311.90656388694,20.94999999999709,295.0,34338.48358208955,36236.337304368135,20.599999999998545,295.0,32972.92736318408,33626.894650782524,,,,,,,,,24.349999999998545,295.0,27581.781333333332,29365.837888343845,24.799999999995634,295.0,33436.81592039801,34256.16444755898,22.549999999995634,295.0,35646.72,38691.378649848164,,,,,22.39900000000489,295.0,44087.40298507463,44643.37466040998,,,,,26.84700000000157,295.0,36139.5104477612,36886.310693998515,24.697000000000116,295.0,33788.84776119403,35059.71844899975,,,,,,,,,21.55000000000291,295.0,45322.73034825871,45931.13558903433,,,,
18.55000000000291,296,35213.78706467662,35450.535856108385,20.99899999999616,296.0,34426.33233830846,36414.579771081524,20.699000000000524,296.0,32963.72537313433,33687.93085727634,,,,,,,,,24.549999999995634,296.0,27178.908444444445,28876.475589815465,24.90099999999802,296.0,33602.84975124378,34214.08829712684,22.59900000000198,296.0,35803.03644444444,39027.143190843264,,,,,22.499000000003434,296.0,44077.35721393035,44707.394418374904,,,,,27.09700000000157,296.0,145.19402985074626,84.01086688071129,24.747000000003027,296.0,33570.35621890547,35008.20153124228,,,,,,,,,21.599999999998545,296.0,44889.61592039801,45490.82143739195,,,,
18.601999999998952,297,35247.379104477615,35256.136416725065,21.04899999999907,297.0,34242.37213930348,36308.75402943238,20.749000000003434,297.0,32976.92338308458,33650.642373277275,,,,,,,,,24.64999999999418,297.0,27138.275555555556,29001.92665265125,24.94999999999709,297.0,33603.13631840796,34363.85143658024,22.74899999999616,297.0,35766.51377777778,38978.877832282174,,,,,22.59900000000198,297.0,43880.740298507466,44448.08693504569,,,,,,,,,24.84700000000157,297.0,33772.21094527363,34493.35638429242,,,,,,,,,21.650000000001455,297.0,45210.90547263682,45940.872314151646,,,,
18.701999999997497,298,35125.82686567164,35303.41135248774,21.148999999997613,298.0,34246.4,36298.26676010278,20.849999999998545,298.0,32817.09850746269,33612.0457836954,,,,,,,,,24.69999999999709,298.0,27365.489777777777,28995.924316748424,25.0,298.0,33480.91542288557,34196.574632095304,22.797999999995227,298.0,35895.936,38968.65965895819,,,,,22.64900000000489,298.0,43837.484577114425,44491.48332921709,,,,,,,,,24.997000000003027,298.0,33599.07661691542,35120.25685354409,,,,,,,,,21.75,298.0,44751.50646766169,45405.55001234873,,,,
18.75,299,34988.704477611944,35308.434477925715,21.199000000000524,299.0,34158.519402985075,36258.85167017052,20.950000000004366,299.0,33048.59701492537,33694.325624854006,,,,,,,,,24.799999999995634,299.0,27175.466666666667,28974.213501518338,25.049999999995634,299.0,33698.75422885572,34379.14879701004,22.898000000001048,299.0,35704.61866666667,38834.02943237561,,,,,22.700000000004366,299.0,44134.27263681592,44739.57224005927,,,,,,,,,25.048000000002503,299.0,33812.1711442786,35160.05334650531,,,,,,,,,21.849999999998545,299.0,44513.03482587064,45119.33613237837,,,,
18.80000000000291,300,35200.44577114428,35431.05255781359,21.24899999999616,300.0,34407.848756218904,36315.16374678813,21.0,300.0,33007.64975124378,33855.872926886244,,,,,,,,,24.849999999998545,300.0,27237.902222222223,28899.14319084326,25.14999999999418,300.0,33419.76517412935,34158.34804952114,22.95100000000093,300.0,35587.01511111111,38377.50432142023,,,,,22.749000000003434,300.0,43941.93830845771,44428.08792294394,,,,,,,,,25.147000000004482,300.0,33658.33233830846,35208.84761669548,,,,,,,,,21.950000000004366,300.0,45655.89651741293,46186.799703630524,,,,
18.849999999998545,301,35159.339303482586,35289.77341742584,21.348999999994703,301.0,34164.21890547263,36225.252043914974,21.199000000000524,301.0,32823.91243781095,33524.085026862886,,,,,,,,,24.94999999999709,301.0,27158.45688888889,28915.520672740015,25.19999999999709,301.0,33454.18507462687,34187.5262789068,22.997999999999593,301.0,35763.811555555556,38869.02312543798,,,,,22.79899999999907,301.0,43910.65472636816,44712.693504569026,,,,,,,,,25.247000000003027,301.0,33590.86169154229,34917.785132131394,,,,,,,,,22.0,301.0,44680.35820895522,45370.06470733514,,,,
18.94999999999709,302,35018.31641791045,35354.36393366036,21.39999999999418,302.0,34429.83482587065,36371.25531417893,21.25,302.0,33066.0776119403,33642.31908432609,,,,,,,,,25.049999999995634,302.0,27299.21422222222,29026.46671338472,25.25,302.0,33316.95124378109,33986.25741649148,23.04899999999907,302.0,35629.184,38719.97383788834,,,,,22.901000000005297,302.0,44105.80696517413,44919.61867127686,,,,,,,,,25.34700000000157,302.0,33718.113432835824,35129.12817979748,,,,,,,,,22.05000000000291,302.0,45048.23084577115,45656.00197579649,,,,
19.0,303,35054.10547263682,35290.60686755431,21.500999999996566,303.0,34188.46567164179,36207.17028731605,21.30000000000291,303.0,32981.556218905476,33731.62905863116,,,,,,,,,25.099999999998545,303.0,26975.94311111111,28842.221910768512,25.349999999998545,303.0,33390.439800995024,34238.28451296426,23.148999999997613,303.0,35392.61155555556,38009.17168885774,,,,,23.00100000000384,303.0,43535.80895522388,43650.63571252161,,,,,,,,,25.397000000004482,303.0,33774.790049751246,34863.25710051865,,,,,,,,,22.151000000005297,303.0,44618.618905472635,45236.76166954804,,,,
19.050999999999476,304,34962.91343283582,35239.85984583041,21.54899999999907,304.0,34201.77512437811,36081.726699369305,21.450000000004366,304.0,32817.799004975124,33520.04858677879,,,,,,,,,25.25,304.0,27102.79111111111,28898.90025694931,25.44999999999709,304.0,33266.610945273635,34141.81359495445,23.199000000000524,304.0,35739.136,38686.73674375146,,,,,23.04899999999907,304.0,43718.44776119403,44488.626327488266,,,,,,,,,25.497000000003027,304.0,33533.50049751244,35045.60731044703,,,,,,,,,22.25,304.0,44877.67562189055,45232.69943195851,,,,
19.150000000001455,305,35020.09950248756,35211.05162345246,21.60099999999511,305.0,34319.93631840796,36187.54122868489,21.55000000000291,305.0,32965.87462686567,33590.518103246905,,,,,,,,,25.300999999999476,305.0,27114.097777777777,28695.844896052324,25.5,305.0,33939.72537313433,34746.2368605466,23.297999999995227,305.0,36161.720888888885,39290.19948610138,,,,,23.09900000000198,305.0,43726.519402985075,44454.041985675474,,,,,,,,,25.647000000004482,305.0,33729.17810945274,35107.31538651519,,,,,,,,,22.30000000000291,305.0,44609.49651741293,45183.44677698197,,,,
19.25,306,34836.13930348259,35249.67063770147,21.69999999999709,306.0,34488.421890547266,36408.71945807055,21.599999999998545,306.0,32834.563184079605,33448.95491707545,,,,,,,,,25.44999999999709,306.0,27343.644444444446,29034.90212567157,25.599999999998545,306.0,33299.78905472637,33987.48329829479,23.349999999998545,306.0,35466.85155555556,38591.424433543565,,,,,23.14900000000489,306.0,43910.2407960199,44493.8108174858,,,,,,,,,25.747000000003027,306.0,33440.12736318408,34779.728327982215,,,,,,,,,22.400000000001455,306.0,44869.205970149254,45542.48061249691,,,,
19.30000000000291,307,34954.300497512435,35206.861948142956,21.74899999999616,307.0,34243.13631840796,36271.79817799579,21.700000000004366,307.0,32838.22487562189,33450.035038542395,,,,,,,,,25.549999999995634,307.0,27201.365333333335,28872.024293389393,25.69999999999709,307.0,33432.660696517414,34189.3352020556,23.398999999997613,307.0,35595.96088888889,38841.37351086195,,,,,27.55000000000291,307.0,172.97512437810946,110.84218325512472,,,,,,,,,25.897000000004482,307.0,33803.86069651741,34927.92491973327,,,,,,,,,22.5,307.0,45004.99104477612,45492.78537910595,,,,
19.349999999998545,308,34858.204975124376,35025.472553141786,21.79899999999907,308.0,33893.205970149254,35793.128708245735,21.75,308.0,32838.57512437811,33575.310441485635,,,,,,,,,25.601999999998952,308.0,27137.635555555556,28764.61013781827,25.75,308.0,33429.03084577114,34133.80798878767,23.449000000000524,308.0,35548.27377777778,38599.10114459239,,,,,,,,,,,,,,,,,25.997000000003027,308.0,33787.876616915426,35070.22573474932,,,,,,,,,22.599999999998545,308.0,44533.82686567164,45087.15040750803,,,,
19.44999999999709,309,34932.202985074626,35360.65031534688,21.898999999997613,309.0,34259.39104477612,36196.50362064938,21.849999999998545,309.0,32765.771144278606,33395.68138285448,,,,,,,,,25.64999999999418,309.0,27266.50311111111,28910.138752627892,25.799999999995634,309.0,33298.117412935324,34080.17565989255,23.54899999999907,309.0,35634.048,38639.065638869426,,,,,,,,,,,,,,,,,26.047000000005937,309.0,33486.407960199,34763.81526302791,,,,,,,,,22.650000000001455,309.0,44792.023880597015,45495.101012595704,,,,
19.502000000000407,310,34840.708457711444,35189.094136883905,21.95100000000093,310.0,34091.98805970149,36109.6379350619,21.900000000001455,310.0,32730.539303482587,33385.59402008876,,,,,,,,,25.75,310.0,27170.190222222223,28873.91170287316,25.89999999999418,310.0,33347.39104477612,34029.155804718524,23.648000000001048,310.0,35449.51466666667,38554.59565522074,,,,,,,,,,,,,,,,,26.147000000004482,310.0,32995.8368159204,34352.30032106693,,,,,,,,,22.75,310.0,44687.53830845771,45104.65201284268,,,,
19.601000000002387,311,34624.06368159204,34745.04461574399,21.99899999999616,311.0,34028.72039800995,35985.08759635599,22.0,311.0,32834.13333333333,33486.04905395935,,,,,,,,,25.849999999998545,311.0,27426.190222222223,29034.225648213036,25.94999999999709,311.0,33224.89950248756,34110.41158607802,23.697999999996682,311.0,35716.992,38765.14832982948,,,,,,,,,,,,,,,,,26.197000000000116,311.0,33599.53830845771,34873.87107927883,,,,,,,,,22.849999999998545,311.0,44223.63383084577,44727.832057298096,,,,
19.70100000000093,312,34941.850746268654,35164.86802149031,22.050999999999476,312.0,34222.94925373134,36198.85073580939,22.099999999998545,312.0,32687.26766169154,33420.427003036675,,,,,,,,,25.89999999999418,312.0,27101.283555555554,28777.324924083157,26.19999999999709,312.0,33386.50746268657,34240.33637000701,23.74899999999616,312.0,35692.62933333333,38744.928754963796,,,,,,,,,,,,,,,,,26.247000000003027,312.0,33098.01393034826,34532.15707582119,,,,,,,,,22.950000000004366,312.0,44663.45074626866,45079.97826623858,,,,
19.75,313,34907.86069651741,35200.15697266994,22.25,313.0,33962.49154228856,36063.8654519972,22.150000000001455,313.0,32827.44676616915,33668.12987619715,,,,,,,,,26.002000000000407,313.0,27281.905777777778,28919.616911936464,26.35099999999511,313.0,33492.01194029851,34200.01681850035,23.797999999995227,313.0,35551.90044444444,38680.62228451297,,,,,,,,,,,,,,,,,26.348000000005413,313.0,33538.21293532338,34779.14744381329,,,,,,,,,23.05000000000291,313.0,44514.0855721393,45120.77451222524,,,,
19.849999999998545,314,34925.802985074624,35137.06890913338,22.598999999994703,314.0,34094.75820895522,36155.67203924317,22.25,314.0,32609.990049751243,33346.403176827844,,,,,,,,,26.099999999998545,314.0,27234.816,28811.264657790234,26.39999999999418,314.0,33179.36716417911,33943.72529782761,23.847999999998137,314.0,35700.864,38750.50502219108,,,,,,,,,,,,,,,,,26.447000000000116,314.0,33545.04278606965,34916.81699184984,,,,,,,,,23.25,314.0,44859.81293532338,45578.1318844159,,,,
19.900000000001455,315,34950.73432835821,35190.73113758468,23.098999999994703,315.0,33883.90845771144,35950.871291754265,22.30000000000291,315.0,32710.145273631842,33341.96309273534,,,,,,,,,26.14999999999418,315.0,27224.26311111111,28633.777154870357,26.5,315.0,33253.14228855722,34082.044382153705,23.94999999999709,315.0,35342.47822222222,38476.434477925715,,,,,,,,,,,,,,,,,26.547000000005937,315.0,33375.61791044776,34792.812052358604,,,,,,,,,23.349999999998545,315.0,44487.928358208956,44828.649049147934,,,,
19.94999999999709,316,34849.78308457712,35069.74258350852,23.35099999999511,316.0,33795.86865671642,35834.861013781825,22.400000000001455,316.0,32741.826865671643,33446.473253912634,,,,,,,,,26.299999999995634,316.0,27204.309333333335,28943.073113758466,26.599999999998545,316.0,33217.40099502487,33882.808689558515,24.101000000002387,316.0,35436.81422222222,38441.83695398271,,,,,,,,,,,,,,,,,26.647000000004482,316.0,33287.78507462687,34708.188688565075,,,,,,,,,23.400000000001455,316.0,44309.795024875624,44912.78241541121,,,,
20.052000000003318,317,34868.69651741294,35214.88624153235,23.69999999999709,317.0,33856.81194029851,35783.889745386594,22.450000000004366,317.0,32889.568159203984,33546.763840224245,,,,,,,,,26.349999999998545,317.0,27050.496,28864.68021490306,26.64999999999418,317.0,32918.14527363184,33636.645643541226,24.19999999999709,317.0,35422.43555555555,38659.606633964024,,,,,,,,,,,,,,,,,26.797000000005937,317.0,33420.08358208955,34656.60854531983,,,,,,,,,23.5,317.0,44478.00995024876,44879.65225981724,,,,
20.099999999998545,318,34792.708457711444,35062.7685120299,23.949000000000524,318.0,33937.81492537313,35656.62975940201,22.55000000000291,318.0,32363.590049751245,33061.26232188741,,,,,,,,,26.5,318.0,26987.434666666668,28743.265592151365,26.69999999999709,318.0,33341.611940298506,33778.4966129409,24.29899999999907,318.0,35937.86311111111,39054.38542396636,,,,,,,,,,,,,,,,,26.89900000000489,318.0,125.46865671641791,96.25290195109903,,,,,,,,,23.599999999998545,318.0,44785.40099502487,45389.23783650284,,,,
20.20100000000093,319,34874.73034825871,35130.25928521374,24.04899999999907,319.0,33667.24776119403,35652.76150432142,22.599999999998545,319.0,32717.850746268658,33333.94627423499,,,,,,,,,26.60099999999511,319.0,26818.076444444443,28551.706610605,26.799999999995634,319.0,33136.09552238806,33893.224947442184,24.347999999998137,319.0,35461.54666666667,38414.72179397337,,,,,,,,,,,,,,,,,27.0,319.0,126.40796019900498,100.39812299333168,,,,,,,,,23.700000000004366,319.0,44231.291542288556,44946.71079278834,,,,
20.25,320,34857.69552238806,35054.878766643305,24.148999999997613,320.0,33666.45174129353,35616.5195047886,22.699000000000524,320.0,32617.90248756219,33295.996262555476,,,,,,,,,26.64999999999418,320.0,26863.985777777776,28685.271665498716,26.85099999999511,320.0,33051.63781094527,33734.746087362764,24.447999999996682,320.0,35445.54666666667,38315.152534454566,,,,,,,,,,,,,,,,,,,,,,,,,,,,,23.800999999999476,320.0,44624.27064676617,45308.84267720425,,,,
20.30000000000291,321,34782.53532338308,34993.15860780192,24.20100000000093,321.0,33524.85572139303,35328.9044615744,22.75,321.0,32587.000995024875,33285.822938565754,,,,,,,,,26.75,321.0,27109.87377777778,28851.363700070076,26.94999999999709,321.0,68.88756218905472,75.80658724597056,24.49899999999616,321.0,35403.392,38674.780658724594,,,,,,,,,,,,,,,,,,,,,,,,,,,,,23.849999999998545,321.0,44192.33432835821,44907.81526302791,,,,
20.400000000001455,322,34737.86268656716,34941.447325391266,24.29899999999907,322.0,34160.25472636816,36080.50081756599,22.79899999999907,322.0,32774.2407960199,33391.72342910535,,,,,,,,,26.799999999995634,322.0,27034.979555555554,28753.0726465779,27.0,322.0,65.94228855721393,68.05886475122635,24.547999999995227,322.0,35327.872,38406.08455968232,,,,,,,,,,,,,,,,,,,,,,,,,,,,,23.950000000004366,322.0,44591.92039800995,45155.29562855026,,,,
20.44999999999709,323,34810.571144278605,34998.114459238495,24.349999999998545,323.0,33585.99004975124,35675.91871058164,22.900000000001455,323.0,32606.694527363183,33203.27773884607,,,,,,,,,26.89999999999418,323.0,26965.902222222223,28770.276103714084,,,,,24.648999999997613,323.0,35388.430222222225,38438.809623919646,,,,,,,,,,,,,,,,,,,,,,,,,,,,,24.00100000000384,323.0,44677.87462686567,45226.64559150407,,,,
20.5,324,34635.797014925374,34949.333333333336,24.398999999997613,324.0,33848.835820895525,35658.19574865686,22.950000000004366,324.0,32561.814925373135,33249.412754029436,,,,,,,,,27.0,324.0,71.85066666666667,84.24199953281943,,,,,24.75,324.0,35293.056,38384.46344312077,,,,,,,,,,,,,,,,,,,,,,,,,,,,,24.05000000000291,324.0,44250.82587064677,44988.50284020746,,,,
20.55000000000291,325,34719.85671641791,35014.790936697034,24.49899999999616,325.0,33594.10945273632,35678.24713851904,23.05000000000291,325.0,32509.930348258706,33194.16211165616,,,,,,,,,,,,,,,,,24.79899999999907,325.0,35422.53511111111,38538.177061434246,,,,,,,,,,,,,,,,,,,,,,,,,,,,,24.150000000001455,325.0,44698.5552238806,45092.08199555446,,,,
20.601000000002387,326,34867.613930348256,35087.398271431906,24.598999999994703,326.0,33612.59303482587,35662.52370941369,23.099999999998545,326.0,32574.981094527364,33223.33286615277,,,,,,,,,,,,,,,,,24.849999999998545,326.0,35484.430222222225,38577.20345713618,,,,,,,,,,,,,,,,,,,,,,,,,,,,,24.200000000004366,326.0,44424.979104477614,44787.346999259076,,,,
20.69999999999709,327,34816.939303482584,35004.61387526279,24.699000000000524,327.0,33691.46268656717,35679.85050221911,23.25,327.0,32367.347263681593,33144.85026862883,,,,,,,,,,,,,,,,,24.947999999996682,327.0,35404.01777777778,38375.54963793506,,,,,,,,,,,,,,,,,,,,,,,,,,,,,24.30000000000291,327.0,44549.77910447761,45456.74289948135,,,,
20.750999999996566,328,34852.298507462685,35093.736977341745,24.75,328.0,33789.35721393035,35708.40457836954,23.34900000000198,328.0,31362.101492537313,32524.965195047887,,,,,,,,,,,,,,,,,25.04899999999907,328.0,35187.157333333336,38240.882036907264,,,,,,,,,,,,,,,,,,,,,,,,,,,,,24.450000000004366,328.0,44212.58507462686,44945.288219313414,,,,
20.80000000000291,329,34704.843781094525,34892.43821537024,24.79899999999907,329.0,33849.982089552235,35568.855874795605,23.450000000004366,329.0,32519.498507462686,33311.89535155337,,,,,,,,,,,,,,,,,25.099999999998545,329.0,35327.78666666667,38273.03527213268,,,,,,,,,,,,,,,,,,,,,,,,,,,,,24.55000000000291,329.0,43552.90746268657,44328.61052111632,,,,
20.851000000002387,330,34743.976119402985,35015.17589348283,24.848999999994703,330.0,33570.77014925373,35588.33543564588,23.55000000000291,330.0,32471.291542288556,33192.188740948375,,,,,,,,,,,,,,,,,25.148000000001048,330.0,35354.282666666666,38471.86732071946,,,,,,,,,,,,,,,,,,,,,,,,,,,,,24.650000000001455,330.0,44108.08358208955,44894.94097307977,,,,
21.0,331,34736.65273631841,34945.8089231488,24.949000000000524,331.0,33625.66368159204,35537.34548002803,23.59900000000198,331.0,32205.834825870646,32887.22448026162,,,,,,,,,,,,,,,,,25.247999999999593,331.0,35060.465777777776,38212.892314879704,,,,,,,,,,,,,,,,,,,,,,,,,,,,,25.200000000004366,331.0,44336.23880597015,44993.11830081502,,,,
21.050999999999476,332,34794.01393034826,34943.132912870824,24.99899999999616,332.0,33725.850746268654,35747.434711516,23.699000000000524,332.0,32423.180099502486,33125.497780892314,,,,,,,,,,,,,,,,,25.29899999999907,332.0,35178.19733333333,37997.13711749591,,,,,,,,,,,,,,,,,,,,,,,,,,,,,25.30000000000291,332.0,44467.00895522388,45430.08545319832,,,,
21.150000000001455,333,34846.53532338308,34964.49988320486,25.10099999999511,333.0,33515.924378109456,35531.96729736043,23.84900000000198,333.0,32436.680597014925,33068.9502452698,,,,,,,,,,,,,,,,,25.34900000000198,333.0,35391.544888888886,38336.452230787196,,,,,,,,,,,,,,,,,,,,,,,,,,,,,25.400000000001455,333.0,44109.96218905473,44758.86786860953,,,,
21.250999999996566,334,34590.77412935323,34862.68068208363,25.148999999997613,334.0,33523.613930348256,35539.77855641206,24.09900000000198,334.0,32296.93134328358,33091.18804017753,,,,,,,,,,,,,,,,,25.449000000000524,334.0,35097.42933333333,37973.16514832983,,,,,,,,,,,,,,,,,,,,,,,,,,,,,25.449000000000524,334.0,44126.26467661691,44506.57446283033,,,,
21.30000000000291,335,34695.64179104478,34899.266526512496,25.199000000000524,335.0,33559.59402985075,35644.43821537024,24.199000000000524,335.0,32410.491542288557,33031.43377715487,,,,,,,,,,,,,,,,,25.547999999995227,335.0,35643.15022222222,38571.54870357393,,,,,,,,,,,,,,,,,,,,,,,,,,,,,25.5,335.0,44050.35621890547,44947.070387750064,,,,
21.400000000001455,336,34578.977114427864,34786.76944639103,25.29899999999907,336.0,33754.02985074627,35790.88997897688,24.349999999998545,336.0,32478.185074626865,33061.471618780655,,,,,,,,,,,,,,,,,25.59900000000198,336.0,34968.23466666666,38082.70590983415,,,,,,,,,,,,,,,,,,,,,,,,,,,,,25.651000000005297,336.0,44340.441791044774,45025.32773524327,,,,
21.44999999999709,337,34523.44676616915,34803.5019855174,25.348999999994703,337.0,33630.80597014925,35475.47208596122,24.400000000001455,337.0,32493.675621890547,33163.90376080355,,,,,,,,,,,,,,,,,25.699000000000524,337.0,35586.37511111111,38862.83017986452,,,,,,,,,,,,,,,,,,,,,,,,,,,,,25.75100000000384,337.0,44015.61791044776,44712.831810323536,,,,
21.5,338,34649.95024875622,34962.1602429339,25.398999999997613,338.0,33514.14129353234,35494.237794907734,24.5,338.0,32275.3592039801,32970.70404111189,,,,,,,,,,,,,,,,,25.747999999999593,338.0,34769.664,37981.948142957255,,,,,,,,,,,,,,,,,,,,,,,,,,,,,25.849999999998545,338.0,44182.90945273632,44972.605581625096,,,,
21.552000000003318,339,34462.200995024876,34820.46624620416,25.45100000000093,339.0,33889.592039801,35852.66246204158,24.54899999999907,339.0,32382.99701492537,33114.289184769914,,,,,,,,,,,,,,,,,25.84900000000198,339.0,35117.78133333333,38162.4966129409,,,,,,,,,,,,,,,,,,,,,,,,,,,,,25.950000000004366,339.0,44035.0407960199,44685.57767349963,,,,
21.652000000001863,340,34455.848756218904,34819.591684185936,25.54899999999907,340.0,33361.09850746269,35374.15370240598,24.599999999998545,340.0,32288.01592039801,32957.97056762439,,,,,,,,,,,,,,,,,25.898000000001048,340.0,35273.00266666667,38269.39126372343,,,,,,,,,,,,,,,,,,,,,,,,,,,,,26.05000000000291,340.0,43966.37611940299,44618.71672017782,,,,
21.69999999999709,341,34572.17910447761,34802.00327026396,25.648999999997613,341.0,33560.21492537313,35460.671805652884,24.700000000004366,341.0,32242.5631840796,32956.82317215604,,,,,,,,,,,,,,,,,25.949000000000524,341.0,35151.31733333333,38178.49287549638,,,,,,,,,,,,,,,,,,,,,,,,,,,,,26.151000000005297,341.0,44147.58208955224,44939.665102494444,,,,
21.80000000000291,342,34594.21293532338,34774.08829712684,25.699000000000524,342.0,33533.5960199005,35527.732772716656,24.75,342.0,32246.49552238806,33071.24129876197,,,,,,,,,,,,,,,,,26.04899999999907,342.0,35246.008888888886,38393.37724830647,,,,,,,,,,,,,,,,,,,,,,,,,,,,,26.25100000000384,342.0,43852.65671641791,44530.9478883675,,,,
21.849999999998545,343,34598.68656716418,34746.2704975473,25.74899999999616,343.0,33582.90149253731,35388.41205325859,24.84900000000198,343.0,32342.0815920398,33039.510394767574,,,,,,,,,,,,,,,,,26.09900000000198,343.0,35240.718222222225,38333.84349451063,,,,,,,,,,,,,,,,,,,,,,,,,,,,,26.351000000002387,343.0,43713.99004975124,44295.43294640652,,,,
21.94999999999709,344,34491.526368159204,34742.843260920345,25.848999999994703,344.0,33440.90746268657,35428.443821537025,24.900000000001455,344.0,32279.387064676615,32961.00911002103,,,,,,,,,,,,,,,,,26.148000000001048,344.0,35048.53333333333,38089.014716187805,,,,,,,,,,,,,,,,,,,,,,,,,,,,,26.450000000004366,344.0,44082.658706467664,44666.06865892813,,,,
22.0,345,34577.94228855721,34759.51973837888,25.949000000000524,345.0,33302.46368159204,34660.45503387059,24.950000000004366,345.0,31968.36616915423,32772.073814529314,,,,,,,,,,,,,,,,,26.197999999996682,345.0,35023.72977777778,38159.49918243401,,,,,,,,,,,,,,,,,,,,,,,,,,,,,26.55000000000291,345.0,43880.023880597015,44664.44455421092,,,,
22.099999999998545,346,34630.89353233831,34813.10721793973,26.04899999999907,346.0,33411.661691542286,35393.296893249244,25.0,346.0,31883.207960199004,32609.722961924785,,,,,,,,,,,,,,,,,26.29899999999907,346.0,34943.03288888889,38013.02125671572,,,,,,,,,,,,,,,,,,,,,,,,,,,,,26.599999999998545,346.0,43977.6,44510.253395900225,,,,
22.20100000000093,347,34500.01194029851,34859.12263489839,26.098999999994703,347.0,33320.53333333333,35428.20088764308,25.09900000000198,347.0,32208.541293532337,32932.268161644475,,,,,,,,,,,,,,,,,26.398999999997613,347.0,34976.810666666664,38173.91076851203,,,,,,,,,,,,,,,,,,,,,,,,,,,,,26.699000000000524,347.0,44155.160199004975,45208.70535934799,,,,
22.252000000000407,348,34429.69154228856,34775.72529782761,26.148999999997613,348.0,33557.90646766169,35503.080588647514,25.200000000004366,348.0,32190.805970149253,32927.70100443822,,,,,,,,,,,,,,,,,26.449000000000524,348.0,34845.59644444445,38015.274935762674,,,,,,,,,,,,,,,,,,,,,,,,,,,,,26.900000000001455,348.0,39347.709452736315,39825.805877994564,,,,
22.30000000000291,349,34269.42089552239,34522.035038542395,26.24899999999616,349.0,33413.49253731343,35351.59448726933,25.25,349.0,32187.653731343282,32893.08105582808,,,,,,,,,,,,,,,,,26.54899999999907,349.0,35132.48711111111,38189.54076150432,,,,,,,,,,,,,,,,,,,,,,,,,,,,,27.101000000002387,349.0,139.0328358208955,97.43442825388985,,,,
22.400000000001455,350,34510.694527363186,34756.410184536326,26.300999999999476,350.0,33459.82089552239,35440.523242233125,25.30000000000291,350.0,32129.878606965172,32875.601027797245,,,,,,,,,,,,,,,,,26.59900000000198,350.0,34886.641777777775,38017.28568091567,,,,,,,,,,,,,,,,,,,,,,,,,,,,,,,,,,,,
22.44999999999709,351,34510.31243781094,34663.17589348283,26.348999999994703,351.0,33607.753233830845,35466.13968698902,25.400000000001455,351.0,32194.149253731342,32893.34641438916,,,,,,,,,,,,,,,,,26.699000000000524,351.0,35070.919111111114,38238.84139219808,,,,,,,,,,,,,,,,,,,,,,,,,,,,,,,,,,,,
22.55000000000291,352,34578.96119402985,34720.295258117265,26.449000000000524,352.0,33488.0,35409.83882270497,25.450000000004366,352.0,32180.744278606966,32805.08292455034,,,,,,,,,,,,,,,,,26.79899999999907,352.0,34885.84533333333,37954.063069376316,,,,,,,,,,,,,,,,,,,,,,,,,,,,,,,,,,,,
22.599999999998545,353,34404.85572139303,34648.72693295959,26.54899999999907,353.0,33313.41691542289,35297.296893249244,25.54899999999907,353.0,32197.683582089554,32868.70170520907,,,,,,,,,,,,,,,,,26.84900000000198,353.0,35097.17333333333,38114.69096005606,,,,,,,,,,,,,,,,,,,,,,,,,,,,,,,,,,,,
22.650000000001455,354,34379.22388059701,34681.89675309507,26.598999999994703,354.0,33214.31243781094,35230.29572529783,25.599999999998545,354.0,32190.790049751246,32829.71642139687,,,,,,,,,,,,,,,,,26.949000000000524,354.0,73.24444444444444,88.84653118430273,,,,,,,,,,,,,,,,,,,,,,,,,,,,,,,,,,,,
22.750999999996566,355,34277.95422885572,34615.05255781359,26.64999999999418,355.0,33540.63283582089,35608.06166783462,25.70100000000093,355.0,32198.16119402985,32836.70170520907,,,,,,,,,,,,,,,,,26.997999999999593,355.0,63.047111111111114,83.7486568558748,,,,,,,,,,,,,,,,,,,,,,,,,,,,,,,,,,,,
22.80000000000291,356,34380.49751243781,34609.95094604065,26.74899999999616,356.0,33591.5144278607,35386.307871992525,25.851000000002387,356.0,32115.93233830846,32763.69072646578,,,,,,,,,,,,,,,,,27.04899999999907,356.0,69.91644444444445,80.79981312777389,,,,,,,,,,,,,,,,,,,,,,,,,,,,,,,,,,,,
22.851000000002387,357,34359.64179104478,34574.86755430974,26.848999999994703,357.0,33342.90149253731,35351.99813127774,25.951999999997497,357.0,32168.533333333333,32906.64797944405,,,,,,,,,,,,,,,,,,,,,,,,,,,,,,,,,,,,,,,,,,,,,,,,,,,,,,,,
22.95100000000093,358,34255.203980099504,34483.11329128708,26.94999999999709,358.0,78.55124378109453,100.74281709880869,26.099999999998545,358.0,32130.149253731342,32834.93015650549,,,,,,,,,,,,,,,,,,,,,,,,,,,,,,,,,,,,,,,,,,,,,,,,,,,,,,,,
23.0,359,34332.17910447761,34500.94090165849,26.99899999999616,359.0,76.59303482587065,100.03270263957019,26.15099999999802,359.0,32071.641791044774,32725.819201121234,,,,,,,,,,,,,,,,,,,,,,,,,,,,,,,,,,,,,,,,,,,,,,,,,,,,,,,,
23.099999999998545,360,34413.67562189055,34652.44942770381,27.04899999999907,360.0,72.58109452736318,100.95211399205793,26.249000000003434,360.0,32037.58805970149,32702.26956318617,,,,,,,,,,,,,,,,,,,,,,,,,,,,,,,,,,,,,,,,,,,,,,,,,,,,,,,,
23.152000000001863,361,34271.840796019904,34493.80238262088,,,,,26.30000000000291,361.0,31943.100497512438,32580.866152768045,,,,,,,,,,,,,,,,,,,,,,,,,,,,,,,,,,,,,,,,,,,,,,,,,,,,,,,,
23.25,362,34281.87064676617,34518.60406447092,,,,,26.349999999998545,362.0,32178.75422885572,32834.369539827145,,,,,,,,,,,,,,,,,,,,,,,,,,,,,,,,,,,,,,,,,,,,,,,,,,,,,,,,
23.351000000002387,363,33945.61592039801,34217.39219808456,,,,,26.450000000004366,363.0,31999.15621890547,32702.52744685821,,,,,,,,,,,,,,,,,,,,,,,,,,,,,,,,,,,,,,,,,,,,,,,,,,,,,,,,
23.400000000001455,364,34212.394029850744,34471.97944405513,,,,,26.54899999999907,364.0,32070.06567164179,32792.29712683953,,,,,,,,,,,,,,,,,,,,,,,,,,,,,,,,,,,,,,,,,,,,,,,,,,,,,,,,
23.5,365,34262.065671641794,34631.35155337538,,,,,26.59900000000198,365.0,32088.055721393033,32675.098341508994,,,,,,,,,,,,,,,,,,,,,,,,,,,,,,,,,,,,,,,,,,,,,,,,,,,,,,,,
23.552000000003318,366,34166.65472636816,34463.10301331465,,,,,26.648999999997613,366.0,31976.72437810945,32500.22704975473,,,,,,,,,,,,,,,,,,,,,,,,,,,,,,,,,,,,,,,,,,,,,,,,,,,,,,,,
23.652000000001863,367,34242.37213930348,34511.53281943471,,,,,26.699000000000524,367.0,31975.753233830845,32485.445456669004,,,,,,,,,,,,,,,,,,,,,,,,,,,,,,,,,,,,,,,,,,,,,,,,,,,,,,,,
23.69999999999709,368,34181.014925373136,34371.87199252511,,,,,26.79899999999907,368.0,31918.216915422887,32647.329128708247,,,,,,,,,,,,,,,,,,,,,,,,,,,,,,,,,,,,,,,,,,,,,,,,,,,,,,,,
23.750999999996566,369,34184.08756218905,34430.38916141089,,,,,26.84900000000198,369.0,31897.20199004975,32671.940200887642,,,,,,,,,,,,,,,,,,,,,,,,,,,,,,,,,,,,,,,,,,,,,,,,,,,,,,,,
23.80000000000291,370,34271.33134328358,34444.50922681617,,,,,26.950000000004366,370.0,70.5592039800995,84.61200654052791,,,,,,,,,,,,,,,,,,,,,,,,,,,,,,,,,,,,,,,,,,,,,,,,,,,,,,,,
23.95100000000093,371,34081.54427860696,34402.87409483766,,,,,27.0,371.0,69.54029850746268,84.7914038775987,,,,,,,,,,,,,,,,,,,,,,,,,,,,,,,,,,,,,,,,,,,,,,,,,,,,,,,,
24.0,372,34085.09452736318,34385.517402476056,,,,,,,,,,,,,,,,,,,,,,,,,,,,,,,,,,,,,,,,,,,,,,,,,,,,,,,,,,,,,,,,
24.099999999998545,373,34171.749253731345,34369.20345713618,,,,,,,,,,,,,,,,,,,,,,,,,,,,,,,,,,,,,,,,,,,,,,,,,,,,,,,,,,,,,,,,
24.15099999999802,374,34198.76616915423,34515.169352954916,,,,,,,,,,,,,,,,,,,,,,,,,,,,,,,,,,,,,,,,,,,,,,,,,,,,,,,,,,,,,,,,
24.250999999996566,375,34021.603980099506,34363.978509693996,,,,,,,,,,,,,,,,,,,,,,,,,,,,,,,,,,,,,,,,,,,,,,,,,,,,,,,,,,,,,,,,
24.30000000000291,376,34166.97313432836,34497.59962625555,,,,,,,,,,,,,,,,,,,,,,,,,,,,,,,,,,,,,,,,,,,,,,,,,,,,,,,,,,,,,,,,
24.400000000001455,377,34081.86268656716,34279.714085494044,,,,,,,,,,,,,,,,,,,,,,,,,,,,,,,,,,,,,,,,,,,,,,,,,,,,,,,,,,,,,,,,
24.45100000000093,378,34026.69850746269,34197.411819668305,,,,,,,,,,,,,,,,,,,,,,,,,,,,,,,,,,,,,,,,,,,,,,,,,,,,,,,,,,,,,,,,
24.5,379,34231.068656716416,34580.567157206264,,,,,,,,,,,,,,,,,,,,,,,,,,,,,,,,,,,,,,,,,,,,,,,,,,,,,,,,,,,,,,,,
24.599999999998545,380,34057.74328358209,34299.862648913804,,,,,,,,,,,,,,,,,,,,,,,,,,,,,,,,,,,,,,,,,,,,,,,,,,,,,,,,,,,,,,,,
24.65099999999802,381,34057.09054726368,34310.974071478624,,,,,,,,,,,,,,,,,,,,,,,,,,,,,,,,,,,,,,,,,,,,,,,,,,,,,,,,,,,,,,,,
24.69999999999709,382,33687.78507462687,33906.95258117262,,,,,,,,,,,,,,,,,,,,,,,,,,,,,,,,,,,,,,,,,,,,,,,,,,,,,,,,,,,,,,,,
24.750999999996566,383,33713.846766169154,33963.61971501986,,,,,,,,,,,,,,,,,,,,,,,,,,,,,,,,,,,,,,,,,,,,,,,,,,,,,,,,,,,,,,,,
24.80000000000291,384,34463.02885572139,34632.86148096239,,,,,,,,,,,,,,,,,,,,,,,,,,,,,,,,,,,,,,,,,,,,,,,,,,,,,,,,,,,,,,,,
24.849999999998545,385,34055.27562189055,34203.6271899089,,,,,,,,,,,,,,,,,,,,,,,,,,,,,,,,,,,,,,,,,,,,,,,,,,,,,,,,,,,,,,,,
24.95100000000093,386,34008.9631840796,34287.11422564821,,,,,,,,,,,,,,,,,,,,,,,,,,,,,,,,,,,,,,,,,,,,,,,,,,,,,,,,,,,,,,,,
25.052000000003318,387,33958.90945273632,34280.37935061901,,,,,,,,,,,,,,,,,,,,,,,,,,,,,,,,,,,,,,,,,,,,,,,,,,,,,,,,,,,,,,,,
25.099999999998545,388,34002.610945273635,34193.36416725064,,,,,,,,,,,,,,,,,,,,,,,,,,,,,,,,,,,,,,,,,,,,,,,,,,,,,,,,,,,,,,,,
25.152000000001863,389,34038.17711442786,34205.5706610605,,,,,,,,,,,,,,,,,,,,,,,,,,,,,,,,,,,,,,,,,,,,,,,,,,,,,,,,,,,,,,,,
25.250999999996566,390,34038.5592039801,34296.59985984583,,,,,,,,,,,,,,,,,,,,,,,,,,,,,,,,,,,,,,,,,,,,,,,,,,,,,,,,,,,,,,,,
25.349999999998545,391,33844.87164179105,34228.4064470918,,,,,,,,,,,,,,,,,,,,,,,,,,,,,,,,,,,,,,,,,,,,,,,,,,,,,,,,,,,,,,,,
25.400000000001455,392,34018.35621890547,34240.08222377949,,,,,,,,,,,,,,,,,,,,,,,,,,,,,,,,,,,,,,,,,,,,,,,,,,,,,,,,,,,,,,,,
25.45100000000093,393,33809.17810945274,34167.30296659659,,,,,,,,,,,,,,,,,,,,,,,,,,,,,,,,,,,,,,,,,,,,,,,,,,,,,,,,,,,,,,,,
25.5,394,34096.159203980096,34320.53819201121,,,,,,,,,,,,,,,,,,,,,,,,,,,,,,,,,,,,,,,,,,,,,,,,,,,,,,,,,,,,,,,,
25.599999999998545,395,33943.27562189055,34184.89511796309,,,,,,,,,,,,,,,,,,,,,,,,,,,,,,,,,,,,,,,,,,,,,,,,,,,,,,,,,,,,,,,,
25.650000000001455,396,34119.578109452734,34266.614342443354,,,,,,,,,,,,,,,,,,,,,,,,,,,,,,,,,,,,,,,,,,,,,,,,,,,,,,,,,,,,,,,,
25.80000000000291,397,34077.30945273632,34298.861013781825,,,,,,,,,,,,,,,,,,,,,,,,,,,,,,,,,,,,,,,,,,,,,,,,,,,,,,,,,,,,,,,,
25.851999999998952,398,33779.32736318408,34217.46694697501,,,,,,,,,,,,,,,,,,,,,,,,,,,,,,,,,,,,,,,,,,,,,,,,,,,,,,,,,,,,,,,,
25.95100000000093,399,34165.87462686567,34472.293389395,,,,,,,,,,,,,,,,,,,,,,,,,,,,,,,,,,,,,,,,,,,,,,,,,,,,,,,,,,,,,,,,
26.0,400,33875.56616915423,34025.085727633734,,,,,,,,,,,,,,,,,,,,,,,,,,,,,,,,,,,,,,,,,,,,,,,,,,,,,,,,,,,,,,,,
26.099999999998545,401,33907.05671641791,34113.46134080822,,,,,,,,,,,,,,,,,,,,,,,,,,,,,,,,,,,,,,,,,,,,,,,,,,,,,,,,,,,,,,,,
26.152000000001863,402,33864.6447761194,34077.79490773184,,,,,,,,,,,,,,,,,,,,,,,,,,,,,,,,,,,,,,,,,,,,,,,,,,,,,,,,,,,,,,,,
26.19999999999709,403,33749.285572139306,34085.95374912403,,,,,,,,,,,,,,,,,,,,,,,,,,,,,,,,,,,,,,,,,,,,,,,,,,,,,,,,,,,,,,,,
26.30000000000291,404,33768.94726368159,34215.52721326793,,,,,,,,,,,,,,,,,,,,,,,,,,,,,,,,,,,,,,,,,,,,,,,,,,,,,,,,,,,,,,,,
26.400000000001455,405,33786.17313432836,34024.102779724366,,,,,,,,,,,,,,,,,,,,,,,,,,,,,,,,,,,,,,,,,,,,,,,,,,,,,,,,,,,,,,,,
26.451999999997497,406,33640.94726368159,33953.82761037141,,,,,,,,,,,,,,,,,,,,,,,,,,,,,,,,,,,,,,,,,,,,,,,,,,,,,,,,,,,,,,,,
26.5,407,33972.37810945274,34172.22518103247,,,,,,,,,,,,,,,,,,,,,,,,,,,,,,,,,,,,,,,,,,,,,,,,,,,,,,,,,,,,,,,,
26.599999999998545,408,33711.76119402985,34057.12310207896,,,,,,,,,,,,,,,,,,,,,,,,,,,,,,,,,,,,,,,,,,,,,,,,,,,,,,,,,,,,,,,,
26.65099999999802,409,33900.59303482587,34120.928754963796,,,,,,,,,,,,,,,,,,,,,,,,,,,,,,,,,,,,,,,,,,,,,,,,,,,,,,,,,,,,,,,,
26.69999999999709,410,33759.72935323383,34070.10324690493,,,,,,,,,,,,,,,,,,,,,,,,,,,,,,,,,,,,,,,,,,,,,,,,,,,,,,,,,,,,,,,,
26.750999999996566,411,33710.48756218905,34016.11212333567,,,,,,,,,,,,,,,,,,,,,,,,,,,,,,,,,,,,,,,,,,,,,,,,,,,,,,,,,,,,,,,,
26.849999999998545,412,33792.85970149254,34086.49941602429,,,,,,,,,,,,,,,,,,,,,,,,,,,,,,,,,,,,,,,,,,,,,,,,,,,,,,,,,,,,,,,,
26.898999999997613,413,17962.02985074627,18100.720392431675,,,,,,,,,,,,,,,,,,,,,,,,,,,,,,,,,,,,,,,,,,,,,,,,,,,,,,,,,,,,,,,,
26.951999999997497,414,67.70945273631841,70.89184769913571,,,,,,,,,,,,,,,,,,,,,,,,,,,,,,,,,,,,,,,,,,,,,,,,,,,,,,,,,,,,,,,,
27.0,415,68.0915422885572,71.01518336837188,,,,,,,,,,,,,,,,,,,,,,,,,,,,,,,,,,,,,,,,,,,,,,,,,,,,,,,,,,,,,,,,
