20mW_0mM_TEMPO_T1_Time_s,20mW_0mM_TEMPO_T1_Intensity,20mW_0mM_TEMPO_T2_Time_s,20mW_0mM_TEMPO_T2_Intensity,30mW_0mM_TEMPO_T1_Time_s,30mW_0mM_TEMPO_T1_Intensity,30mW_0mM_TEMPO_T2_Time_s,30mW_0mM_TEMPO_T2_Intensity,30mW_0mM_TEMPO_T3_Time_s,30mW_0mM_TEMPO_T3_Intensity,40mW_0mM_TEMPO_T1_Time_s,40mW_0mM_TEMPO_T1_Intensity,40mW_0mM_TEMPO_T2_Time_s,40mW_0mM_TEMPO_T2_Intensity,20mW_1mM_TEMPO_T1_Time_s,20mW_1mM_TEMPO_T1_Intensity,20mW_1mM_TEMPO_T2_Time_s,20mW_1mM_TEMPO_T2_Intensity,30mW_1mM_TEMPO_T1_Time_s,30mW_1mM_TEMPO_T1_Intensity,30mW_1mM_TEMPO_T2_Time_s,30mW_1mM_TEMPO_T2_Intensity,40mW_1mM_TEMPO_T1_Time_s,40mW_1mM_TEMPO_T1_Intensity,40mW_1mM_TEMPO_T2_Time_s,40mW_1mM_TEMPO_T2_Intensity,20mW_5mM_TEMPO_T1_Time_s,20mW_5mM_TEMPO_T1_Intensity,20mW_5mM_TEMPO_T2_Time_s,20mW_5mM_TEMPO_T2_Intensity,30mW_5mM_TEMPO_T1_Time_s,30mW_5mM_TEMPO_T1_Intensity,30mW_5mM_TEMPO_T2_Time_s,30mW_5mM_TEMPO_T2_Intensity,40mW_5mM_TEMPO_T2_Time_s,40mW_5mM_TEMPO_T2_Intensity
0,0.095311695,0,0.092220505,0,0.075734158,0,0.066975786,0,0.074188563,0,0.070066976,0,0.065945389,0,0.100463679,0,0.112313241,0,0.083462133,0,0.072642968,0,0.063369397,0,0.075218959,0,0.105086641,0,0.102291783,0,0.071548351,0,0.072666294,0,0.075734158
0.025,0.111282844,0.003,0.105100464,0.025,0.072642968,0.025,0.072642968,0.025,0.080886141,0.025,0.070582174,0.024,0.067490984,0.025,0.112313241,0.025,0.108706852,0.026,0.070066976,0.025,0.060278207,0.025,0.064914992,0.026,0.072642968,0.026,0.095584125,0.024,0.103409726,0.025,0.068194522,0.025,0.081609838,0.024,0.086038125
0.05,0.114374034,0.018,0.0937661,0.051,0.070582174,0.05,0.060793405,0.05,0.078310149,0.049,0.065945389,0.049,0.072127769,0.049,0.091190108,0.05,0.116950026,0.051,0.070066976,0.05,0.077279753,0.053,0.070066976,0.05,0.077279753,0.052,0.094466182,0.049,0.083845724,0.05,0.081050866,0.05,0.070430408,0.05,0.060278207
0.076,0.098402885,0.044,0.112313241,0.075,0.085522926,0.076,0.077794951,0.076,0.05924781,0.076,0.062854199,0.074,0.069551777,0.075,0.098918083,0.075,0.102524472,0.075,0.068521381,0.074,0.070582174,0.075,0.078825348,0.075,0.071612571,0.076,0.118501956,0.076,0.088317496,0.075,0.064840693,0.075,0.077138066,0.074,0.058732612
0.101,0.089129315,0.069,0.107161257,0.1,0.086038125,0.101,0.070582174,0.1,0.081916538,0.1,0.074188563,0.099,0.072127769,0.1,0.098402885,0.101,0.095826893,0.1,0.078825348,0.1,0.076249356,0.1,0.05615662,0.1,0.061823802,0.101,0.121296814,0.102,0.09726104,0.1,0.076579094,0.1,0.071548351,0.1,0.063369397
0.127,0.105615662,0.094,0.111798042,0.125,0.070582174,0.125,0.065945389,0.125,0.080370943,0.125,0.062339001,0.124,0.074703761,0.125,0.093250902,0.126,0.119010819,0.127,0.085007728,0.125,0.074188563,0.125,0.065430191,0.125,0.078310149,0.127,0.096143097,0.126,0.09726104,0.125,0.084404695,0.125,0.067076579,0.124,0.065945389
0.152,0.102009274,0.12,0.103554869,0.15,0.083977331,0.15,0.0937661,0.15,0.079340546,0.149,0.087068521,0.149,0.086553323,0.152,0.105100464,0.151,0.115404431,0.15,0.076764554,0.15,0.078310149,0.151,0.081916538,0.15,0.068006182,0.153,0.098378983,0.151,0.097820011,0.15,0.06372275,0.15,0.083286752,0.149,0.08140134
0.178,0.095826893,0.145,0.085522926,0.175,0.069551777,0.175,0.081916538,0.175,0.079855744,0.174,0.060278207,0.174,0.067490984,0.176,0.104070067,0.176,0.092735703,0.175,0.076249356,0.174,0.071097372,0.175,0.071612571,0.175,0.077794951,0.178,0.097820011,0.176,0.11626607,0.175,0.065958636,0.176,0.068194522,0.176,0.064914992
0.203,0.089129315,0.171,0.104585265,0.2,0.083977331,0.2,0.091705307,0.2,0.081916538,0.2,0.063369397,0.199,0.079340546,0.201,0.097372488,0.202,0.10922205,0.2,0.071612571,0.2,0.076249356,0.2,0.067490984,0.2,0.086038125,0.203,0.086640581,0.202,0.091112353,0.2,0.068194522,0.2,0.073784237,0.201,0.062339001
0.229,0.098402885,0.196,0.102524472,0.225,0.065430191,0.225,0.072127769,0.225,0.078310149,0.225,0.055641422,0.224,0.076764554,0.226,0.106646059,0.228,0.111798042,0.226,0.091190108,0.225,0.072642968,0.225,0.057702215,0.225,0.069551777,0.228,0.114589156,0.228,0.088317496,0.225,0.079932923,0.226,0.073225266,0.225,0.073673364
0.254,0.100978877,0.221,0.095311695,0.25,0.077279753,0.25,0.082431736,0.251,0.091190108,0.249,0.077794951,0.249,0.082946935,0.253,0.105615662,0.252,0.098918083,0.25,0.076764554,0.251,0.073673364,0.251,0.066975786,0.251,0.090159711,0.255,0.084963667,0.253,0.111794298,0.25,0.066517608,0.25,0.079373952,0.249,0.064399794
0.279,0.086553323,0.247,0.104585265,0.276,0.063884596,0.275,0.069036579,0.275,0.071612571,0.275,0.197320969,0.274,0.070066976,0.277,0.106646059,0.278,0.100978877,0.275,0.065945389,0.275,0.064914992,0.276,0.072127769,0.275,0.070582174,0.28,0.105086641,0.278,0.102850755,0.275,0.066517608,0.275,0.067635551,0.276,0.071097372
0.305,0.098402885,0.274,0.086553323,0.301,0.087068521,0.301,0.081916538,0.3,0.073673364,0.3,1.024214323,0.299,0.077279753,0.302,0.10613086,0.303,0.094796497,0.3,0.076764554,0.3,0.050489438,0.3,0.072642968,0.3,0.079340546,0.304,0.08999441,0.305,0.100614869,0.301,0.072107323,0.3,0.073225266,0.299,0.073673364
0.33,0.10613086,0.298,0.093250902,0.325,0.078310149,0.325,0.077279753,0.325,0.065945389,0.325,3.013910355,0.324,0.065945389,0.328,0.119526018,0.328,0.10303967,0.326,0.071097372,0.324,0.082946935,0.325,0.059763009,0.325,0.071097372,0.33,0.097820011,0.329,0.102291783,0.325,0.077697037,0.326,0.065958636,0.324,0.072642968
0.355,0.096342092,0.323,0.104070067,0.35,0.09067491,0.35,0.071612571,0.35,0.069036579,0.35,3.742916023,0.349,0.068006182,0.354,0.107676455,0.353,0.095311695,0.35,0.075218959,0.351,0.086553323,0.352,0.075218959,0.35,0.066975786,0.357,0.113471213,0.354,0.107881498,0.35,0.080491895,0.35,0.063163779,0.35,0.079340546
0.38,0.098918083,0.35,0.103554869,0.375,0.058217414,0.376,0.069551777,0.377,0.076764554,0.375,3.874291602,0.374,0.072127769,0.378,0.095826893,0.379,0.112828439,0.375,0.079855744,0.375,0.072642968,0.376,0.072127769,0.376,0.077794951,0.381,0.120178871,0.38,0.10844047,0.375,0.067076579,0.375,0.081050866,0.375,0.060278207
0.406,0.114374034,0.374,0.125193199,0.4,0.083977331,0.4,0.067490984,0.4,0.074188563,0.4,3.795981453,0.399,0.074188563,0.404,0.113858836,0.405,0.118495621,0.4,0.077794951,0.4,0.077794951,0.4,0.079855744,0.55,0.072642968,0.406,0.110117384,0.405,0.10844047,0.4,0.081609838,0.4,0.064840693,0.4,0.074188563
0.431,0.108706852,0.399,0.097372488,0.425,0.093250902,0.425,0.077279753,0.425,0.081916538,0.425,3.787738279,0.424,0.074703761,0.429,0.112313241,0.429,0.102009274,0.425,0.083462133,0.425,0.068521381,0.426,0.074703761,0.701,0.079855744,0.431,0.108999441,0.431,0.096143097,0.425,0.064840693,0.425,0.067635551,0.425,0.067490984
0.457,0.097372488,0.425,0.117465224,0.45,0.069551777,0.45,0.08140134,0.45,0.063369397,0.45,3.818134982,0.449,0.070066976,0.455,0.092220505,0.455,0.110767646,0.45,0.077794951,0.45,0.072642968,0.45,0.069551777,0.926,3.155589902,0.457,0.129681386,0.456,0.115148127,0.45,0.058692007,0.45,0.070430408,0.449,0.069036579
0.482,0.101494075,0.45,0.116950026,0.475,0.082946935,0.476,0.072127769,0.476,0.086038125,0.475,3.866563627,0.474,0.074703761,0.479,0.101494075,0.48,0.107161257,0.475,0.097887687,0.474,0.079340546,0.475,0.081916538,1.076,3.118495621,0.484,0.115707099,0.481,0.117384013,0.475,0.081050866,0.475,0.07881498,0.476,0.064399794
0.507,0.09994848,0.476,0.115919629,0.5,0.082431736,0.5,0.081916538,0.501,0.075734158,0.5,3.795981453,0.499,0.08140134,0.505,0.105615662,0.505,0.119526018,0.5,0.073673364,0.5,0.074188563,0.5,0.076249356,1.201,3.1561051,0.507,0.102291783,0.507,0.100614869,0.501,0.073225266,0.5,0.064840693,0.499,0.064399794
0.533,0.093250902,0.501,0.105615662,0.526,0.076249356,0.525,0.081916538,0.525,0.065945389,0.525,3.867078825,0.524,0.077794951,0.531,0.108191654,0.531,0.088098918,0.526,0.073673364,0.524,0.061308604,0.526,0.076764554,1.425,3.274085523,0.533,0.101732812,0.532,0.10844047,0.525,0.07881498,0.525,0.070430408,0.525,0.066975786
0.558,0.110767646,0.526,0.091705307,0.55,0.087068521,0.55,0.087068521,0.55,0.068006182,0.55,3.922205049,0.549,0.060278207,0.556,0.089644513,0.556,0.091705307,0.55,0.066975786,0.725,0.088098918,0.552,0.075218959,1.5,3.522926327,0.559,0.104527669,0.558,0.095584125,0.55,0.062045836,0.55,0.074343208,0.549,0.073158166
0.584,0.107676455,0.553,0.09067491,0.575,0.070582174,0.577,0.082946935,0.576,0.081916538,0.575,3.969088099,0.574,0.05924781,0.581,0.103554869,0.582,0.09994848,0.575,0.079855744,0.85,0.077279753,0.575,0.073158166,1.55,3.807315817,0.585,0.107881498,0.583,0.092230296,0.575,0.072666294,0.575,0.070430408,0.575,0.066975786
0.609,0.096342092,0.577,0.096342092,0.6,0.068006182,0.625,0.076764554,0.601,0.069551777,0.6,4.092220505,0.599,0.071097372,0.606,0.100463679,0.606,0.092220505,0.6,0.065945389,1,0.065945389,0.6,0.074188563,1.576,4.023699124,0.609,0.106763555,0.608,0.102291783,0.6,0.076579094,0.6,0.067635551,0.599,0.060793405
0.635,0.099433282,0.603,0.110767646,0.625,0.075734158,0.676,0.069551777,0.625,0.077279753,0.625,4.259659969,0.624,0.078825348,0.631,0.09685729,0.632,0.096342092,0.625,0.062854199,1.051,0.075734158,0.626,0.077279753,1.675,5.307573416,0.635,0.106204584,0.634,0.105645612,0.65,0.07098938,0.626,0.06372275,0.625,0.077279753
0.66,0.090159711,0.628,0.106646059,0.65,0.060278207,0.726,0.070066976,0.65,0.089129315,0.65,4.442040185,0.651,0.070582174,0.658,0.108191654,0.657,0.094281298,0.651,0.076764554,1.075,0.062854199,0.651,0.065945389,1.751,6.696032973,0.661,0.105086641,0.66,0.099496926,0.675,0.07490218,0.65,0.069312465,0.649,0.064399794
0.686,0.104585265,0.653,0.095826893,0.675,0.076249356,0.75,0.066460587,0.675,0.074703761,0.676,4.773827924,0.674,0.069036579,0.682,0.09685729,0.683,0.095311695,0.675,0.081916538,1.1,0.065945389,0.675,0.057187017,1.8,8.119526018,0.686,0.100055897,0.686,0.120178871,0.726,0.073225266,0.7,0.07098938,0.674,0.077279753
0.712,0.109737249,0.68,0.111282844,0.701,0.076249356,0.8,0.068006182,0.701,0.068521381,0.7,4.982998454,0.699,0.071612571,0.707,0.105100464,0.708,0.10303967,0.7,0.072127769,1.125,0.081916538,0.7,0.078310149,1.877,10.625966,0.711,0.096143097,0.71,0.10117384,0.75,0.062045836,0.726,0.065399665,0.699,0.065945389
0.737,0.102524472,0.704,0.123132406,0.726,0.074188563,0.85,0.078310149,0.726,0.064399794,0.725,5.374549201,0.723,0.072642968,0.734,0.08758372,0.733,0.099433282,0.725,0.065945389,1.175,0.078825348,0.725,0.078825348,1.902,11.61463163,0.736,0.106763555,0.736,0.093348239,0.775,0.070430408,0.751,0.069871437,0.724,0.078825348
0.762,0.09685729,0.729,0.093250902,0.75,0.080886141,0.9,0.076249356,0.75,0.064914992,0.75,5.810407007,0.75,0.071097372,0.758,0.112313241,0.758,0.099433282,0.75,0.078310149,1.2,0.070582174,0.75,0.085522926,1.975,15.30602782,0.788,0.113471213,0.761,0.111235327,0.8,0.081050866,0.8,0.069871437,0.749,0.064914992
0.787,0.10613086,0.755,0.107161257,0.775,0.085007728,0.926,0.071097372,0.776,0.078310149,0.776,6.32818135,0.774,0.070582174,0.783,0.106646059,0.784,0.092220505,0.775,0.080886141,1.225,0.075218959,0.776,0.069036579,2.026,18.30757342,0.813,0.106204584,0.788,0.098378983,0.825,0.078256009,0.825,0.07098938,0.776,0.073158166
0.813,0.109737249,0.782,0.107161257,0.8,0.074703761,0.977,0.074703761,0.8,0.070582174,0.8,6.977846471,0.799,0.082946935,0.809,0.102009274,0.811,0.09685729,0.8,0.066460587,1.25,0.070582174,0.8,0.070582174,2.077,21.46213292,0.838,0.104527669,0.812,0.088317496,0.875,0.069871437,0.85,0.065958636,0.799,0.071612571
0.839,0.091705307,0.806,0.107161257,0.826,0.069551777,1.001,0.069551777,0.826,0.085522926,0.825,7.721277692,0.824,0.071097372,0.833,0.105615662,0.834,0.112313241,0.826,0.078310149,1.275,0.067490984,0.825,0.074188563,2.176,29.34878928,0.89,0.100614869,0.837,0.100055897,0.9,0.08608161,0.9,0.075461151,0.824,0.079340546
0.864,0.086553323,0.831,0.094796497,0.85,0.074703761,1.05,0.060793405,0.85,0.061308604,0.85,8.473467285,0.849,0.063884596,0.859,0.091705307,0.86,0.104070067,0.85,0.064399794,1.325,0.072127769,0.85,0.08140134,2.227,33.57290057,0.939,0.098378983,0.862,0.100614869,0.95,0.080491895,0.926,0.089435439,0.85,0.076764554
0.889,0.095311695,0.856,0.098402885,0.875,0.082431736,1.076,0.072127769,0.876,0.090159711,0.876,9.415249871,0.874,0.070582174,0.884,0.096342092,0.885,0.101494075,0.875,0.069036579,1.35,0.076249356,0.877,0.062339001,2.276,38.28438949,0.965,0.106763555,0.889,0.085522638,1,0.065958636,0.95,0.077138066,0.876,0.060793405
0.914,0.09994848,0.882,0.103554869,0.902,0.08449253,1.102,0.066460587,0.9,0.060793405,0.9,10.35703246,0.899,0.070582174,0.909,0.102524472,0.91,0.108191654,0.9,0.08140134,1.375,0.074188563,0.901,0.077794951,2.326,43.45028336,1.016,0.106204584,0.964,0.085522638,1.05,0.075461151,1,0.071548351,0.9,0.074703761
0.939,0.117980422,0.908,0.097372488,0.926,0.074188563,1.151,0.078310149,0.926,0.070066976,0.925,11.53889748,0.924,0.061308604,0.935,0.114374034,0.935,0.107161257,0.926,0.078310149,1.4,0.074703761,0.95,0.072127769,2.375,48.45955693,1.041,0.091671325,0.99,0.109558413,1.075,0.07490218,1.025,0.067076579,0.925,0.071097372
0.966,0.099433282,0.933,0.110767646,0.951,0.075218959,1.176,0.075218959,0.95,0.068521381,0.975,14.1251932,0.949,0.072127769,0.96,0.091705307,0.963,0.114374034,0.95,0.076249356,1.425,0.074188563,0.977,0.082431736,2.427,52.33075734,1.067,0.096143097,1.015,0.106204584,1.1,0.086640581,1.05,0.066517608,0.949,0.085522926
0.99,0.115919629,0.958,0.09067491,0.975,0.075734158,1.2,0.065945389,0.975,0.085007728,1,15.73312725,0.974,0.077794951,0.986,0.100978877,0.986,0.090159711,0.975,0.072642968,1.45,0.074188563,1.025,0.072642968,2.501,61.85780526,1.117,0.10844047,1.04,0.094466182,1.15,0.059250978,1.1,0.08999441,1.024,0.076249356
1.016,0.105615662,0.984,0.114374034,1,0.075218959,1.226,0.08140134,1,0.075218959,1.05,19.31530139,0.999,0.081916538,1.011,0.101494075,1.012,0.10613086,1,0.082431736,1.475,0.072127769,1.05,0.064914992,2.551,66.79495106,1.144,0.099496926,1.092,0.096143097,1.175,0.073784237,1.126,0.067635551,1.049,0.073158166
1.042,0.091190108,1.009,0.119010819,1.025,0.071612571,1.25,0.093250902,1.025,0.071097372,1.075,21.33384853,1.024,0.066975786,1.036,0.101494075,1.037,0.09994848,1.026,0.071612571,1.525,0.076764554,1.075,0.073158166,2.627,75.29005667,1.17,0.098937954,1.117,0.109558413,1.201,0.080491895,1.15,0.069871437,1.075,0.070582174
1.067,0.103554869,1.034,0.094796497,1.05,0.08140134,1.276,0.087068521,1.05,0.070582174,1.1,23.3735188,1.049,0.069036579,1.061,0.091190108,1.062,0.102524472,1.05,0.063369397,1.551,0.081916538,1.125,0.071612571,2.7,83.19680577,1.219,0.098937954,1.142,0.106204584,1.25,0.071548351,1.175,0.078256009,1.125,0.08140134
1.092,0.104070067,1.06,0.096342092,1.075,0.080370943,1.326,0.071097372,1.075,0.074188563,1.125,25.51519835,1.074,0.071612571,1.087,0.097887687,1.112,0.115919629,1.075,0.077794951,1.575,0.067490984,1.15,0.080886141,2.751,87.84647089,1.295,0.126886529,1.167,0.107322527,1.275,0.056456121,1.226,0.081609838,1.15,0.075734158
1.117,0.104070067,1.085,0.095311695,1.101,0.053580629,1.35,0.066460587,1.102,0.070066976,1.15,27.85986605,1.099,0.079340546,1.112,0.110767646,1.138,0.0937661,1.1,0.077279753,1.6,0.071612571,1.176,0.077794951,2.801,93.28541989,1.346,0.114030184,1.218,0.098937954,1.326,0.08999441,1.25,0.07490218,1.175,0.083462133
1.142,0.100463679,1.111,0.102524472,1.125,0.072127769,1.377,0.075734158,1.125,0.070582174,1.2,33.04018547,1.124,0.071612571,1.138,0.10922205,1.188,0.08758372,1.125,0.079340546,1.625,0.085007728,1.225,0.073158166,2.851,98.44204019,1.397,0.102850755,1.243,0.09726104,1.375,0.07490218,1.3,0.068194522,1.225,0.076249356
1.169,0.09685729,1.136,0.118495621,1.15,0.065430191,1.401,0.071612571,1.151,0.083977331,1.25,38.6264812,1.149,0.081916538,1.163,0.116950026,1.215,0.09994848,1.15,0.072127769,1.675,0.074703761,1.276,0.092220505,2.9,103.9953632,1.423,0.099496926,1.268,0.096702068,1.401,0.066517608,1.326,0.075461151,1.249,0.063369397
1.194,0.089129315,1.161,0.111282844,1.175,0.081916538,1.426,0.074188563,1.177,0.085007728,1.3,44.96342092,1.174,0.065945389,1.189,0.111798042,1.239,0.09067491,1.175,0.075218959,1.7,0.073158166,1.301,0.060278207,2.951,106.6269964,1.473,0.106763555,1.321,0.087199553,1.475,0.059250978,1.35,0.076579094,1.276,0.079855744
1.219,0.099433282,1.187,0.101494075,1.201,0.064914992,1.476,0.080886141,1.2,0.068521381,1.325,48.44204019,1.2,0.077279753,1.213,0.10303967,1.264,0.108191654,1.2,0.083977331,1.725,0.067490984,1.325,0.069551777,2.976,109.4018547,1.523,0.097820011,1.345,0.098937954,1.501,0.07098938,1.4,0.082168809,1.325,0.080886141
1.244,0.106646059,1.212,0.085007728,1.225,0.088098918,1.501,0.077279753,1.25,0.078825348,1.375,55.11849562,1.224,0.069551777,1.238,0.102009274,1.289,0.106646059,1.225,0.082431736,1.75,0.083977331,1.35,0.071097372,3.027,115.6929418,1.574,0.099496926,1.37,0.092230296,1.55,0.07490218,1.426,0.058692007,1.376,0.061308604
1.27,0.108706852,1.238,0.113343637,1.275,0.073673364,1.526,0.076764554,1.275,0.088098918,1.4,58.56826378,1.249,0.057702215,1.264,0.105100464,1.341,0.099433282,1.25,0.095311695,1.775,0.077279753,1.375,0.074703761,3.051,117.3266358,1.651,0.099496926,1.395,0.104527669,1.575,0.210732253,1.45,0.07098938,1.425,0.350850077
1.296,0.110767646,1.264,0.10613086,1.3,0.09067491,1.55,0.080886141,1.302,0.083977331,1.425,61.91808346,1.274,0.071612571,1.314,0.098918083,1.366,0.109737249,1.275,0.093250902,1.825,0.064914992,1.402,0.060793405,3.127,122.8583205,1.701,0.11626607,1.422,0.103409726,1.625,2.613750699,1.5,0.074343208,1.449,1.659969088
1.32,0.090159711,1.289,0.099433282,1.325,0.077794951,1.601,0.070582174,1.35,0.08449253,1.475,69.4368882,1.324,0.077794951,1.34,0.10303967,1.391,0.10303967,1.3,0.070066976,1.85,0.072127769,1.475,0.083977331,3.176,126.1468315,1.753,0.106763555,1.472,0.107322527,1.65,3.166014533,1.526,0.072107323,1.5,3.232354456
1.347,0.091705307,1.314,0.10303967,1.35,0.664605873,1.625,0.080370943,1.375,0.073158166,1.5,72.89438434,1.35,0.080886141,1.518,0.13137558,1.416,0.100463679,1.35,0.069036579,1.875,0.069551777,1.502,0.063884596,3.251,131.3786708,1.777,0.092230296,1.497,0.118501956,1.675,3.27724986,1.575,0.079373952,1.525,3.221535291
1.373,0.944358578,1.364,1.075734158,1.401,3.992787223,1.651,0.054611025,1.402,0.064399794,1.55,79.85316847,1.399,0.066975786,1.568,0.106646059,1.467,0.100978877,1.4,0.089644513,1.9,0.066975786,1.525,0.070066976,3.326,137.6537867,1.828,0.103968698,1.548,0.11235327,1.725,3.212968139,1.625,0.071548351,1.576,3.179289026
1.398,2.728490469,1.39,2.889747553,1.425,3.866563627,1.676,0.068521381,1.45,0.063369397,1.576,83.42194745,1.424,0.075218959,1.593,0.073673364,1.492,0.119010819,1.425,0.064399794,1.95,0.077794951,1.55,0.051519835,3.377,137.9696033,1.879,0.098937954,1.573,0.105086641,1.775,3.045835662,1.65,0.072107323,1.6,3.156620299
1.422,4.071097372,1.415,4.118495621,1.45,3.85935085,1.7,0.064914992,1.476,0.076249356,1.625,90.13858836,1.449,0.078310149,1.645,0.095826893,1.517,0.100463679,1.45,0.096342092,1.975,0.070582174,1.602,0.075218959,3.426,142.0293663,1.905,0.106204584,1.624,0.102291783,1.802,3.204583566,1.675,0.068753494,1.624,3.344152499
1.447,4.111798042,1.441,4.046367852,1.475,3.887171561,1.726,0.067490984,1.501,0.08140134,1.65,92.98351365,1.474,0.062339001,1.694,0.122617208,1.568,0.10922205,1.475,0.08449253,2.001,0.057702215,1.65,0.079340546,3.526,146.0747038,1.956,0.110676356,1.65,0.120737842,1.825,3.231414198,1.726,0.072107323,1.675,3.148377125
1.473,4.032457496,1.466,4.129314786,1.501,3.883565173,1.751,0.052035033,1.525,0.08140134,1.7,99.82998454,1.524,0.074188563,1.719,0.103554869,1.594,0.092220505,1.5,0.080370943,2.025,0.05924781,1.677,0.064914992,3.626,151.5986605,1.981,0.106204584,1.675,0.09726104,1.875,3.160424818,1.775,0.076020123,1.7,3.282843895
1.498,4.037094281,1.492,4.136527563,1.525,3.852653272,1.801,0.068521381,1.55,0.076764554,1.725,103.3426069,1.549,0.078825348,1.745,0.098918083,1.618,0.090159711,1.525,0.076764554,2.05,0.064914992,1.725,0.064399794,3.701,153.4719217,2.058,0.098378983,1.7,0.11626607,1.926,3.133035215,1.8,0.075461151,1.749,3.157135497
1.524,4.129829985,1.542,4.097372488,1.551,3.839773313,1.826,0.060278207,1.576,0.065430191,1.75,106.124678,1.574,0.079340546,1.795,0.104070067,1.644,0.115404431,1.55,0.070066976,2.075,0.17825863,1.75,0.076249356,3.726,155.3961875,2.108,0.087758524,1.752,0.109558413,1.95,3.269424259,1.826,0.067076579,1.775,3.266872746
1.549,4.057187017,1.568,4.198866564,1.6,3.841318908,1.85,0.085007728,1.6,0.074188563,1.775,109.2642968,1.6,0.058217414,1.82,0.122102009,1.694,0.104070067,1.6,0.644513138,2.1,1.186501803,1.777,0.076764554,3.776,157.5574446,2.159,0.098378983,1.778,0.090553382,1.975,3.307434321,1.875,0.078256009,1.801,3.192684183
1.575,4.107676455,1.593,4.082946935,1.651,3.991756826,1.901,0.443070582,1.626,0.078825348,1.825,115.5285935,1.624,0.66872746,1.845,0.688304997,1.72,0.142709943,1.625,2.29057187,2.125,2.832045337,1.825,0.076249356,3.827,157.9412674,2.184,0.103968698,1.827,0.091671325,2.025,3.173840134,1.926,0.082168809,1.85,3.266357548
1.6,4.076249356,1.62,4.147861927,1.675,4.24678001,1.926,1.979392066,1.651,0.067490984,1.85,118.571355,1.674,3.732612056,1.872,2.147861927,1.745,0.95620814,1.675,3.055126224,2.15,3.14374034,1.875,0.062854199,3.876,160.6579083,2.209,0.095584125,1.854,0.095025154,2.05,3.183901621,1.95,0.057574064,1.875,3.248840804
1.625,4.014940752,1.644,4.061308604,1.7,4.3436373,1.95,3.866563627,1.675,0.070582174,1.9,123.4121587,1.7,3.76249356,1.921,3.436888202,1.77,2.561051005,1.7,3.058217414,2.2,3.100978877,1.9,0.066460587,3.927,162.6465739,2.235,0.098937954,1.905,0.102291783,2.1,3.210732253,1.975,0.079373952,1.925,3.173621844
1.651,4.119526018,1.694,4.141679547,1.725,4.673364245,1.976,4.000515198,1.726,0.077279753,1.95,128.7655848,1.724,3.849562081,1.947,3.366306028,1.821,3.344667697,1.725,3.150437919,2.225,3.065430191,1.951,0.079340546,3.976,162.6635755,2.285,0.103968698,1.93,0.10844047,2.15,3.196757965,2.027,0.073784237,1.95,3.148377125
1.676,4.134981968,1.72,4.251931994,1.775,5.158681092,2.001,3.911385884,1.75,0.083462133,1.975,131.319423,1.749,3.75940237,1.998,3.441524987,1.871,3.431736218,1.777,3.169500258,2.25,3.048428645,1.976,0.062339001,4.051,165.4322514,2.337,0.096702068,1.98,0.106204584,2.201,3.13862493,2.05,0.383454444,2,3.267387944
1.703,4.117465224,1.771,4.368366821,1.801,5.594538897,2.051,3.970118496,1.776,0.068521381,2.025,136.194745,1.774,3.8124678,2.023,3.546625451,1.898,3.382277177,1.8,3.163833076,2.275,3.137042761,2.025,0.085522926,4.102,167.0798557,2.439,0.098937954,2.03,0.093907211,2.226,3.214086082,2.101,3.169927334,2.05,3.227202473
1.727,4.148892324,1.822,4.588871716,1.826,5.974755281,2.076,3.911385884,1.8,0.083977331,2.05,138.5754766,1.824,3.912931479,2.073,3.478619268,1.948,3.43431221,1.85,3.191138588,2.3,3.078310149,2.051,0.071097372,4.151,167.1612571,2.489,3.337618781,2.057,0.104527669,2.275,3.226942426,2.126,3.219675797,2.075,3.14992272
1.752,4.159711489,1.847,4.797527048,1.875,7.017001546,2.101,4.001030397,1.825,0.074188563,2.1,142.1834106,1.874,4.292117465,2.099,3.529108707,1.973,3.34672849,1.876,3.152498712,2.325,3.082431736,2.076,0.066460587,4.276,170.633694,2.566,3.645612074,2.108,0.106763555,2.301,3.244270542,2.175,3.196757965,2.125,3.261205564
1.778,4.246264812,1.898,5.292632664,1.901,7.745492014,2.125,4.011334364,1.851,0.069551777,2.125,144.9572385,1.899,4.57496136,2.149,3.456465739,1.998,3.345182895,1.9,3.164863472,2.351,3.088098918,2.1,0.071097372,4.351,171.0118496,2.616,3.557853549,2.133,0.102291783,2.326,3.178870878,2.2,3.15371716,2.175,3.279752705
1.803,4.298815044,1.923,5.536836682,1.925,8.444616177,2.151,4.005667182,1.876,0.695517774,2.175,148.3122102,1.924,4.758371973,2.175,3.404430706,2.05,3.379185987,1.925,3.104585265,2.4,3.027305513,2.126,0.077794951,4.428,173.2380216,2.641,3.580771381,2.183,1.602571269,2.401,3.253773058,2.226,3.254332029,2.225,3.226687275
1.828,4.412673879,1.949,5.955692942,1.975,10.23183926,2.201,4.251416795,1.9,2.372488408,2.2,150.5656878,1.949,5.174137043,2.201,3.412158681,2.075,3.361669243,1.95,3.090159711,2.425,3.044307058,2.176,0.416280268,4.476,177.0236991,2.692,3.712129681,2.209,3.257685858,2.45,3.158747904,2.25,3.190609279,2.25,3.209685729
1.854,4.600206079,1.974,6.319422978,2.002,11.27305513,2.226,4.441524987,1.925,3.900566718,2.225,152.3601236,1.999,6.211746522,2.225,3.396187532,2.124,3.394641937,1.975,3.120041216,2.451,3.107161257,2.2,1.281813498,4.526,171.0844925,2.717,3.637786473,2.234,3.507546115,2.501,3.248742314,2.3,3.19843488,2.3,3.203503349
1.881,4.715095312,2.025,7.231839258,2.025,12.32096857,2.251,4.577537352,1.952,3.934054611,2.275,155.8083462,2.024,6.723853684,2.276,3.491499227,2.15,3.432766615,2.026,3.108191654,2.475,3.0937661,2.226,3.063369397,4.551,175.3652756,2.768,3.610955841,2.285,3.518166574,2.525,3.226942426,2.326,3.219675797,2.35,3.225656878
1.904,4.895414735,2.051,7.742916023,2.075,14.46676971,2.3,5.080886141,1.976,3.954147347,2.3,157.4343122,2.049,7.439979392,2.302,3.400309119,2.2,3.313755796,2.051,3.164348274,2.525,3.075734158,2.3,3.051519835,4.601,178.0427615,2.82,3.685858021,2.31,3.572386808,2.575,3.22861934,2.35,3.221911683,2.425,3.150437919
1.93,5.094796497,2.076,8.391550747,2.125,16.9680577,2.326,5.516743946,2,3.928902628,2.325,159.1066461,2.099,9.062339001,2.351,3.417825863,2.226,3.382277177,2.1,3.078310149,2.55,3.164863472,2.351,3.18134982,4.651,175.2102009,2.869,3.697596423,2.362,3.520961431,2.6,3.221911683,2.4,3.173281163,2.45,3.2498712
1.956,5.39361154,2.126,9.84698609,2.15,18.3750644,2.377,6.470891293,2.051,3.893353941,2.525,170.3127254,2.149,11.16950026,2.377,3.485316847,2.277,3.432766615,2.125,3.102009274,2.575,3.165893869,2.375,3.207624936,4.702,177.2761463,2.895,3.67411962,2.388,3.540525433,2.65,3.121296814,2.426,3.206819452,2.5,3.279752705
1.981,5.771251932,2.153,10.77176713,2.2,21.48737764,2.401,6.961875322,2.1,3.987120041,2.55,171.4580113,2.174,12.48892324,2.427,3.371458011,2.302,3.434827409,2.15,3.080886141,2.6,3.098918083,2.425,3.163317877,4.776,176.5502318,2.921,3.698714366,2.437,3.545556177,2.7,3.163778647,2.45,3.121855785,2.525,3.256053581
2.006,6.095826893,2.178,11.58732612,2.225,23.31787738,2.45,8.376609995,2.125,4.04997424,2.601,173.5368367,2.199,13.88304997,2.453,3.465224111,2.327,3.391035549,2.176,3.043276662,2.625,3.068521381,2.451,3.187017002,4.827,178.7243689,2.971,3.646730017,2.464,3.493571828,2.726,3.217439911,2.502,3.19116825,2.6,3.233384853
2.031,6.536836682,2.228,13.56517259,2.251,25.10767646,2.476,9.177743431,2.15,4.229778465,2.675,177.1025245,2.249,17.02472952,2.503,3.523441525,2.378,3.442040185,2.201,3.180834621,2.675,3.070582174,2.476,3.112313241,4.876,179.6347244,3.023,3.668529905,2.513,3.54667412,2.775,3.208496367,2.526,3.163219676,2.625,3.121586811
2.057,6.8438949,2.253,14.75940237,2.3,28.94435858,2.551,12.20659454,2.176,4.29984544,2.7,177.8871716,2.299,20.80473982,2.529,3.48737764,2.428,3.39361154,2.276,3.1875322,2.7,3.074188563,2.525,3.117980422,4.926,178.3338485,3.098,3.591391839,2.539,3.465623253,2.8,3.076579094,2.55,3.171045277,2.676,3.201442555
2.082,7.335394127,2.305,17.23183926,2.35,32.99484802,2.602,14.67851623,2.226,4.847501288,2.726,179.0587326,2.324,22.91602267,2.605,3.5311695,2.479,3.383307573,2.325,3.13446677,2.751,3.163833076,2.576,3.186501803,4.976,180.0510046,3.125,3.571827837,2.59,3.491335942,2.85,3.273896031,2.601,3.128563443,2.725,3.281813498
2.108,7.906749098,2.33,18.74755281,2.376,35.3750644,2.651,17.69242658,2.251,5.14374034,2.776,180.6352396,2.374,27.47089129,2.63,3.535291087,2.504,3.401339516,2.375,3.212261721,2.775,3.091705307,2.625,3.250901597,5.051,180.6177228,3.174,3.652878703,2.615,3.517607602,2.9,3.096702068,2.627,3.205701509,2.75,3.282328697
2.159,9.299330242,2.38,21.71509531,2.425,40.10561566,2.677,19.35136528,2.276,5.416795466,2.8,181.6522411,2.424,32.77279753,2.656,3.458011334,2.555,3.500257599,2.4,3.210716126,2.8,3.103554869,2.651,3.137042761,5.101,180.8887172,3.225,3.59921744,2.665,3.537730576,2.95,3.180547792,2.675,3.23979877,2.8,3.126223596
2.184,9.807831015,2.407,23.10252447,2.451,42.55589902,2.726,22.97630088,2.325,6.464193715,2.85,183.8243174,2.449,35.50334879,2.706,3.470891293,2.58,3.347243689,2.425,3.232354456,2.825,3.19062339,2.701,3.135497166,5.126,181.319423,3.276,3.660145333,2.693,3.516489659,3,3.207378424,2.701,3.161542761,2.825,3.311695003
2.209,10.8449253,2.457,26.72642968,2.501,47.64142195,2.751,24.82895415,2.351,6.990211231,2.9,185.1159196,2.474,38.68057702,2.731,3.535806285,2.63,3.304482226,2.45,3.293147862,2.875,3.147861927,2.725,3.18134982,5.201,181.4724369,3.327,3.697596423,2.742,3.566797093,3.025,3.269424259,2.85,3.092230296,2.876,3.282843895
2.235,11.6244204,2.482,28.7187017,2.526,50.22668727,2.801,29.04224626,2.4,8.446676971,2.951,186.306543,2.524,44.6548171,2.782,3.49046883,2.656,3.444616177,2.475,3.312210201,2.901,3.29984544,2.775,3.266357548,5.276,181.0911901,3.379,3.612632756,2.767,3.484069312,3.075,3.164337619,2.925,3.275013974,2.9,3.287995878
2.26,12.57496136,2.508,30.56877898,2.576,55.59659969,2.826,31.46470891,2.426,9.157135497,3.05,188.8995363,2.549,48.52035033,2.807,3.504894384,2.681,3.38433797,2.5,3.545595054,2.975,3.419886656,2.801,3.229263266,5.301,181.8263782,3.454,3.604807155,2.793,3.556735606,3.15,3.162101733,2.976,3.160424818,2.975,3.194744977
2.311,14.73312725,2.558,35.01133436,2.675,70.16743946,2.876,36.76403916,2.451,10.14270994,3.1,190.3436373,2.574,51.53477589,2.832,3.495620814,2.733,3.415249871,2.55,3.830499742,3,3.632148377,2.85,3.360123648,5.351,182.2421432,3.479,3.569591951,2.844,3.572386808,3.175,2.992174399,3,3.195640022,3.001,3.28438949
2.336,15.82225657,2.585,37.25605358,2.7,74.59144771,2.901,39.55435343,2.55,14.9046883,3.125,191.3127254,2.624,58.16846986,2.858,3.433281813,2.758,3.382792375,2.575,3.95311695,3.05,3.813498197,2.901,3.705821741,5.427,181.0607934,3.53,3.670206819,2.869,3.563443264,3.226,3.225824483,3.051,3.184460593,3.05,3.260175167
2.362,17.27820711,2.635,42.06491499,4.351,204.9021123,3.001,51.4374034,2.576,16.16537867,3.176,191.8686244,2.674,65.07727975,2.909,3.531684699,2.808,3.529108707,2.625,4.252962391,3.15,4.832560536,2.926,3.85316847,5.476,182.9567233,3.632,3.732811627,2.92,3.543879262,3.25,3.214645053,3.1,3.149245388,3.101,3.269963936
2.412,20.05615662,2.66,44.58681092,4.476,208.2601752,3.051,57.95002576,2.626,19.33900052,3.225,193.4059763,2.699,68.20659454,2.959,3.617207625,2.833,3.48428645,2.675,4.696548171,3.225,5.810922205,2.951,4.022668727,5.502,183.0072128,3.682,3.694242594,2.97,3.517048631,3.275,3.202906652,3.125,3.116825042,3.15,3.308603812
2.438,21.61102524,2.685,47.44513138,4.55,210.306543,3.151,71.44873776,2.651,21.01545595,3.25,193.4157651,2.724,71.89489954,2.984,3.449252962,2.858,3.466769706,2.7,4.95002576,3.275,6.879443586,3.026,4.85935085,5.576,184.7903143,3.733,3.676914477,2.996,3.583007267,3.325,3.157070989,3.177,3.206819452,3.175,3.315301391
2.489,24.85213807,2.711,49.99381762,4.575,210.9103555,3.176,74.65790829,2.676,22.77022154,3.3,194.5342607,2.774,78.89592993,3.035,3.635239567,2.909,3.544564657,2.726,5.433797012,3.325,8.115919629,3.251,10.91138588,5.626,183.4971664,3.759,3.587479039,3.023,3.579653438,3.35,3.19116825,3.201,3.199552823,3.226,3.234930448
2.514,26.6244204,2.737,52.68263782,4.65,212.2539928,3.201,78.04070067,2.701,24.93456981,3.325,195.0118496,2.824,85.32818135,3.085,3.680577022,2.959,3.65327151,2.775,6.297784647,3.352,8.7501288,3.35,15.501288,5.677,185.6558475,3.809,3.523756288,3.072,3.532699832,3.375,3.19843488,3.25,3.165455562,3.275,3.191653787
2.566,30.65172591,2.787,58.05306543,4.776,214.3797012,3.251,84.8742916,2.776,31.61566203,3.375,195.6027821,2.874,91.98505925,3.136,3.81555899,2.985,3.776919114,2.826,7.352910871,3.4,10.25502318,3.5,25.31684699,5.726,178.3323029,3.861,3.633314701,3.124,3.593627725,3.45,3.27333706,3.301,3.272219117,3.3,3.339515714
2.59,32.74497682,2.837,64.03400309,4.826,215.6749098,3.276,88.43328181,2.8,34.17465224,3.401,196.5718702,2.899,94.9046883,3.161,3.95929933,3.061,4.108191654,2.851,7.911901082,3.425,11.07676455,3.526,27.05976301,5.777,183.8531685,3.886,3.680268306,3.148,3.458915595,3.5,3.103409726,3.325,3.219116825,3.325,3.256568779
2.641,36.97063369,2.863,66.81968058,4.875,216.2241113,3.326,94.85316847,2.825,36.6877898,3.45,196.8279238,2.974,103.8897476,3.212,4.192684183,3.111,4.332302937,2.875,8.672333849,3.475,12.98196806,3.551,29.5940237,5.851,182.872746,3.936,3.574622694,3.199,3.492453885,3.526,3.211291224,3.375,3.181665735,3.375,3.217413704
2.667,39.41885626,2.914,72.83410613,4.901,217.5136528,3.351,97.95466255,2.85,39.563627,3.5,197.7150953,2.999,106.6223596,3.237,4.44049459,3.162,4.72488408,2.926,10.14167955,3.5,14.10716126,3.601,33.80937661,5.877,187.3797012,3.988,3.608719955,3.25,3.502515372,3.55,3.2470654,3.4,3.083845724,3.426,3.304482226
2.692,41.86501803,2.939,75.51674395,4.951,217.451829,3.401,104.4301906,2.901,45.44976816,3.55,198.4028851,3.049,112.8985059,3.263,4.514683153,3.212,5.132921175,2.951,10.87789799,3.525,15.20556414,3.626,36.33075734,5.952,179.7460072,4.038,3.665735048,3.275,3.503074343,3.601,3.119619899,3.451,3.122414757,3.451,3.300360639
2.718,44.35085008,2.991,81.70324575,4.975,217.2874807,3.451,110.426069,2.925,48.38279238,3.6,199.1112828,3.074,114.8413189,3.288,4.610510046,3.238,5.390005152,2.975,11.91035549,3.575,17.63678516,3.676,40.66666667,6.026,183.4044307,4.09,3.600894354,3.326,3.565120179,3.65,3.228060369,3.5,3.106763555,3.5,3.241628027
2.768,49.46264812,3.019,84.13395157,5.001,218.4729521,3.476,114.0685214,2.951,51.4678001,3.65,199.638846,3.126,120.2782071,3.338,5.156620299,3.264,5.658938691,3,12.9366306,3.601,18.68933539,3.726,45.86759402,6.101,184.3668212,4.139,3.67411962,3.351,3.563443264,3.675,3.200670766,3.525,3.157629961,3.525,3.29675425
2.794,52.15352911,3.066,90.09119011,5.05,218.5337455,3.501,116.4368882,3.001,57.60432767,3.675,200.1865018,3.15,122.8320453,3.363,5.276146316,3.314,6.456980938,3.051,15.07212777,3.65,21.64245234,3.751,48.93920659,6.151,184.5754766,4.191,3.596422582,3.402,3.529904975,3.725,3.238121856,3.576,2.998882057,3.575,3.307058217
2.845,57.86913962,3.093,92.85110768,5.101,220.062339,3.551,122.7990726,3.026,60.93405461,3.725,200.1865018,3.199,127.3724884,3.414,5.956723338,3.365,7.082431736,3.101,17.26275116,3.675,23.09119011,3.801,54.44513138,6.328,183.6877898,4.243,3.645612074,3.453,3.583566238,3.775,3.197316937,3.6,3.252096143,3.625,3.188562597
2.921,66.28748068,3.118,95.83977331,5.126,220.1339516,3.601,128.1452859,3.076,67.31839258,3.775,201.4394642,3.251,131.5497166,3.465,6.679546625,3.389,7.62802679,3.126,18.56877898,3.701,24.92168985,3.826,56.44719217,6.428,184.9495106,4.292,3.646171045,3.478,3.506987144,3.803,3.201229737,3.625,3.134153158,3.65,3.283874292
2.946,69.06800618,3.168,101.4657393,5.176,220.7032457,3.627,130.9572385,3.1,70.55383823,3.825,201.1607419,3.299,135.6810922,3.515,7.492014426,3.441,8.705821741,3.175,21.48943843,3.75,28.33693972,3.876,61.86398764,6.476,183.3735188,4.343,3.657909447,3.529,3.488541084,3.85,3.161542761,3.676,3.18334265,3.7,3.262751159
2.971,72.44049459,3.193,104.1911386,5.201,221.5620814,3.701,138.6579083,3.126,73.82740855,3.876,202.2112313,3.324,138.0267903,3.566,8.637815559,3.491,9.901081917,3.2,22.83513653,3.775,30.16228748,3.901,64.78876868,6.527,183.7630088,4.394,3.677473449,3.556,3.588596982,3.875,3.1235327,3.701,3.136389044,3.75,3.39052035
3.022,78.09994848,3.244,109.8171046,5.225,221.3853684,3.727,141.4430706,3.175,80.67697063,3.925,202.0386399,3.349,139.4595569,3.617,9.738794436,3.541,11.25399279,3.25,26.17877383,3.825,33.71303452,3.951,70.15971149,6.602,185.0195775,4.471,3.600894354,3.605,3.584684181,3.925,3.243152599,3.725,3.18334265,3.8,3.441524987
3.047,81.08500773,3.27,112.3019062,5.276,221.9850592,3.776,145.9469346,3.201,83.92014426,3.951,202.4827409,3.399,143.2184441,3.769,14.28851108,3.567,11.99278722,3.301,29.56723338,3.851,35.9701185,4.001,75.64554353,7.002,183.5842349,4.495,3.652878703,3.656,3.527110117,3.975,3.20234768,3.776,3.113471213,3.851,3.476558475
3.1,86.95105616,3.32,117.5146832,5.301,222.5888717,3.801,148.1427099,3.226,87.13137558,4,202.2431736,3.424,144.7094281,3.794,15.13601236,3.617,13.7511592,3.327,31.21586811,3.875,38.03297269,4.051,81.0298815,7.102,183.4157651,4.546,3.703186138,3.682,3.515371716,4.025,3.17216322,3.825,3.181665735,3.875,3.482740855
3.149,92.71664091,3.396,124.8505925,5.351,221.8768676,3.851,152.8243174,3.276,93.34981968,4.05,203.254508,3.474,147.5337455,3.844,17.16640907,3.668,15.48840804,3.351,33.20865533,3.925,41.87017002,4.101,86.02782071,7.176,187.3992787,4.572,3.599776411,3.732,3.532699832,4.05,3.120737842,3.851,3.239239799,3.925,3.5625966
3.175,95.07779495,3.422,127.0958269,5.377,223.3807316,3.876,154.7578568,3.301,96.7192169,4.1,203.7666151,3.5,149.9062339,3.895,19.14425554,3.718,17.54404946,3.375,35.24781041,3.951,43.93199382,4.126,88.38124678,7.251,180.4095827,4.622,3.576299609,3.784,3.604248183,4.1,3.255449972,3.9,3.177752935,3.975,3.672849047
3.2,98.3446677,3.472,132.0535806,5.426,222.7346728,3.926,158.6115404,3.351,103.0437919,4.15,203.9139619,3.549,152.4420402,3.92,20.32302937,3.769,19.80886141,3.427,39.22514168,3.975,46.2179289,4.151,91.77228233,7.326,183.7253993,4.673,3.644494131,3.808,3.490217999,4.126,3.2470654,3.925,3.155953046,4,3.834621329
3.251,103.9711489,3.524,136.4126739,5.451,223.0592478,3.951,160.678001,3.376,105.7284905,4.175,203.6816074,3.574,153.8114374,3.971,22.63420917,3.794,20.74446162,3.451,41.62184441,4.026,50.87171561,4.251,101.1834106,7.377,184.1803194,4.698,3.555058692,3.86,3.459474567,4.175,3.107881498,3.977,3.130240358,4.05,3.996393612
3.276,106.6331788,3.549,139.1303452,5.501,224.807831,4.001,164.4688305,3.426,111.7861927,4.2,203.9562081,3.625,156.8315301,4.047,26.40288511,3.87,24.37712519,3.5,44.7825863,4.075,54.94178259,4.326,109.1020093,7.477,182.7053065,4.749,3.66294019,3.884,3.48686417,4.2,3.280603689,4,3.17216322,4.1,4.395672334
3.301,109.4265842,3.599,143.077795,5.551,224.3173622,4.026,166.9005667,3.476,117.4404946,4.25,204.2076249,3.649,157.6136012,4.073,28.12158681,3.922,27.07058217,3.551,49.80783101,4.125,59.7176713,4.351,111.2287481,7.552,183.9448738,4.775,3.592509782,3.937,3.500279486,4.25,3.190609279,4.052,3.178870878,4.15,4.849046883
3.327,112.2581144,3.625,145.0721278,5.601,224.8681092,4.076,170.0046368,3.502,120.2431736,4.3,205.0690366,3.749,162.2874807,4.122,30.58062854,3.946,28.50695518,3.577,52.32972694,4.151,61.97269449,4.401,114.7058217,7.626,182.9912416,4.825,3.632196758,3.987,3.543320291,4.275,3.125768586,4.101,3.184460593,4.176,5.045852653
3.378,117.3863988,3.65,147.0355487,5.626,224.2266873,4.101,171.1679547,3.552,125.4848016,4.35,205.2910871,3.799,165.2472952,4.174,33.58784132,3.971,29.87686759,3.601,54.05873261,4.175,64.3750644,4.426,116.9227202,7.677,184.12983,4.851,3.642258245,4.037,3.524874231,4.325,3.153158189,4.151,3.133035215,4.225,5.754250386
3.403,119.748068,3.701,150.9474498,5.676,226.010304,4.176,176.2282329,3.576,127.7223081,4.475,204.745492,3.825,165.922205,4.224,36.72230809,3.998,31.22565688,3.651,58.24111283,4.225,68.28954147,4.476,121.5893869,7.726,184.0793405,4.902,3.616545556,4.089,3.533817775,4.35,3.245388485,4.177,3.157629961,4.276,6.364760433
3.454,124.6625451,3.753,154.7903143,5.727,224.7825863,4.201,177.9139619,3.626,132.88305,4.551,205.3317877,3.874,168.2375064,4.249,38.25502318,4.047,34.41061309,3.701,62.05770222,4.252,71.38279238,4.526,125.6027821,7.776,183.7475528,4.979,3.56176635,4.113,3.518725545,4.375,3.167691448,4.225,3.230296255,4.3,6.916022669
3.479,127.2642968,3.778,156.4811953,5.776,226.2199897,4.227,179.0891293,3.651,135.4250386,4.625,205.5965997,3.899,169.0319423,4.3,42.18238022,4.098,37.65275631,3.752,68.41421947,4.275,73.4688305,4.576,128.4626481,7.851,183.8614116,5.028,3.558412521,4.139,3.593627725,4.4,3.2470654,4.251,3.214086082,4.377,8.301906234
3.505,129.8469861,3.828,160.007728,5.801,225.9155075,4.276,181.9866048,3.727,141.9706337,4.676,205.800103,3.949,170.1890778,4.376,47.62751159,4.123,39.61257084,3.777,69.79752705,4.325,77.77949511,4.601,130.4564657,7.901,182.4281298,5.08,3.66685299,4.165,3.508105087,4.426,3.189491336,4.3,3.226942426,4.4,8.831014941
3.531,132.2895415,3.853,161.5641422,5.827,225.5430191,4.327,183.9263266,3.751,144.1689851,4.7,205.8619268,3.999,172.3096342,4.401,49.38485317,4.148,41.20762494,3.825,73.17722823,4.35,79.74085523,4.652,134.4806801,7.951,182.5358063,5.106,3.613191727,4.24,3.52431526,4.501,3.294577977,4.35,3.174958077,4.45,10.29314786
3.555,134.0839773,3.904,165.2354456,5.876,227.2771767,4.351,186.002576,3.776,146.5517774,4.776,206.3276662,4.024,172.5976301,4.451,53.187017,4.199,44.75734158,3.875,79.18959299,4.4,85.77640392,4.676,134.98712,8.001,183.5919629,5.155,3.60313024,4.292,3.447736165,4.55,3.206260481,4.425,3.166014533,4.476,10.80267903
3.606,138.7578568,3.93,166.5074704,5.926,226.1421947,4.401,187.9386914,3.826,150.4832561,4.825,206.1442555,4.074,175.0695518,4.502,57.02679031,4.225,46.29005667,3.926,82.92787223,4.425,86.83616692,4.701,136.3333333,8.051,184.0906749,5.181,3.589714925,4.343,3.598658468,4.575,3.210173281,4.475,3.21352711,4.551,12.95414735
3.632,140.9036579,3.957,167.9793921,6.002,226.8191654,4.451,190.1159196,3.851,152.550747,4.875,206.2694487,4.1,175.0231839,4.527,58.98196806,4.251,48.75167439,3.95,84.95054096,4.451,90.80319423,4.752,140.2725399,8.076,181.9258114,5.232,3.56567915,4.393,3.494689771,4.626,3.198993851,4.525,3.207378424,4.576,13.85935085
3.657,142.7537352,4.006,171.3312725,6.051,227.5497166,4.476,191.6172076,3.901,156.3395157,4.9,206.7274601,4.149,176.7197321,4.579,62.65275631,4.327,54.05100464,4.001,90.11695003,4.5,93.82483256,4.801,143.3405461,8.151,184.0298815,5.282,3.356623812,4.443,3.494689771,4.65,3.160424818,4.55,3.143655674,4.625,15.49356002
3.708,146.9021123,4.031,172.4976816,6.077,227.7439464,4.526,193.2112313,3.951,159.6373004,4.95,205.9520866,4.174,177.1715611,4.629,66.83101494,4.376,57.48480165,4.05,94.40185471,4.55,97.77022154,4.852,147.1942298,8.226,184.7537352,5.334,3.712688653,4.469,3.565120179,4.726,3.264393516,4.625,3.18334265,4.676,17.63214838
3.735,149.0860381,4.082,175.7104585,6.151,227.7820711,4.551,194.3426069,4.001,163.2601752,4.975,206.6975786,4.224,178.7290057,4.679,71.06903658,4.428,61.62287481,4.076,95.8449253,4.575,100.2297785,4.901,147.3838228,8.303,183.1674395,5.384,3.681945221,4.494,3.487982113,4.751,3.328116266,4.65,3.112912241,4.726,19.56671819
3.758,151.0891293,4.108,177.1597115,6.177,228.1009789,4.601,196.1236476,4.027,164.7624936,5,206.6749098,4.274,179.7305513,4.73,74.65018032,4.452,63.00309119,4.127,100.3884596,4.6,103.9000515,4.951,150.6764554,8.452,182.929933,5.411,3.664058133,4.545,3.444382337,4.801,3.294577977,4.701,3.221911683,4.75,20.52704791
3.785,152.862442,4.133,178.2333849,6.226,226.9319938,4.626,196.9572385,4.076,167.8928387,5.076,206.7882535,4.3,180.0030912,4.755,77.01287996,4.503,67.36733642,4.175,104.7645544,4.625,103.1957754,5.001,151.9026275,8.526,181.8335909,5.462,3.608719955,4.596,3.494689771,4.825,3.367244271,4.725,3.190609279,4.8,22.937661
3.835,156.3884596,4.184,180.7408552,6.251,228.0999485,4.676,199.2385368,4.101,169.2715095,5.101,207.0262751,4.349,181.5311695,4.805,81.12004122,4.529,68.82998454,4.226,108.0463679,4.651,105.3297269,5.027,154.4245234,8.577,183.1102524,5.511,3.664617105,4.646,3.478479598,4.876,3.432643935,4.776,3.328116266,4.827,24.29984544
3.86,158.4698609,4.26,184.4744977,6.326,227.6378156,4.726,201.0592478,4.151,172.0551262,5.15,206.5136528,4.374,182.2426584,4.831,82.79237506,4.58,72.5007728,4.275,111.5301391,4.7,109.9644513,5.076,155.7372488,8.626,179.2807831,5.588,3.632196758,4.673,3.474007826,4.901,3.480156512,4.801,3.182224707,4.875,26.74497682
3.885,160.0144256,4.285,185.3482741,6.351,228.7619784,4.776,202.1442555,4.176,173.384338,5.176,206.9263266,4.425,182.1937146,4.881,87.45749614,4.604,74.54198867,4.327,116.2586296,4.726,111.6651211,5.127,157.4878928,8.701,181.5600206,5.638,3.523756288,4.723,3.541643376,4.95,3.601453326,4.851,3.238121856,4.928,29.11488923
3.911,161.7109737,4.338,187.6615147,6.401,227.6615147,4.826,203.6692427,4.226,176.2488408,5.225,206.62339,4.474,183.9809377,4.908,89.68469861,4.655,78.23596084,4.351,116.9185987,4.775,115.9191139,5.201,159.6032973,8.751,182.5234415,5.69,3.74175517,4.775,3.588596982,4.975,3.679709335,4.901,3.237562884,4.975,31.97681607
3.962,164.7676455,4.361,188.8768676,6.451,228.7573416,4.851,204.5059248,4.251,177.5244719,5.25,206.8021638,4.499,183.8165894,4.932,91.63266358,4.68,80.07161257,4.401,120.236476,4.801,118.3693972,5.226,160.737764,8.801,182.4327666,5.74,3.603689212,4.799,3.512017887,5.026,3.801006149,4.951,3.240357742,5.001,33.43019062
3.987,166.187017,4.412,190.9510562,6.501,228.1159196,4.901,206.0319423,4.301,179.9108707,5.301,206.8361669,4.549,185.0479134,4.983,96.29469346,4.731,83.57135497,4.451,124.4703761,4.85,121.8418341,5.276,163.3405461,8.851,182.5414735,5.792,3.632755729,4.85,3.411403018,5.051,3.89882616,4.977,3.281721632,5.05,35.91035549
4.013,168.1978362,4.463,193.0525502,6.551,228.9562081,4.926,206.2081401,4.327,181.1561051,5.35,206.5785677,4.599,185.6223596,5.009,98.48222566,4.781,87.70273055,4.475,125.7970118,4.876,122.4451314,5.327,163.942813,8.927,182.503864,5.816,3.596422582,4.901,3.544997205,5.126,4.218557854,5.025,3.202906652,5.1,38.98248326
4.064,170.9876352,4.489,193.5332303,6.577,228.8943843,4.976,207.88305,4.376,183.2328697,5.4,206.7954663,4.649,186.6532715,5.059,101.4214323,4.857,94.07212777,4.501,127.6403916,4.925,125.6151468,5.401,167.2112313,9.001,180.9422978,5.866,3.697596423,4.927,3.514253773,5.176,4.569591951,5.077,3.380659586,5.126,40.59763009
4.089,172.6713035,4.539,195.9984544,6.651,229.8552293,5.026,209.0443071,4.401,184.1772282,5.45,206.6048429,4.675,187.4028851,5.11,105.5935085,4.882,95.86862442,4.55,129.825863,4.95,128.1679547,5.427,167.5899021,9.076,182.0829469,5.893,3.664617105,4.977,3.465623253,5.225,4.912241476,5.125,3.285634433,5.176,43.66563627
4.139,175.4281298,4.565,196.8222566,6.676,228.5265327,5.051,209.5486862,4.451,186.194745,5.5,207.3838228,4.7,187.2720247,5.16,108.9860896,4.934,99.19010819,4.601,133.6038125,5,131.1962906,5.476,168.8438949,9.127,182.2369912,5.943,3.627724986,5.028,3.478479598,5.275,5.380659586,5.152,3.234209055,5.225,46.33178774
4.165,176.6759402,4.616,198.3312725,6.726,229.2256569,5.102,210.9489954,4.527,189.1071613,5.551,206.6944874,4.749,187.485832,5.212,113.3647604,4.958,100.2606904,4.626,135.0984029,5.025,131.553323,5.526,168.9129315,9.176,180.3915507,5.994,3.645612074,5.054,3.548351034,5.3,5.650642817,5.2,3.324203466,5.276,49.36218444
4.216,179.3400309,4.641,199.244204,6.776,228.7279753,5.151,212.0577022,4.551,189.9417826,5.625,206.4533745,4.775,188.244204,5.261,116.6810922,5.009,104.2035033,4.676,136.7970118,5.05,133.1617723,5.551,170.4966512,9.228,182.1782586,6.044,3.647288988,5.105,3.483510341,5.351,6.313583007,5.225,3.329793181,5.3,50.91859866
4.266,181.8578053,4.692,201.0690366,6.801,229.072643,5.201,212.4724369,4.601,192.303967,5.7,206.7758887,4.799,188.7326121,5.286,118.867594,5.06,107.1267388,4.726,141.0942813,5.075,134.8583205,5.601,171.940237,9.276,181.7496136,6.07,3.613750699,5.129,3.401341532,5.404,6.975964226,5.275,3.388485187,5.325,52.38382277
4.293,182.9062339,4.742,202.6429675,6.851,229.2086553,5.251,213.5955693,4.627,193.0432767,5.751,206.5327151,4.849,189.3750644,5.337,122.8062854,5.11,110.4188563,4.776,141.9562081,5.125,137.7300361,5.676,171.1854714,9.326,180.6512107,6.12,3.671883734,5.18,3.52822806,5.45,7.826159866,5.325,3.522079374,5.375,55.73055126
4.319,184.327151,4.768,203.2199897,6.901,229.5177743,5.301,214.7279753,4.676,194.1628027,5.8,206.9979392,4.874,189.7243689,5.413,129.1901082,5.161,113.5734158,4.827,144.7223081,5.175,140.1494075,5.727,173.7078825,9.426,181.2065945,6.147,3.595863611,5.231,3.533258804,5.475,8.133594187,5.376,3.5019564,5.426,57.8438949
4.368,186.4137043,4.819,204.7372488,6.926,229.748068,5.328,215.4734673,4.727,195.5899021,5.825,206.4848016,4.899,189.3889748,5.514,134.6331788,5.211,116.3755796,4.876,148.2823287,5.2,140.763524,5.751,174.5430191,9.476,179.672849,6.197,3.653996646,5.283,3.574622694,5.55,9.853549469,5.401,3.617104528,5.5,62.74446162
4.394,187.2699639,4.844,205.8047398,6.976,229.4482226,5.376,216.2591448,4.751,196.8196806,5.875,206.8294693,4.949,189.8794436,5.539,136.2112313,5.263,119.5749614,4.926,147.4142195,5.25,143.8933539,5.801,175.5131376,9.526,181.4770737,6.248,3.725544997,5.332,3.493012856,5.625,11.65567356,5.475,3.77529346,5.55,64.39515714
4.419,188.1715611,4.895,206.7666151,7.026,230.4590417,5.426,215.7769191,4.801,198.3189078,5.925,206.6836682,4.999,190.6342092,5.59,139.4683153,5.312,123.2205049,4.951,150.0267903,5.275,145.4817105,5.876,176.309119,9.576,178.9577537,6.274,3.658468418,5.384,3.514812745,5.725,14.54443823,5.501,4.007266629,5.602,67.10716126
4.47,190.3518805,4.92,207.615662,7.077,229.2354456,5.476,216.4502834,4.827,198.8985059,5.975,206.7372488,5.024,190.6970634,5.642,142.6099948,5.337,123.2153529,5.001,151.1674395,5.326,147.6862442,5.951,177.1473467,9.652,180.7161257,6.35,3.570150922,5.434,3.510340973,5.826,17.53158189,5.526,4.088876467,5.65,68.28541989
4.495,191.628542,4.972,208.2323545,7.101,230.127254,5.501,217.306543,4.876,200.0118496,6.001,206.1164348,5.074,190.8073158,5.666,143.825863,5.388,128.0195775,5.076,154.6666667,5.375,149.9763009,6.051,176.7357032,9.727,181.2241113,6.376,3.65902739,5.485,3.544997205,5.876,19.3666853,5.601,4.537730576,5.701,71.22977846
4.546,193.4992272,4.997,209.2168985,7.151,229.5692942,5.551,217.7279753,4.901,200.7120041,6.052,206.8248326,5.099,190.8294693,5.716,146.8387429,5.44,129.8588357,5.101,155.9015971,5.425,151.7882535,6.102,178.049459,9.802,182.3910355,6.425,3.692006708,5.511,3.548351034,5.926,21.16825042,5.651,4.806595864,5.75,73.14786193
4.597,195.5517774,5.022,210.0690366,7.201,230.1586811,5.577,218.1056157,4.951,201.6331788,6.1,206.5543534,5.149,191.5672334,5.767,149.6002061,5.49,132.5852653,5.151,158.7671303,5.45,153.2349304,6.202,177.7578568,9.876,178.7815559,6.477,3.683063164,5.613,3.409167132,5.975,22.96254891,5.675,5.129681386,5.801,75.70324575
4.623,196.4183411,5.073,211.1622875,7.251,229.820711,5.626,218.5873261,5.001,203.0613086,6.125,206.3549717,5.199,192.1458011,5.818,152.2787223,5.54,135.2658423,5.175,160.4224626,5.5,153.9572385,6.251,180.6429675,9.952,183.1669243,6.502,3.705422023,5.663,3.477920626,6.025,25.09167132,5.727,5.591391839,5.85,78.17207625
4.648,197.0947965,5.098,211.929933,7.277,229.4549201,5.651,219.4291602,5.076,204.4611025,6.175,206.6707883,5.224,192.4842865,5.868,154.9556929,5.567,136.264812,5.201,158.4822257,5.551,157.7310665,6.301,183.7424008,10.003,180.6841834,6.552,3.630519843,5.715,3.508664058,6.075,27.41643376,5.775,6.199552823,5.901,80.94848016
4.698,199.124678,5.123,212.1710459,7.326,230.6697579,5.702,219.0561566,5.101,205.2272025,6.2,205.8578053,5.299,192.566203,5.895,156.548171,5.616,138.5105616,5.251,160.4095827,5.6,157.1463163,6.376,181.6249356,10.028,180.558475,6.604,3.713247624,5.789,3.496925657,6.125,29.14589156,5.826,6.912241476,5.95,83.51622875
4.725,199.2787223,5.174,213.3049974,7.351,229.3833076,5.727,220.1952602,5.151,206.3235446,6.25,206.877898,5.349,193.2539928,5.919,155.9675425,5.667,141.0329727,5.301,161.1329212,5.625,158.0180319,6.427,185.0484286,10.102,179.0525502,6.654,3.664058133,5.816,3.514253773,6.15,30.4097261,5.875,7.701509223,6,85.63936115
4.75,200.5528078,5.225,214.4224626,7.376,229.4605873,5.776,221.0149408,5.176,207.0252447,6.3,206.0273055,5.399,192.8351365,5.995,160.9783617,5.717,143.2436888,5.351,162.1761978,5.676,161.50644,6.451,184.0267903,10.152,178.9562081,6.679,3.72275014,5.866,3.534935718,6.202,32.94186696,5.925,8.759642258,6.05,89.0927357
4.8,202.0855229,5.251,214.6816074,7.451,229.5899021,5.801,220.6862442,5.226,207.5950541,6.326,206.0927357,5.424,193.4997424,6.02,161.5904173,5.769,145.7861927,5.376,164.2771767,5.727,161.3359093,6.501,182.5641422,10.202,179.7269449,6.706,3.789267747,5.917,3.541643376,6.25,34.74846283,5.975,9.761878144,6.1,91.21380732
4.825,202.6053581,5.301,215.6063885,7.476,229.6939722,5.851,221.4750129,5.251,207.750644,6.375,206.298815,5.474,193.4075219,6.07,164.5193199,5.818,148.1638331,5.426,165.2225657,5.75,163.249356,6.527,183.0159711,10.252,178.4461618,6.756,3.698714366,5.943,3.57685858,6.3,37.42984908,6.002,10.26551146,6.15,93.55641422
4.851,203.5316847,5.352,216.859866,7.526,229.7624936,5.876,221.1442555,5.326,209.1931994,6.425,206.2550232,5.526,194.2107161,6.122,165.9902112,5.87,149.5595054,5.451,164.631118,5.8,164.0927357,6.576,183.3642452,10.301,178.7939207,6.782,3.7490218,5.993,3.560648407,6.35,39.83454444,6.051,11.09726104,6.2,96.64193715
4.876,204.5497166,5.378,217.1607419,7.551,229.3518805,5.927,222.2112313,5.351,209.698609,6.451,206.5579598,5.675,194.4332818,6.172,168.8031942,5.895,150.7042761,5.501,166.4698609,5.85,167.7166409,6.627,183.4193715,10.352,179.7676455,6.833,3.684181107,6.045,3.505869201,6.375,41.33370598,6.102,12.67411962,6.225,98.16692427
4.953,206.2266873,5.428,217.8500773,7.601,230.2709943,5.951,222.4106131,5.401,210.0422463,6.5,205.6929418,5.849,194.859866,6.197,168.6713035,5.945,152.6264812,5.576,169.0030912,5.9,166.7150953,6.676,183.3008758,10.427,178.7109737,6.883,3.742314142,6.094,3.616545556,6.426,43.37115707,6.126,13.4784796,6.275,100.9216899
5.003,207.7094281,5.479,219.0875837,7.627,229.9927872,6.001,222.693457,5.426,210.423493,6.526,205.9237506,5.95,195.2498712,6.248,170.9000515,5.97,154.6950026,5.626,168.7630088,5.95,170.3312725,6.726,183.8109222,10.476,179.6295724,6.909,3.66685299,6.12,3.514812745,6.502,46.92789268,6.176,15.00335383,6.326,103.3797012
5.054,208.6269964,5.53,219.9520866,7.701,230.015456,6.027,222.9526018,5.451,210.8979907,6.55,206.2823287,5.999,195.7552808,6.275,171.8145286,6.021,155.2405976,5.676,169.87017,5.975,170.7418856,6.801,183.1004637,10.526,179.7789799,6.984,3.720514254,6.171,3.622694243,6.55,49.15818893,6.202,15.95081051,6.375,106.6836682
5.079,209.3101494,5.606,220.812983,7.751,229.1107676,6.051,223.1664091,5.501,211.6532715,6.601,205.9866048,6.051,195.4811953,6.349,172.3518805,6.071,157.1020093,5.726,172.1081917,6.025,168.7295209,6.851,184.6146316,10.576,178.5162287,7.01,3.735606484,6.221,3.576299609,6.575,50.87702627,6.275,18.30128563,6.4,107.8480165
5.13,210.6826378,5.657,222.0149408,7.801,230.4343122,6.101,223.4770737,5.576,212.7779495,6.651,206.2421432,6.099,195.8572901,6.375,174.9201443,6.122,159.4291602,5.801,172.2967543,6.076,170.7949511,6.927,183.5625966,10.627,178.2395672,7.06,3.733370598,6.272,3.54667412,6.626,53.20346562,6.3,19.21408608,6.475,112.2143225
5.156,210.7614632,5.682,221.6099948,7.826,229.3086038,6.178,223.4781041,5.651,212.862442,6.726,205.7712519,6.174,195.6306028,6.45,178.3044822,6.173,159.9891808,5.851,173.4368882,6.126,171.3446677,6.976,185.0381247,10.727,179.3745492,7.086,3.827277809,6.348,3.538848519,6.676,56.1078815,6.325,20.04695361,6.575,117.5595054
5.206,212.4291602,5.733,222.1875322,7.876,229.9392066,6.226,224.0293663,5.701,214.0381247,6.75,205.3992787,6.225,195.6553323,6.477,179.0654302,6.199,161.0664606,5.901,174.1432251,6.176,172.6651211,7.002,184.6862442,10.777,178.4353426,7.111,3.782001118,6.4,3.579653438,6.726,57.66629402,6.375,21.94466182,6.626,119.8665636
5.233,212.8238022,5.784,223.4554353,7.926,229.1689851,6.277,224.3750644,5.751,214.2725399,6.775,205.5311695,6.249,195.8268934,6.526,179.9556929,6.248,162.1612571,5.951,174.9587841,6.201,173.2421432,7.076,183.8469861,10.877,177.438949,7.187,3.963107881,6.45,3.589714925,6.801,61.41866965,6.401,23.01229737,6.675,124.3060278
5.283,213.8320453,5.81,223.5528078,7.976,230.3771252,6.326,224.701185,5.776,214.381762,6.8,205.6713035,6.299,195.7315817,6.578,182.0293663,6.273,163.0015456,5.976,175.0829469,6.25,174.0814013,7.126,184.3286965,10.928,179.0293663,7.214,3.906092789,6.475,3.581889324,6.826,61.65958636,6.451,24.93348239,6.701,123.8979907
5.308,214.807831,5.86,224.2431736,8.001,230.0489438,6.401,224.6058733,5.826,215.0525502,6.851,205.5476558,6.326,195.8196806,6.602,181.6919114,6.324,165.0772798,6.026,176.5270479,6.301,174.1061309,7.176,185.6774858,11.028,179.0273055,7.263,3.942984908,6.553,3.586920067,6.876,64.53884852,6.501,26.93795416,6.75,127.1952602
5.333,214.8748068,5.912,224.9185987,8.026,229.0185471,6.451,225.2488408,5.876,214.9587841,6.925,205.3905204,6.375,195.2879959,6.652,183.0365791,6.375,167.2869655,6.076,176.3848532,6.35,174.4775889,7.227,184.0901597,11.076,177.4276146,7.315,4.173281163,6.577,3.563443264,6.901,65.24874231,6.525,28.19675797,6.775,128.0587326
5.385,215.5100464,5.936,224.9747553,8.076,230.0613086,6.501,225.4399794,5.926,215.5486862,6.975,204.615662,6.399,196.3997939,6.704,185.5615662,6.4,167.3750644,6.126,179.0602782,6.401,176.5275631,7.302,185.6537867,11.203,177.6161772,7.342,4.185578535,6.629,3.654555618,6.951,67.25209614,6.575,30.6411403,6.825,131.4399794
5.41,215.9902112,5.987,225.4152499,8.126,229.8608964,6.551,225.7666151,5.951,216.1983514,7.051,205.5028336,6.449,195.7918599,6.728,186.0654302,6.452,168.4255538,6.176,179.0015456,6.45,177.3910355,7.376,185.441525,11.303,176.4796497,7.365,4.365567356,6.679,3.616545556,7.002,69.53884852,6.627,32.8490777,6.85,130.7501288
5.435,216.7485832,6.012,226.0298815,8.151,229.7150953,6.602,225.9010819,6.001,216.4487378,7.125,205.0437919,6.549,196.0072128,6.804,187.0886141,6.501,169.4193715,6.226,180.5347759,6.502,176.8588357,7.427,185.1282844,11.377,177.3539413,7.442,4.57685858,6.729,3.68921185,7.051,71.41475685,6.675,35.19899385,6.9,135.8670788
5.486,217.6445131,6.063,226.0947965,8.201,229.1993818,6.626,226.1664091,6.026,216.5378671,7.15,205.2086553,6.599,196.1962906,6.83,187.877898,6.553,170.0618238,6.276,178.5574446,6.552,178.8742916,7.476,183.5023184,11.452,178.4708913,7.492,4.773616546,6.78,3.724427054,7.101,72.88652879,6.726,37.90832868,6.925,136.8969603
5.536,218.1318908,6.114,226.7496136,8.251,229.5569294,6.676,226.5842349,6.077,217.3209686,7.2,204.5151984,6.649,196.2679031,6.88,188.3276662,6.577,170.9361154,6.326,179.6074189,6.626,178.5847501,7.501,185.5682638,11.503,178.1772282,7.544,5.05254332,6.805,3.600335383,7.151,75.37898267,6.775,39.86305198,6.975,142.2235961
5.562,218.4538897,6.165,227.1787738,8.277,229.7887687,6.726,226.3585781,6.151,217.3920659,7.251,204.8480165,6.7,195.9598145,6.905,189.9448738,6.653,173.0123648,6.377,177.3523957,6.676,179.4198867,7.576,184.8263782,11.703,176.0896445,7.594,5.473448854,6.831,3.68529905,7.177,76.27501397,6.802,41.16936836,7,138.6522411
5.587,218.8737764,6.19,227.7794951,8.326,229.6640907,6.776,226.4100979,6.176,217.8959299,7.276,204.1164348,6.75,196.3137558,6.956,191.0164863,6.704,173.9675425,6.401,179.9469346,6.7,180.1798042,7.627,186.381762,11.752,178.0216383,7.645,5.879821129,6.882,3.79765232,7.226,78.14533259,6.851,44.10955841,7.075,146.0211231
5.639,220.1679547,6.215,227.8284389,8.351,229.5852653,6.851,226.7794951,6.226,217.9881504,7.326,204.6213292,6.775,196.2931479,6.982,191.550747,6.731,173.6671819,6.451,181.5440495,6.75,180.5471406,7.676,186.0984029,11.777,177.6640907,7.695,6.323085523,6.907,3.774175517,7.277,79.85858021,6.876,45.59921744,7.15,148.6460587
5.664,220.1715611,6.242,228.0736734,8.377,229.4374034,6.876,226.7547656,6.301,218.2802679,7.351,204.3199382,6.825,195.7253993,7.059,191.7511592,6.78,175.1952602,6.476,180.3049974,6.801,180.8511077,7.702,185.7897991,11.828,176.5151984,7.747,6.934041364,6.933,3.896590274,7.351,83.85578535,6.927,47.59865847,7.202,150.8171046
5.714,221.1293148,6.317,228.2823287,8.451,228.9057187,6.926,227.2086553,6.377,218.6470891,7.502,204.7831015,6.875,196.4214323,7.108,193.488408,6.805,175.2354456,6.526,181.7398248,6.85,182.6244204,7.776,181.6594539,11.903,177.2421432,7.797,7.420905534,7.009,3.995528228,7.403,85.19508105,6.976,50.76131917,7.251,152.438949
5.741,221.11695,6.368,228.431221,8.477,229.2225657,6.951,226.7156105,6.426,219.5492014,7.603,204.1736218,6.925,196.0350335,7.159,193.9793921,6.856,177.0736734,6.577,181.6378156,6.902,181.9237506,7.802,185.5378671,11.927,177.4734673,7.848,8.10844047,7.061,4.167691448,7.426,85.87926216,7.027,53.31190609,7.3,155.4507986
5.791,221.3508501,6.42,228.9933024,8.526,229.1200412,7.001,226.7449768,6.451,219.1339516,7.675,204.1154044,6.975,195.9232354,7.209,194.9829985,6.931,178.1715611,6.626,181.8717156,6.95,182.2174137,7.851,184.984544,12.002,176.5177743,7.873,8.529346003,7.11,4.258803801,7.476,88.93180548,7.101,56.37730576,7.35,157.9093251
5.817,222.6702731,6.469,229.7542504,8.576,229.2333849,7.026,226.8428645,6.501,219.0293663,7.726,204.0030912,7.025,195.7717671,7.234,195.3111798,6.982,178.2297785,6.676,182.9108707,6.975,183.3523957,7.928,186.5502318,12.027,179.0195775,7.924,9.43432085,7.186,4.608160984,7.502,89.79318055,7.176,60.55841252,7.375,158.6769706
5.867,222.7176713,6.495,229.8212262,8.601,229.239052,7.077,227.3905204,6.526,219.3281813,7.751,203.4878928,7.05,195.8042246,7.285,195.8413189,7.008,179.2612056,6.701,183.2900567,7.026,182.3879444,7.951,186.6553323,12.076,177.3405461,7.975,10.36053661,7.237,4.840134153,7.551,91.84684181,7.201,61.91280045,7.45,160.7460072
5.892,223.3745492,6.571,229.8547141,8.651,228.5919629,7.126,227,6.576,220.194745,7.801,203.675425,7.124,195.7604328,7.31,196.4322514,7.058,179.4162803,6.776,183.1081917,7.1,183.1679547,8.027,185.0458527,12.127,177.2395672,8,10.77138066,7.289,5.182224707,7.601,94.31190609,7.226,63.04415875,7.575,165.4595569
5.943,223.7614632,6.622,230.431221,8.701,229.423493,7.151,227.3874292,6.626,219.7305513,7.851,203.8722308,7.174,195.6058733,7.361,196.9634209,7.108,176.0082432,6.826,184.1756826,7.177,184.0200927,8.051,185.2658423,12.177,178.4183411,8.078,12.30072666,7.339,5.639463387,7.651,96.24482951,7.276,65.72778088,7.751,171.1890778
5.968,223.7681607,6.674,230.3930963,8.726,228.3678516,7.201,227.4791345,6.651,219.7398248,7.902,203.8356517,7.226,195.6975786,7.411,198.3292117,7.135,177.4044307,6.852,184.2740855,7.225,184.0370943,8.101,186.6218444,12.203,176.6774858,8.152,14.05366126,7.365,5.734488541,7.701,98.92286193,7.301,66.28787032,8.075,179.7934055
6.019,224.7187017,6.698,231.1164348,8.751,228.9175683,7.252,227.3503349,6.701,220.3596084,7.926,203.862442,7.274,195.9742401,7.437,199.3709428,7.159,180.7660999,6.901,183.6800618,7.275,187.3858836,8.151,186.1880474,12.252,176.7171561,8.204,15.30296255,7.415,6.258803801,7.751,100.2509782,7.351,69.02683063,8.175,181.8402885
6.045,224.6177228,6.749,231.1679547,8.801,229.5564142,7.301,227.5167439,6.727,220.2261721,7.975,203.6563627,7.35,195.2653272,7.487,198.8495621,7.21,182.36373,6.952,183.3755796,7.302,184.1622875,8.228,186.4296754,12.302,176.9757857,8.254,16.74063723,7.441,6.517048631,7.851,104.4622694,7.401,70.59250978,8.2,177.7511592
6.07,225.0267903,6.8,231.6872746,8.826,228.7831015,7.351,227.8346213,6.776,220.2977846,8.002,203.4054611,7.425,195.8964451,7.513,197.760948,7.236,181.9160227,7.001,185.3730036,7.35,185.7774343,8.276,186.2565688,12.327,177.0999485,8.33,18.76131917,7.493,7.081609838,7.876,105.9066518,7.451,73.98602571,8.251,183.2668727
6.121,225.3683668,6.85,231.6656363,8.876,229.3147862,7.376,227.7022154,6.827,220.8248326,8.051,203.386914,7.475,195.9629057,7.563,199.4018547,7.387,183.6136012,7.026,184.2488408,7.402,185.1128284,8.301,186.5146832,12.377,175.0164863,8.407,20.82448295,7.542,7.83510341,7.926,107.9463387,7.501,75.76299609,8.3,180.4100979
6.173,225.8634724,6.901,231.800103,8.926,228.2359608,7.426,228.1710459,6.951,220.7022154,8.076,202.8346213,7.526,195.2040185,7.614,200.555899,7.463,183.6573931,7.101,185.1257084,7.45,185.197321,8.476,185.5388975,12.427,176.5837197,8.432,21.76746786,7.594,8.528787032,7.976,109.8026831,7.527,76.94801565,8.35,185.6007213
6.222,226.3673364,6.952,231.6996394,8.977,229.4358578,7.451,227.3055126,7.026,220.6790314,8.126,203.2153529,7.55,195.054611,7.665,201.0448223,7.513,185.6378156,7.151,185.8196806,7.501,186.4003091,8.552,185.8397733,12.502,175.6846986,8.533,24.63107881,7.619,8.937954164,8.026,113.7154835,7.576,80.04471772,8.4,185.5600206
6.248,226.5079856,7.003,232.3961875,9.001,228.2529624,7.501,227.7903143,7.101,221.0685214,8.151,203.1617723,7.599,195.1540443,7.69,201.0860381,7.589,186.1937146,7.176,185.8284389,7.526,186.9938176,8.602,185.9670273,12.577,176.3997939,8.559,25.57350475,7.669,9.791503633,8.101,116.4052543,7.602,79.79597541,8.426,182.9891808
6.299,227.2864503,7.054,232.7521896,9.026,228.3348789,7.576,228.0180319,7.151,221.1009789,8.201,203.0463679,7.65,195.4739825,7.766,202.7207625,7.691,187.5785677,7.226,185.2771767,7.576,185.7990726,8.651,184.4765585,12.627,179.5698094,8.611,27.26998323,7.72,10.91112353,8.151,117.6042482,7.676,83.61095584,8.5,186.306543
6.324,226.935085,7.104,232.9309634,9.077,229.0061824,7.626,227.9144771,7.201,221.298815,8.226,203.132406,7.675,195.5085008,7.791,202.4569809,7.767,189.3359093,7.251,185.8320453,7.626,187.0360639,8.751,186.0041216,12.703,176.2292633,8.66,28.93236445,7.745,11.35718278,8.176,120.8915595,7.702,84.43655674,8.551,186.937661
6.375,227.563627,7.155,232.9912416,9.126,228.2905719,7.651,227.8784132,7.251,220.807831,8.276,203.3956723,7.725,195.0149408,7.842,202.7913447,7.969,190.810407,7.351,185.514168,7.677,187.0273055,8.827,187.3853684,12.752,175.9793921,8.737,31.49972051,7.796,12.29737283,8.251,123.1520402,7.751,86.72330911,8.601,188.7959815
6.4,227.6512107,7.181,233.1798042,9.177,228.449253,7.702,227.7027306,7.302,221.1736218,8.301,203.1334364,7.775,195.3523957,7.893,205.179289,8.02,190.3225142,7.401,187.2797527,7.726,186.241628,8.902,185.4693457,12.803,174.8449253,8.762,32.62996087,7.847,13.56120738,8.276,124.0262717,7.776,88.23979877,8.65,187.8722308
6.452,228.2802679,7.231,232.8928387,9.226,228.4374034,7.751,228.1035549,7.352,221.0808861,8.35,202.6543019,7.8,195.0170015,7.943,204.1380732,8.07,189.9963936,7.451,186.573931,7.777,187.758372,8.927,184.5857805,12.852,176.1931994,8.813,34.48910006,7.924,15.6411403,8.326,125.4974846,7.802,89.55002795,8.702,188.5461103
6.476,228.3575477,7.283,233.6136012,9.252,228.3982483,7.777,227.7315817,7.401,221.6048429,8.377,202.7058217,7.85,195.1566203,7.995,206.002576,8.095,190.1499227,7.476,186.9752705,7.901,186.6584235,8.976,188.1458011,12.928,174.9536321,8.864,36.66573505,7.948,16.01453326,8.401,129.5125769,7.851,91.37227501,8.75,189.9263266
6.502,228.0360639,7.308,233.5471406,9.301,228.1865018,7.852,227.7444616,7.451,221.9701185,8.426,202.8825348,7.875,194.9799073,8.019,205.7413704,8.222,190.6331788,7.501,186.4657393,7.951,187.8165894,9.003,188.6573931,12.978,174.5471406,8.889,37.45444382,7.999,17.39239799,8.426,130.569033,7.876,92.66964785,8.801,190.9242658
6.554,228.8516229,7.485,234.4853168,9.352,228.9634209,7.876,227.6573931,7.501,221.6172076,8.451,202.5358063,7.95,195.0499742,8.095,205.3431221,8.4,193.5347759,7.552,188.4059763,8,188.2642968,9.051,185.5842349,13.027,175.8799588,8.941,39.35271101,8.051,18.92621576,8.476,132.2023477,8.002,99.14197876,8.851,189.7449768
6.578,228.7758887,7.511,233.7934055,9.401,228.1875322,7.926,227.5971149,7.526,221.6790314,8.5,202.7841319,7.974,194.7372488,8.171,205.2885111,8.475,191.9598145,7.601,187.1236476,8.027,187.0412159,9.128,188.0757342,13.077,176.1354972,8.99,41.32699832,8.077,19.43096702,8.526,133.9167132,8.051,100.8641699,8.9,191.5455951
6.654,229.0314271,7.562,234.244204,9.451,228.6702731,7.976,228.5919629,7.577,221.7928903,8.551,202.3019062,8.026,195.1607419,8.196,205.5059248,8.576,192.7243689,7.651,187.2447192,8.075,187.2627512,9.176,185.2735703,13.127,175.7928903,9.067,44.68026831,8.126,20.86249301,8.601,138.6031302,8.102,103.7009503,8.95,191.7681607
6.705,229.374034,7.588,234.0288511,9.501,227.8310149,8.002,227.6481195,7.626,221.6393612,8.601,202.4616177,8.075,194.3003606,8.246,205.6110252,8.88,194.1452859,7.677,187.4111283,8.127,188.1514683,9.227,185.1179804,13.177,175.6409067,9.092,45.30855226,8.178,22.31134712,8.651,139.7328116,8.151,105.7820011,9.002,190.9536321
6.73,229.3086038,7.639,234.111798,9.526,228.438949,8.052,227.9675425,7.651,221.7320969,8.675,201.9464194,8.126,194.9654817,8.298,206.0030912,8.93,194.4358578,7.726,187.6470891,8.151,188.3436373,9.252,185.3657908,13.227,175.4904688,9.144,47.50810509,8.228,23.98099497,8.676,141.803801,8.201,107.7473449,9.026,191.5224111
6.782,230.4013395,7.689,234.3482741,9.576,228.2277177,8.126,227.5146832,7.726,221.4878928,8.726,202.0309119,8.175,193.7970118,8.348,208.7320969,9.309,197.3343637,7.776,187.5744462,8.226,189.5007728,9.302,185.3147862,13.327,175.5960845,9.168,48.43935159,8.28,25.83174958,8.726,142.9161543,8.251,110.2252655,9.075,192.8706852
6.807,229.5780526,7.714,234.3462133,9.601,227.6177228,8.152,227.3369397,7.826,222.005152,8.751,201.865018,8.225,194.6424523,8.399,207.7243689,9.387,196.6836682,7.826,189.758372,8.251,188.119526,9.351,184.88305,13.377,172.379186,9.221,50.65064282,8.329,27.38345444,8.776,145.0821688,8.301,111.9832309,9.101,192.7990726
6.858,230.4368882,7.74,234.0551262,9.627,228.368882,8.201,227.6630603,7.876,221.6996394,8.801,201.8438949,8.275,193.9057187,8.449,207.550747,9.462,195.5275631,7.876,187.1396188,8.276,188.9366306,9.427,183.4502834,13.427,174.4796497,9.271,52.44661822,8.38,29.31246506,8.802,145.1632197,8.326,112.6959195,9.151,193.1205564
6.908,230.3565173,7.79,234.1524987,9.676,228.2591448,8.226,227.9062339,7.926,221.8268934,8.826,201.9526018,8.35,194.2684183,8.5,208.0133952,9.562,196.1494075,7.901,187.2339001,8.35,189.8897476,9.476,184.0144256,13.477,175.241628,9.321,54.49357183,8.431,31.21743991,8.851,146.5517049,8.503,123.2537731,9.226,193.6326636
6.934,230.8263782,7.816,234.558475,9.751,228.3745492,8.276,227.6944874,7.977,222.132406,8.876,201.7089129,8.426,194.3292117,8.55,209.6872746,9.589,195.5486862,7.951,187.9788769,8.401,188.3812468,9.528,185.1931994,13.553,174.7094281,9.372,56.42593628,8.482,33.15818893,8.902,148.0994969,8.576,126.4684181,9.276,193.7831015
6.959,231.2179289,7.866,234.5213807,9.776,228.2498712,8.301,227.5502318,8.026,221.7655848,8.927,201.6846986,8.475,194.0170015,8.575,208.3601236,9.639,195.628542,7.976,187.1679547,8.426,188.3523957,9.576,184.8907779,13.577,173.6743946,9.423,58.22526551,8.533,34.92901062,8.951,150.1011738,8.627,128.3756288,9.325,196.1004637
7.01,230.9582689,7.893,234.6620299,9.827,227.5347759,8.353,227.8938691,8.078,221.7181865,8.951,201.6166924,8.6,193.9850592,8.626,207.9356002,9.715,196.2086553,8.026,186.935085,8.477,187.5105616,9.628,183.5883565,13.653,173.7202473,9.449,59.41866965,8.583,36.93292342,9.003,150.6948016,8.651,130.8552264,9.376,191.1725914
7.037,231.3884596,7.943,234.5754766,9.876,227.6816074,8.426,227.2921175,8.126,221.7058217,8.975,201.6125708,8.626,193.6980938,8.651,208.0298815,9.765,197.8974755,8.101,188.2050489,8.551,187.8433797,9.652,184.6048429,13.727,174.9474498,9.499,61.7138066,8.609,37.75069871,9.051,153.1112353,8.702,132.1704863,9.425,191.8454405
7.086,231.368882,7.993,234.379186,9.902,226.9185987,8.452,227.7851623,8.176,221.3225142,9.027,201.4889232,8.725,193.3153014,8.677,208.2035033,9.79,196.1952602,8.153,187.0123648,8.601,185.8212262,9.702,184.2740855,13.828,174.7851623,9.551,63.62045836,8.66,39.62493013,9.102,154.0899944,8.727,131.392957,9.476,196.1257084
7.111,231.3508501,8.019,234.7223081,9.951,227.8505925,8.502,227.9608449,8.251,221.4652241,9.076,201.6017517,8.75,193.2457496,8.728,208.6424523,9.842,197.4327666,8.226,188.4332818,8.676,187.9902112,9.751,183.2720247,13.877,173.4626481,9.576,64.02515372,8.685,40.77417552,9.151,155.373393,8.776,135.8585802,9.501,195.1406491
7.162,231.1885626,8.045,235.1081917,10.026,227.7238537,8.526,227.6269964,8.301,221.5399279,9.126,201.496136,8.8,193.7903143,8.752,208.6342092,9.866,196.9860896,8.251,188.4044307,8.726,189.0767646,9.802,183.1865018,13.928,174.8562597,9.625,65.8451649,8.761,43.60368921,9.202,155.4656233,8.826,137.5209614,9.575,195.1427099
7.189,232.0314271,8.095,234.9835137,10.077,227.070067,8.577,227.2426584,8.351,221.4482226,9.176,201.4574961,8.85,193.2766615,8.803,208.6043277,9.917,196.0396703,8.301,187.0772798,8.751,188.8835652,9.852,184.6512107,14.027,172.9237506,9.678,68.05086641,8.812,45.67859139,9.251,161.3292342,8.926,142.6959195,9.6,195.2328697
7.213,231.4554353,8.121,234.6321484,10.126,227.1458011,8.602,227.7006698,8.427,221.2323545,9.226,201.6321484,8.9,193.4188563,8.829,209.2509016,9.993,196.3673364,8.351,187.5151984,8.826,188.7032457,9.902,181.4580113,14.077,173.3446677,9.727,69.54835103,8.863,47.89547233,9.301,164.1145892,9.401,162.3801006,9.651,198.4461618
7.264,231.9860896,8.171,234.8304997,10.176,226.511592,8.652,227.6476043,8.501,221.5069552,9.251,201.4827409,8.925,192.6687275,8.879,210.3760948,10.044,196.2555384,8.401,188.3163318,8.876,189.0159711,9.976,183.7753735,14.127,174.4997424,9.804,72.61934041,8.915,49.84684181,9.376,169.6517608,9.651,171.8882057,9.676,184.7666151
7.291,231.9809377,8.197,235.1380732,10.201,227.6419371,8.702,227.6439979,8.576,221.436373,9.301,201.2153529,8.975,193.8665636,8.955,209.5605358,10.119,196.0540958,8.476,187.2617208,8.901,189.3513653,10.002,184.1643483,14.202,174.2998454,9.854,74.10620458,8.939,50.95528228,9.426,170.1587479,9.901,177.4421465,9.727,191.3884596
7.34,232.0798557,8.247,235.1916538,10.252,226.8119526,8.752,227.6022669,8.601,221.1679547,9.326,201.0072128,9.025,192.8851108,9.005,209.4322514,10.17,196.4317362,8.501,187.4775889,8.951,188.3080886,10.051,183.3776404,14.277,174.0443071,9.88,74.89435439,9.016,54.05086641,9.476,173.0447177,9.952,178.4980436,9.775,199.3678516
7.391,232.2287481,8.273,234.9891808,10.301,227.1942298,8.801,227.3601236,8.652,221.4734673,9.401,200.7408552,9.05,193.2941783,9.032,209.7805255,10.221,196.685729,8.551,188.3379701,9.026,188.3338485,10.103,184.0432767,14.652,0.104070067,9.956,77.67020682,9.04,54.99441029,9.526,174.5528228,10.001,179.7506987,9.826,195.9046883
7.416,232.5182895,8.324,234.8021638,10.326,226.9340546,8.877,227.5862957,8.702,220.7660999,9.452,200.8825348,9.1,192.9082947,9.081,209.553323,10.297,196.2344152,8.576,186.0484286,9.076,189.0901597,10.151,180.8526533,14.827,0.092735703,9.982,78.65343767,9.091,56.95360537,9.576,175.3683622,10.052,181.5148127,9.875,196.0577022
7.442,231.7691911,8.374,235.4106131,10.402,227.327151,8.901,226.8768676,8.726,220.9680577,9.476,200.3874292,9.15,192.6785162,9.106,210.5260175,10.347,196.6306028,8.602,188.3137558,9.126,189.8371973,10.176,183.5033488,15.027,0.107161257,10.032,80.60424818,9.144,58.63275573,9.626,177.0676356,10.101,181.5192845,9.926,194.8691396
7.492,232.5935085,8.425,235.5615662,10.451,226.6872746,8.952,226.9716641,8.776,221.0844925,9.526,200.7511592,9.176,193.5342607,9.157,210.0257599,10.397,195.561051,8.651,187.563627,9.176,188.2952087,10.227,182.6027821,15.103,0.095311695,10.109,83.57350475,9.168,60.52040246,9.701,179.9686976,10.152,182.4980436,10.002,196.6331788
7.519,232.5358063,8.476,235.1025245,10.501,226.7805255,9.001,227.0942813,8.826,221.0226687,9.551,200.6455435,9.25,193.0314271,9.208,210.2174137,10.423,197.1937146,8.676,187.5126224,9.227,188.7990726,10.302,182.8681092,15.152,0.105100464,10.159,85.36500838,9.219,62.0117384,9.726,180.3247624,10.201,183.8949134,10.051,196.5960845
7.544,232.7279753,8.552,235.3256054,10.551,226.4976816,9.026,226.8789284,8.852,221.2792375,9.601,200.0484286,9.3,192.4064915,9.233,210.5033488,10.475,196.8876868,8.726,186.7908295,9.276,188.1813498,10.376,182.6228748,15.252,0.092220505,10.211,87.42705422,9.269,64.26551146,9.802,181.0318614,10.251,185.3113471,10.075,195.052035
7.594,232.989696,8.603,235.6079341,10.601,226.6373004,9.076,226.8871716,8.901,220.9629057,9.726,200.0540958,9.35,192.9969088,9.283,211.0211231,10.499,196.2174137,8.751,185.7197321,9.326,189.0108192,10.428,182.1452859,15.327,0.101494075,10.26,89.38010061,9.295,64.83398547,9.877,183.3158189,10.301,185.3856903,10.126,195.0314271
7.646,232.5383823,8.654,235.1313756,10.626,226.0267903,9.126,226.9629057,8.927,221.1638331,9.776,200.062339,9.4,192.0036064,9.335,210.3554869,10.549,196.7197321,8.801,188.2658423,9.376,187.1653787,10.476,183.124678,15.403,0.114889232,10.312,91.35941867,9.347,66.47344885,9.902,183.0575741,10.376,186.3504751,10.176,196.8825348
7.695,233.111798,8.73,235.5193199,10.651,226.1777434,9.178,226.9680577,9.001,220.9474498,9.801,199.9855744,9.425,192.5528078,9.359,212.1174652,10.625,196.7970118,8.826,190.5316847,9.451,187.9489954,10.502,183.321999,15.452,0.085522926,10.362,93.15651202,9.396,69.05589715,9.951,183.3627725,10.401,186.1648966,10.225,196.3580629
7.721,233.0401855,8.781,235.2725399,10.701,226.2823287,9.201,226.9752705,9.101,220.6161772,9.852,200.3441525,9.476,192.2143225,9.385,209.937661,10.676,197.4889232,8.901,188.9031427,9.526,188.2797527,10.577,181.6280268,15.503,0.10303967,10.414,95.61319173,9.448,70.59306875,10.026,185.7098938,10.452,187.2006708,10.251,195.6991242
7.772,233.5327151,8.807,235.4693457,10.751,226.7990726,9.251,226.5574446,9.152,220.2040185,9.901,200.2926327,9.5,192.0273055,9.461,210.7516744,10.728,194.2529624,8.976,189.361154,9.576,189.1236476,10.627,183.2931479,15.552,0.095826893,10.464,97.2783678,9.498,72.75237563,10.076,185.5863611,10.652,190.5969816,10.302,196.8320453
7.822,233.137558,8.857,235.3884596,10.777,226.2967543,9.277,226.6053581,9.201,220.4945904,9.926,199.9840289,9.6,191.9381762,9.537,210.924781,10.777,196.8897476,9.026,186.3395157,9.601,188.0566718,10.676,177.5466255,15.627,0.09685729,10.514,99.38401342,9.549,74.51593069,10.101,186.5204025,10.701,190.5477921,10.351,197.0530654
7.848,232.9938176,8.908,235.1931994,10.827,226.5821741,9.351,226.3127254,9.251,220.371458,9.976,199.9057187,9.65,192.2029882,9.562,211.0370943,10.853,198.181865,9.101,187.7697063,9.676,187.072643,10.727,181.2586296,15.704,0.085007728,10.54,101.0027949,9.575,75.45220794,10.177,188.3493572,10.752,191.589156,10.402,195.6774858
7.924,233.2679031,8.933,235.4296754,10.851,226.6141164,9.401,226.4070067,9.301,219.9031427,10.001,199.7336425,9.826,191.8809892,9.613,211.3920659,10.955,197.5347759,9.151,185.4379186,9.726,188.5198351,10.776,182.7964967,15.752,0.08758372,10.591,103.0162102,9.625,77.06931247,10.226,188.3119061,10.801,192.5651202,10.451,195.7645544
8,233.5656878,8.985,235.2699639,10.901,225.9989696,9.427,226.503864,9.351,220.5425039,10.026,199.7841319,9.9,191.953117,9.638,211.6877898,10.979,196.5363215,9.202,188.1983514,9.801,188.9201443,10.802,183.0061824,15.804,0.093250902,10.641,105.0553382,9.675,79.48127446,10.251,190.4840693,10.852,188.3817775,10.476,197.4204019
8.052,233.3178774,9.009,234.8608964,10.927,226.4034003,9.478,226.6017517,9.401,220.6398764,10.076,199.5790829,9.975,191.2184441,9.688,211.6063885,11.03,196.6944874,9.251,186.992272,9.852,188.7769191,10.852,181.4121587,15.827,0.092735703,10.719,107.8446059,9.726,81.3940749,10.326,189.7803242,10.876,192.3359419,10.526,197.1782586
8.076,233.4631633,9.06,235.194745,10.978,226.0139104,9.527,226.7460072,9.452,219.8335909,10.126,199.3106646,10.026,191.5352911,9.714,211.3647604,11.08,197.075219,9.276,186.9778465,9.926,189.4863472,10.902,182.5847501,15.878,0.092735703,10.769,109.4276132,9.752,82.42817216,10.377,192.7534936,10.926,192.8418111,10.551,195.4894384
8.128,233.7697063,9.085,234.8469861,11.026,225.8531685,9.552,226.0855229,9.501,219.8912931,10.177,199.4574961,10.226,190.9706337,9.764,211.5821741,11.131,196.2627512,9.326,188.0896445,10.001,188.7727975,10.977,182.7867079,15.904,0.098918083,10.845,112.724986,9.803,84.08160984,10.426,190.9765232,10.976,191.5589715,10.601,195.8588357
8.154,233.5899021,9.111,235.4296754,11.077,225.7331273,9.626,226.4152499,9.526,220.4368882,10.226,199.2071097,10.3,191.1226172,9.789,212.0633694,11.182,196.5193199,9.376,188.0113344,10.027,188.6269964,11.027,181.2462648,15.927,0.086038125,10.87,114.0329793,9.853,86.73225266,10.477,192.7501397,11.001,192.8725545,10.651,197.6084493
8.203,233.4533745,9.162,235.1293148,11.127,226.1190108,9.652,225.7104585,9.576,220.1952602,10.276,199.2266873,10.326,190.696033,9.841,211.9103555,11.207,197.3503349,9.426,186.6197836,10.101,187.7944359,11.076,182.0736734,15.979,0.092220505,10.921,115.5366126,9.904,88.3862493,10.526,191.8160984,11.052,194.5170486,10.676,194.0875837
8.229,233.7861927,9.238,234.9206595,11.177,225.6893354,9.702,225.9773313,9.626,220.1957754,10.326,199.3209686,10.375,190.7604328,9.865,213.6486347,11.258,197.2313241,9.503,188.6476043,10.151,188.6393612,11.128,182.0978877,16.027,0.089129315,10.997,118.2800447,9.955,90.71883734,10.602,193.4617105,11.101,192.9519285,10.726,198.7501288
8.28,233.0829469,9.289,235.140134,11.226,226.077795,9.727,226.6269964,9.676,219.8979907,10.402,199.0896445,10.426,190.2941783,9.891,214.1669243,11.283,198.2045337,9.551,186.9742401,10.201,188.8876868,11.176,182.1962906,16.104,0.100463679,11.048,120.5382895,10.006,92.87926216,10.676,196.5081051,11.151,195.2873113,10.751,197.0803709
8.305,233.6821226,9.339,234.8820196,11.277,225.2431736,9.777,225.8387429,9.751,219.5461103,10.426,199.2673879,10.475,190.3874292,9.943,211.0082432,11.335,197.2313241,9.602,187.2261721,10.226,187.6785162,11.203,180.5651726,16.152,0.120556414,11.099,121.8306316,10.056,95.01676914,10.726,194.3577418,11.176,195.1145892,10.802,193.8346213
8.357,233.6110252,9.39,235.3781556,11.326,225.9958784,9.827,226.2462648,9.802,219.6604843,10.476,198.4971664,10.525,190.5651726,9.967,211.9613601,11.409,196.2426584,9.651,188.0365791,10.276,187.5667182,11.276,182.2885111,16.227,0.089644513,11.15,123.8798211,10.083,95.70653997,10.751,194.1788709,11.226,198.2476244,10.826,197.0164863
8.381,233.6300876,9.467,235.0340031,11.351,225.5790829,9.877,225.698609,9.828,219.8789284,10.551,198.3477589,10.55,190.0005152,10.018,211.3786708,11.436,197.1488923,9.676,188.1025245,10.326,188.5790829,11.302,181.6254508,16.252,0.090159711,11.175,124.4751258,10.133,98.41475685,10.802,195.7674679,11.276,192.6517608,10.876,195.7784647
8.432,233.7197321,9.544,234.8109222,11.402,225.5445647,9.926,225.8062854,9.876,219.7295209,10.651,198.8449253,10.6,189.8248326,10.068,211.9515714,11.485,197.5126224,9.776,186.922205,10.351,188.5100464,11.352,183.2936631,16.302,0.100978877,11.226,127.0598099,10.185,100.1537172,10.851,197.9564002,11.301,196.2845165,10.926,196.3601236
8.483,233.5059248,9.568,235.2071097,11.451,225.254508,9.952,225.9665121,9.927,219.633694,10.676,197.9639361,10.625,190.3132406,10.094,211.6568779,11.537,196.6903658,9.802,187.750644,10.427,187.6110252,11.403,178.7640392,16.327,0.097887687,11.302,128.941308,10.234,102.4656233,10.901,196.4963667,11.377,198.078815,10.976,193.119526
8.56,233.6254508,9.619,234.7573416,11.502,225.3493045,10.002,225.5280783,10.001,219.3075734,10.726,198.6084493,10.7,190.1756826,10.145,212.2560536,11.586,197.1674395,9.851,188.015456,10.476,188.558475,11.452,178.8279238,16.377,0.097372488,11.353,130.9390721,10.286,104.6959195,10.951,197.4443823,11.426,196.156512,11.001,196.9335394
8.584,233.9618753,9.67,235.1725914,11.551,225.4142195,10.052,225.25966,10.052,219.5337455,10.751,198.3333333,10.726,190.1540443,10.169,211.7217929,11.662,196.75322,9.901,188.3704276,10.526,187.5409583,11.528,180.5785677,16.402,0.089129315,11.404,132.1676914,10.336,106.960313,11.002,196.901621,11.452,197.1084405,11.051,200.3441525
8.635,233.7717671,9.721,234.7176713,11.576,225.124678,10.103,225.7187017,10.101,219.0736734,10.802,198.3776404,10.775,189.7542504,10.22,211.5002576,11.865,196.1087069,9.926,187.6409067,10.576,187.4497682,11.576,181.2782071,16.452,0.092735703,11.454,133.7814421,10.361,106.4952487,11.051,197.0620458,11.501,196.1839016,11.076,196.4348274
8.661,233.7192169,9.771,235.0231839,11.626,225.4703761,10.152,225.5208655,10.152,219.4162803,10.826,197.9103555,10.8,189.8413189,10.27,211.1890778,12.22,197.8912931,9.952,187.4374034,10.626,188.7125193,11.628,181.5832045,16.502,0.093250902,11.48,134.9686976,10.413,109.7506987,11.077,198.6595864,11.553,197.8535495,11.126,197.5121072
8.711,234.0113344,9.822,234.9356002,11.651,224.9469346,10.177,225.6774858,10.202,219.5641422,10.876,198.114374,10.85,190.052035,10.296,212.9526018,12.346,196.132406,10.026,187.6496651,10.676,188.2096857,11.702,178.5723854,16.552,0.089644513,11.53,136.294578,10.438,110.9429849,11.126,198.2453885,11.576,195.9340414,11.151,196.877898
8.738,233.9551777,9.873,234.9567233,11.702,224.8583205,10.227,224.8042246,10.226,219.0880989,10.926,197.8902628,10.876,189.7645544,10.346,213.6110252,12.397,196.2926327,10.076,186.8098918,10.726,188.0880989,11.752,178.3333333,16.602,0.085007728,11.582,138.6260481,10.488,113.5338178,11.177,198.155953,11.626,197.4482951,11.201,195.8809892
8.762,233.8933539,9.924,235.1231324,11.752,224.9742401,10.252,224.8408037,10.277,219.4420402,10.951,198.2539928,10.95,189.7125193,10.371,212.0314271,12.447,196.4652241,10.126,187.6604843,10.776,187.9582689,11.802,182.7573416,16.652,0.094281298,11.657,140.5522638,10.539,114.5818893,11.226,198.5366126,11.701,197.373393,11.226,195.4853168
8.813,234.239052,9.976,234.7856775,11.801,224.8274086,10.302,224.7836167,10.352,219.2560536,11.001,197.75322,10.976,189.3266358,10.422,207.8758372,12.497,195.9824833,10.176,187.1076765,10.826,188.3328181,11.827,179.6646059,16.702,0.093250902,11.709,142.1442146,10.59,117.0340973,11.301,199.882616,11.752,198.784796,11.276,197.3982483
8.839,233.5656878,10.102,234.6975786,11.827,224.8938691,10.353,225.0221535,10.402,219.2060793,11.052,197.8475013,11,189.5471406,10.473,212.1988666,12.548,197.0803709,10.226,187.5878413,10.851,187.4054611,11.902,180.8608964,16.777,0.079855744,11.759,144.2431526,10.615,117.9921744,11.351,199.8988262,11.801,197.8446059,11.326,195.9015971
8.864,233.8552293,10.179,234.5703246,11.877,224.4142195,10.402,225.2400824,10.452,218.5940237,11.101,197.4461618,11.05,189.3967027,10.523,211.9670273,12.599,196.8186502,10.276,187.3137558,10.901,187.7424008,11.952,179.4198867,16.803,0.108191654,11.785,144.8121856,10.666,119.6987144,11.401,200.3012856,11.877,199.2319732,11.377,195.5868109
8.915,233.8325605,10.254,234.7037609,11.926,224.7923751,10.426,225.1231324,10.501,218.3833076,11.127,197.7053065,11.1,188.950541,10.55,211.8114374,12.649,198.3003606,10.326,189.4348274,10.926,187.4724369,12.002,180.8603812,16.877,0.107676455,11.835,146.6171045,10.691,120.4052543,11.426,200.5131358,11.926,199.2828396,11.402,196.9778465
8.94,233.5455951,10.305,234.6342092,11.976,224.6089645,10.452,224.9783617,10.552,218.935085,11.176,197.4106131,11.125,189.3797012,10.575,211.9526018,12.726,197.6749098,10.351,188.8505925,10.976,184.867594,12.052,180.6331788,17.052,0.103554869,11.886,148.0888765,10.743,122.6998323,11.477,200.3057574,11.952,198.7031861,11.501,195.5471406
9.016,234.0309119,10.33,234.4482226,12.001,224.7202473,10.503,225.0242143,10.601,218.5667182,11.251,197.4827409,11.177,189.1638331,10.599,211.8876868,12.751,198.2663575,10.403,186.3281813,11.001,188.2411128,12.077,180.2797527,,,11.937,150.4376747,10.793,123.5740637,11.526,201.1252096,12.051,199.8557854,11.552,196.7547656
9.067,234.1674395,10.357,234.9232354,12.076,224.5832045,10.527,224.7145801,10.701,218.6378156,11.276,197.3343637,11.2,189.3493045,10.65,212.6692427,12.801,195.5497166,10.452,186.8784132,11.051,186.6872746,12.127,178.7985574,,,11.988,153.2873113,10.845,126.4471772,11.601,199.5064282,12.101,199.8613751,11.601,196.9675425
9.143,233.9489954,10.432,234.3657908,12.102,224.8985059,10.602,224.9216899,10.727,218.3281813,11.302,197.4920144,11.25,189.140134,10.726,212.3183926,12.827,196.0139104,10.502,189.693457,11.101,187.4229778,12.177,180.202473,,,12.015,153.8569033,10.869,127.3951928,11.626,201.3588597,12.152,199.1844606,11.652,195.5682638
9.168,233.8634724,10.457,234.4317362,12.127,223.8330757,10.627,224.7588872,10.777,218.2086553,11.351,197.2297785,11.3,189.1524987,10.776,211.7789799,12.877,195.984544,10.526,186.4507986,11.151,186.4430706,12.228,180.6455435,,,12.064,154.2576859,10.92,128.7998882,11.678,201.0122974,12.176,199.1749581,11.701,195.0381247
9.219,233.8526533,10.508,234.3451829,12.177,224.3044822,10.676,224.5595054,10.827,218.1834106,11.376,196.8809892,11.325,188.7573416,10.828,212.2828439,12.927,195.6759402,10.576,187.1617723,11.201,186.9263266,12.277,178.7568264,,,12.116,156.7216322,10.971,131.0290665,11.727,200.7177194,12.226,200.3851314,11.776,196.7516744
9.245,234.311695,10.559,234.0798557,12.227,223.9850592,10.702,224.3482741,10.952,218.0602782,11.451,197.0180319,11.35,188.3915507,10.878,212.1360124,12.953,196.3652756,10.627,186.9737249,11.227,187.0530654,12.328,180.1926842,,,12.165,157.8747904,11.048,133.4566797,11.778,201.9189491,12.276,199.5382895,11.826,196.9412674
9.295,233.625966,10.609,234.0566718,12.252,223.8114374,10.752,224.2653272,11.027,217.4080371,11.502,197.1081917,11.4,189.0731582,10.929,212.550747,12.978,195.6496651,10.677,186.0170015,11.301,188.2503864,12.377,179.9129315,,,12.217,160.2084964,11.098,134.9698155,11.826,203.843488,12.301,201.7579653,11.952,196.7382792
9.321,233.5342607,10.661,234.057187,12.326,223.3606388,10.802,224.0453375,11.076,217.7959815,11.576,196.548171,11.451,188.244204,10.979,211.1952602,13.029,195.2272025,10.726,187.1344668,11.327,187.6450283,12.452,178.8068006,,,12.267,161.9368362,11.15,136.6249301,11.877,198.8585802,12.376,200.1598658,12.026,198.7980422
9.372,233.7794951,10.711,234.4322514,12.376,224.1715611,10.853,224.298815,11.127,217.7867079,11.626,197.067491,11.5,188.7769191,11.029,212.0453375,13.079,196.5996909,10.776,186.7624936,11.376,186.3173622,12.502,179.8758372,,,12.319,163.9832309,11.2,139.0491895,11.951,203.5399665,12.451,200.8937954,12.101,193.6506955
9.397,233.2699639,10.763,234.0159711,12.426,223.3657908,10.877,224.1112828,11.152,217.7691911,11.651,196.2534776,11.575,188.8825348,11.055,211.6846986,13.105,196.2163833,10.826,185.693457,11.426,187.4028851,12.552,180.1133436,,,12.368,164.8216881,11.225,140.0961431,12.001,202.823365,12.501,200.510341,12.152,197.9108707
9.423,233.8686244,10.787,234.0056672,12.452,224.241628,10.953,223.7176713,11.202,217.4023699,11.702,197.2328697,11.651,188.2957239,11.08,211.6099948,13.13,195.9979392,10.852,186.1159196,11.477,186.1478619,12.627,178.2967543,,,12.419,166.2906652,11.277,142.2588038,12.026,197.8792622,12.552,199.7506987,12.252,193.9701185
9.475,233.6239052,10.838,233.5899021,12.502,223.4126739,10.977,223.8521381,11.227,217.550747,11.726,196.7970118,11.75,188.1561051,11.105,212.1051005,13.18,197.1416795,10.901,186.3281813,11.526,187.5321999,12.677,179.064915,,,12.446,167.528787,11.326,144.5338178,12.076,203.7411962,12.626,200.3672443,12.576,195.8588357
9.524,233.6125708,10.864,233.9263266,12.552,223.8304997,11.027,223.8330757,11.277,216.8670788,11.776,196.5244719,11.825,187.5754766,11.156,212.9206595,13.207,195.111798,10.951,186.6244204,11.576,187.4693457,12.752,179.8356517,,,12.496,169.5394075,11.379,145.4209055,12.126,202.1934041,12.677,200.5790945,12.627,195.7774343
9.549,233.4796497,10.914,233.8449253,12.602,223.2138073,11.052,223.379186,11.352,217.0190623,11.801,196.620814,11.85,187.8124678,11.207,212.0417311,13.256,195.384338,11.027,185.5492014,11.626,186.2102009,12.802,178.685729,,,12.548,170.8060369,11.428,148.9424259,12.176,203.9139184,12.752,203.1883734,12.701,195.4966512
9.6,233.4837713,10.965,233.3292117,12.627,223.5981453,11.127,223.50644,11.377,217.5497166,11.826,196.6733642,11.875,188.4538897,11.232,212.0757342,13.357,196.2735703,11.051,186.4811953,11.677,186.0005152,12.852,179.0932509,,,12.597,172.3840134,11.454,148.7126887,12.226,203.7752935,12.777,199.9580771,12.752,194.2653272
9.627,233.4848016,11.092,233.4121587,12.676,223.5595054,11.177,223.7496136,11.427,217.4945904,11.876,196.4976816,11.925,187.5842349,11.282,213.0927357,13.383,195.1458011,11.101,186.4894384,11.701,186.3261206,12.902,178.4744977,,,12.675,174.5220794,11.504,151.294019,12.276,203.0961431,12.826,201.70654,12.801,194.2055641
9.676,233.6166924,11.194,233.5553838,12.703,223.3585781,11.252,223.4028851,11.452,216.7650696,11.926,196.6038125,11.95,187.9608449,11.333,212.2272025,13.433,194.8521381,11.151,185.3601236,11.751,187.2854199,12.952,180.3961875,,,12.724,177.5785355,11.556,152.8926775,12.326,203.1676914,12.852,200.7993292,12.827,195.5105616
9.753,233.563627,11.245,233.1916538,12.752,223.6424523,11.302,223.3735188,11.502,217.306543,12.001,196.4791345,11.977,188.2879959,11.359,213.361154,13.459,195.6620299,11.177,185.3802164,11.801,186.805255,13.002,177.690881,,,12.776,177.9262158,11.606,153.8317496,12.351,204.2889883,12.901,201.0553382,12.876,195.573931
9.778,233.4631633,11.295,233.4307058,12.803,223.5543534,11.352,223.7130345,11.552,217.0412159,12.052,195.688305,12.05,188.0592478,11.409,212.6058733,13.51,195.1385884,11.226,185.9422978,11.851,186.0072128,13.053,178.2575992,,,12.8,178.9659027,11.683,157.9686976,12.401,204.0564561,12.977,201.412521,12.927,193.940237
9.829,233.8933539,11.346,233.6166924,12.852,223.6929418,11.402,223.0865533,11.602,216.9886656,12.076,196.3338485,12.1,186.9252962,11.435,213.4204019,13.535,194.5759918,11.276,186.550747,11.901,186.8294693,13.127,176.6867594,,,12.853,179.7920626,11.708,158.5992174,12.451,202.9776411,13.051,199.9100056,12.976,195.262236
9.88,233.184441,11.397,233.88305,12.902,223.3317877,11.427,223.1020093,11.652,217.0381247,12.126,195.7382792,12.15,187.8634724,11.485,213.0839773,13.585,195.327151,11.326,184.6867594,11.951,185.8449253,13.227,177.4018547,,,12.927,182.1989939,11.733,159.8412521,12.477,203.5153717,13.102,200.4164338,13.027,195.4008243
9.906,233.503864,11.422,233.5904173,12.951,223.002576,11.502,223.0345183,11.702,216.6228748,12.176,196.0195775,12.175,187.2612056,11.535,212.8268934,13.61,195.2199897,11.377,186.2916023,11.976,185.7964967,13.327,178.4162803,,,13.003,183.6757965,11.785,160.451649,12.551,204.8160984,13.153,200.9675797,13.076,193.7444616
9.93,233.558475,11.474,233.0932509,12.977,223.1123132,11.552,223.122102,11.753,217.134982,12.201,196.1396188,12.225,187.3307573,11.562,211.8196806,13.636,193.4028851,11.401,185.0788253,12.051,183.9850592,13.378,177.0896445,,,13.054,185.7305757,11.81,161.3051984,12.626,204.0145333,13.176,201.6154276,13.101,194.005152
9.981,233.4070067,11.525,233.428645,13.027,222.3596084,11.602,222.7315817,11.777,216.5146832,12.251,195.8562597,12.25,187.7017002,11.587,212.1483771,13.687,194.992272,11.476,185.0355487,12.076,186.6409067,13.427,178.5203503,,,13.105,186.9698155,11.86,162.7965344,12.651,203.6970375,13.227,200.2621576,13.152,195.1880474
10.032,233.2117465,11.575,233.1190108,13.077,223.1901082,11.627,223.2349304,11.827,216.3101494,12.326,195.3797012,12.3,186.9819681,11.637,212.1463163,13.712,194.3565173,11.527,184.872746,12.126,186.9278722,13.453,178.6213292,,,13.156,188.8496367,11.987,167.0156512,12.701,204.2984908,13.301,201.9133594,13.176,195.244204
10.083,233.2411128,11.601,233.2555384,13.127,223.0556414,11.677,222.2957239,11.878,216.6393612,12.351,195.8505925,12.325,187.2514168,11.687,211.680577,13.763,196.1226172,11.576,185.2771767,12.178,185.3544565,13.577,178.1808346,,,13.207,189.6897708,12.063,169.7132476,12.751,203.8787032,13.352,201.5382895,13.226,194.0005152
10.109,233.179289,11.651,232.8361669,13.177,222.7578568,11.702,222.7331273,11.977,216.1628027,12.376,195.6888202,12.376,187.2792375,11.738,212.0587326,13.838,194.6115404,11.602,185.2890263,12.226,186.3462133,13.653,178.0551262,,,13.258,190.3409726,12.115,172.979877,12.801,203.6623812,13.402,200.4466182,13.327,194.3683668
10.159,232.797527,11.676,233.1628027,13.252,223.1710459,11.777,222.566203,12.052,216.3436373,12.427,195.5059248,12.4,186.8428645,11.789,212.7367336,13.889,195.4131891,11.651,188.1391036,12.251,185.6697579,13.702,176.8634724,,,13.283,191.861934,12.19,173.155953,12.851,205.275014,13.451,201.3219676,13.401,196.1303452
10.235,233.2246265,11.728,232.5682638,13.276,222.6161772,11.827,222.5172591,12.127,216.3601236,12.476,195.6192684,12.45,187.002576,11.839,211.9175683,13.914,194.6666667,11.676,187.8413189,12.277,185.25966,13.754,178.0535806,,,13.335,192.7031861,12.241,175.7328116,12.901,205.607602,13.502,201.372834,13.476,191.5048944
10.261,233.2627512,11.752,232.9639361,13.327,222.2205049,11.853,222.37661,12.177,215.6991242,12.526,195.6249356,12.525,187.070067,11.864,213.1885626,13.965,195.4384338,11.703,185.3544565,12.352,184.0850077,13.802,177.9046883,,,13.41,194.1844606,12.318,177.5433203,12.951,204.157071,13.526,200.3320291,13.526,194.3827924
10.311,233.3827924,11.879,232.7825863,13.402,222.0010304,11.927,221.6635755,12.227,215.9361154,12.626,194.9015971,12.576,186.8567749,11.915,211.5260175,13.991,194.6099948,11.777,184.3776404,12.377,185.8887172,13.853,178.1658939,,,13.588,197.6299609,12.368,179.4443823,12.978,205.2604807,13.551,200.1906093,13.576,196.6661515
10.337,232.7800103,11.931,232.4853168,13.452,222.3987635,11.952,221.7341577,12.302,216.0747038,12.652,195.3266358,12.6,186.9345698,11.965,211.8346213,14.041,194.7212777,11.827,183.4111283,12.427,188.4507986,13.927,177.5224111,,,13.665,199.7685858,12.419,180.1123533,13.026,205.8518726,13.627,201.3370598,13.652,192.2447192
10.362,233.0180319,11.981,232.553323,13.502,221.9793921,12.002,222.1452859,12.328,215.5239567,12.701,195.8037094,12.65,187.0659454,12.017,212.5996909,14.066,194.7094281,11.876,185.8382277,12.476,185.0963421,14.002,173.8016486,,,13.715,200.3750699,12.47,182.1783119,13.052,206.8177753,13.677,200.8250419,13.727,197.4240082
10.413,232.6810922,12.033,232.3544565,13.528,222.1442555,12.052,222.3961875,12.377,216.0705822,12.726,194.9211747,12.676,186.3147862,12.041,211.2771767,14.116,194.1798042,11.903,184.3178774,12.527,186.0283359,14.053,177.74034,,,13.767,201.5757406,12.545,184.4348798,13.078,204.569033,13.728,203.000559,13.776,191.1561051
10.438,232.9526018,12.082,232.6275116,13.577,222.1602267,12.077,222.1107676,12.427,215.8469861,12.801,195.4420402,12.725,186.5965997,12.092,211.3616692,14.142,194.3029366,11.951,184.6481195,12.576,184.8011334,14.102,177.2740855,,,13.817,202.0167691,12.596,184.9793181,13.151,205.3085523,13.777,199.5131358,13.827,194.3426069
10.49,232.374034,12.133,232.431221,13.602,222.1968058,12.127,221.9556929,12.477,215.1926842,12.852,194.8712004,12.775,186.1370428,12.142,211.0618238,14.192,196.1370428,12.027,185.3771252,12.601,185.8351365,14.153,178.9309634,,,13.894,202.2671884,12.648,186.0050307,13.226,204.9904975,13.853,201.1101174,13.853,192.8243174
10.515,232.7944359,12.184,232.0607934,13.652,221.8748068,12.177,221.6924266,12.527,215.1602267,12.876,195.4992272,12.825,186.7537352,12.169,212.3683668,14.243,195.4446162,12.076,185.5991757,12.652,186.1200412,14.177,177.9464194,,,13.943,203.6003354,12.673,186.6109558,13.277,204.8714366,13.902,203.8882057,13.901,192.5260175
10.566,233.0262751,12.235,232.3735188,13.702,221.867594,12.227,221.5909325,12.602,214.9958784,12.901,194.7614632,12.85,186.3204534,12.218,211.1550747,14.268,195.6280268,12.102,183.8140134,12.726,185.01288,14.227,177.1530139,,,13.969,204.0933482,12.723,188.3767468,13.327,204.0508664,14.077,200.8809391,13.927,193.6913962
10.591,232.5358063,12.286,232.01288,13.727,221.6867594,12.277,221.9438434,12.627,215.4775889,12.951,194.8799588,12.875,185.9278722,12.269,211.8660484,14.319,194.6697579,12.176,185.3920659,12.751,179.0535806,14.253,177.3075734,,,14.02,205.5069871,12.749,187.1866965,13.402,204.1453326,14.151,200.0838457,13.976,194.002576
10.642,232.2478104,12.387,231.4358578,13.777,222.1911386,12.327,221.800103,12.702,215.1607419,12.976,194.859866,12.925,186.4636785,12.294,211.4353426,14.37,194.3781556,12.227,183.997424,12.801,184.5991757,14.327,175.9927872,,,14.072,205.8060369,12.825,189.7070989,13.451,205.7870319,14.202,200.1822247,14.052,192.4343122
10.667,232.3874292,12.439,232.202473,13.802,222.1179804,12.352,221.5816589,12.753,214.7042761,13.026,194.6620299,12.975,186.0303967,12.371,211.4945904,14.42,194.9010819,12.327,184.7326121,12.826,185.7934055,14.377,176.758372,,,14.096,204.8641699,12.85,191.8367803,13.502,204.8669648,14.251,200.5947457,14.102,193.6166924
10.718,232.4209171,12.489,231.6063885,13.852,221.514168,12.377,221.7243689,12.802,215.2498712,13.076,195.2065945,13.05,186.0973725,12.471,211.2838743,14.471,194.7655848,12.377,183.8124678,12.877,185.4502834,14.502,175.6192684,,,14.147,199.8172163,12.876,191.1050866,13.578,204.430408,14.276,201.4080492,14.126,193.5935085
10.744,232.3585781,12.54,231.5218959,13.902,221.6656363,12.427,221.5203503,12.853,214.7594024,13.126,194.9824833,13.126,186.0659454,12.522,211.4049459,14.496,194.3884596,12.426,183.8433797,12.926,184.1885626,14.577,177.122102,,,14.3,208.2699832,12.927,192.5992174,13.602,205.8054779,14.302,200.0961431,14.203,192.046883
10.769,232.1051005,12.565,232.0139104,13.952,221.7398248,12.452,221.3683668,12.902,215.010304,13.151,194.7058217,13.15,185.9062339,12.573,211.192169,14.521,194.1458011,12.452,183.6970634,12.976,185.1648635,14.652,176.8773828,,,14.375,208.6880939,12.953,192.5243153,13.651,205.5433203,14.351,200.4779206,14.226,193.8655332
10.82,232.7779495,12.616,231.8346213,13.977,222.005152,12.502,221.4822257,12.952,215.1622875,13.176,194.5079856,13.2,185.7604328,12.624,210.6862442,14.572,194.0984029,12.501,184.309119,13.001,185.1720762,14.702,176.384338,,,14.426,210.9815539,13.003,193.6724427,13.701,204.4393516,14.403,201.3460034,14.251,193.620814
10.845,232.1607419,12.641,231.5862957,14.027,220.6738794,12.527,221.1293148,13.003,214.6888202,13.226,194.1937146,13.226,185.7418856,12.674,212.1416795,14.623,193.6579083,12.526,184.5224111,13.052,184.0092736,14.753,176.8021638,,,14.477,210.0726663,13.028,193.8770263,13.751,205.7126887,14.452,201.0933482,14.303,193.4116435
10.895,232.5342607,12.693,231.6136012,14.077,221.8433797,12.577,221.4956208,13.052,214.74034,13.276,194.5837197,13.275,185.2565688,12.725,211.9582689,14.673,193.4631633,12.552,183.5151984,13.101,184.3523957,14.802,175.4744977,,,14.527,210.3594187,13.13,196.1006149,13.802,205.9474567,14.477,200.2895472,14.326,192.4085523
10.922,231.8871716,12.744,231.4641937,14.127,220.690881,12.602,220.8799588,13.102,214.3750644,13.302,194.5497166,13.326,185.862442,12.775,213.2436888,14.724,195.0942813,12.602,184.503864,13.151,185.2040185,14.827,175.3946419,,,14.655,212.0234768,13.182,197.4577977,13.827,204.4253773,14.526,200.588597,14.376,192.3256054
10.972,232.3178774,12.794,231.3621844,14.177,221.5909325,12.653,221.1164348,13.177,214.7398248,13.326,194.4765585,13.375,185.262236,12.801,213.5301391,14.774,193.7764039,12.627,184.3183926,13.201,183.9860896,14.877,176.2045337,,,14.756,213.9938513,13.257,198.333147,13.877,204.490777,14.577,201.4958077,14.403,193.5188047
10.998,232.1669243,12.845,231.0798557,14.227,220.8990211,12.677,220.6331788,13.277,214.2704791,13.376,194.2215353,13.402,185.8031942,12.876,211.9386914,14.8,193.7243689,12.678,184.5188047,13.251,183.9448738,14.927,175.8541989,,,14.908,214.7434321,13.308,198.8256009,13.978,205.2526551,14.602,201.7596423,14.426,193.4842865
11.048,231.9309634,12.87,231.3214838,14.277,221.1087069,12.702,220.8948995,13.403,214.3508501,13.402,193.8572901,13.45,185.4600721,12.901,210.5589902,14.85,193.9495106,12.703,185.7717671,13.277,184.0041216,14.977,174.9330242,,,15.01,214.6562325,13.359,199.2459475,14.177,204.1598658,14.651,199.8278368,14.477,193.7326121
11.073,232.1798042,12.921,231.3400309,14.327,220.8717156,12.753,220.7073673,13.477,213.5033488,13.451,194.1092221,13.475,185.4178259,12.952,210.7980422,14.875,193.9309634,12.801,184.3972179,13.328,184.6512107,15.027,176.5095312,,,15.138,216.3778647,13.409,200.9463387,14.278,205.2247065,14.702,200.078256,14.526,192.122102
11.099,232.3178774,12.972,231.3024214,14.428,221.0360639,12.802,220.9165379,13.527,213.4631633,13.501,193.8402885,13.525,185.4265842,13.003,210.4678001,14.951,194.2117465,12.852,183.2102009,13.376,186.0968573,15.053,176.1705307,,,15.188,215.5902739,13.46,200.7982113,14.351,206.2906652,14.728,201.0363331,14.578,193.3503349
11.15,231.8330757,12.997,230.7089129,14.477,220.5564142,12.877,220.7264297,13.577,213.381762,13.551,194.1210716,13.575,185.2575992,13.053,210.2369912,15.002,193.9969088,12.902,182.7444616,13.427,183.7707367,15.102,175.0978877,,,15.265,215.8250419,13.485,201.3448854,14.451,205.0111794,14.778,201.1101174,14.626,193.0618238
11.175,231.7341577,13.048,230.5785677,14.502,220.4585265,12.927,220.4678001,13.602,213.4837713,13.601,193.7769191,13.6,185.6800618,13.104,210.7923751,15.027,193.5126224,12.952,183.324575,13.476,184.9582689,15.127,174.9989696,,,15.315,216.4058133,13.536,200.5405254,14.526,207.1475685,14.826,199.980995,14.676,193.4976816
11.226,231.9392066,13.098,231.0829469,14.553,221.1081917,12.977,219.9026275,13.652,213.2168985,13.652,193.7794951,13.65,184.8413189,13.155,210.5615662,15.078,193.6146316,13.002,186.3431221,13.501,186.0819165,15.178,175.9082947,,,15.366,216.9362772,13.561,202.0916713,14.577,204.881498,14.902,197.2655115,14.702,193.742916
11.278,231.5358063,13.15,231.2194745,14.602,220.2184441,13.003,220.3590933,13.703,213.5172591,13.676,194.2921175,13.776,185.01288,13.205,212.0056672,15.104,194.638846,13.076,182.8449253,13.551,183.4214323,15.277,174.5842349,,,15.417,215.0335383,13.612,202.6031302,14.627,208.077697,14.952,199.607602,14.751,193.0056672
11.302,231.812983,13.175,230.8021638,14.652,220.0283359,13.102,220.2143225,13.752,213.3833076,13.727,194.0216383,13.825,184.4322514,13.256,213.0958269,15.154,193.8222566,13.127,184.1746522,13.601,183.9196291,15.352,175.9556929,,,15.442,217.2314142,13.688,203.5964226,14.727,205.5612074,15.002,201.0888765,14.801,194.8047398
11.327,231.5296239,13.226,230.8325605,14.678,219.9330242,13.127,220.6749098,13.803,213.1684699,13.801,0.088614116,13.875,185.1772282,13.281,210.0978877,15.23,0.159711489,13.152,183.6280268,13.626,182.989696,15.403,174.7934055,,,15.493,216.9122415,13.74,204.25545,14.802,204.2191168,15.078,201.3029625,14.876,192.4631633
11.353,231.2060793,13.252,230.428645,14.727,220.7496136,13.177,220.3101494,13.852,212.9155075,13.826,0.077794951,13.925,184.5806285,13.332,211.6841834,15.306,0.145285935,13.202,182.9510562,13.701,183.5347759,15.477,166.2679031,,,15.569,217.3242035,13.79,203.6679709,14.902,205.0642817,15.127,202.1934041,14.926,0.100978877
11.429,232.264812,13.302,230.1354972,14.777,220.3225142,13.227,219.9500258,13.902,212.9592993,13.877,0.080886141,13.95,184.6671819,13.382,209.1746522,15.357,0.154559505,13.227,182.7413704,13.751,183.0566718,15.527,175.3111798,,,15.62,217.9301286,13.841,206.2219117,14.978,204.0139743,15.178,199.9167132,14.976,0.107161257
11.48,231.5811437,13.327,230.3570325,14.827,0.066975786,13.252,220.3833076,13.927,213.1107676,13.926,0.085007728,14,184.3956723,13.407,210.8145286,15.381,0.148892324,13.301,183.5821741,13.801,184.1411643,15.553,175.3189078,,,15.645,217.5947457,13.892,205.1414198,15.002,204.5019564,15.227,197.5455562,15.051,0.121586811
11.505,231.61051,13.378,231.1061309,14.877,0.100463679,13.302,220.1442555,13.977,212.4811953,13.976,0.094281298,14.025,184.451829,13.433,210.0844925,15.433,0.168469861,13.327,182.5672334,13.852,183.2091705,15.602,177.924781,,,15.722,219.7557295,13.942,206.8188932,15.051,0.100614869,15.277,203.1436557,15.126,0.100463679
11.556,231.6218444,13.454,229.8645028,14.902,0.097372488,13.352,219.4410098,14.027,212.498712,14.027,0.098918083,14.075,184.7114889,13.509,210.2148377,15.483,0.160741886,13.377,182.3158166,13.901,182.9721793,15.653,0.10303967,,,15.772,218.5349357,13.968,206.3946339,15.102,0.122414757,15.327,199.8764673,15.176,0.103554869
11.633,231.1782586,13.481,230.4708913,14.952,0.104585265,13.427,220.0963421,14.077,212.9433282,14.076,0.092735703,14.125,184.1112828,13.534,210.5862957,15.509,0.152498712,13.427,183.9685729,13.976,183.3230294,15.702,0.101494075,,,15.823,218.0307434,14.045,207.2045836,15.152,0.114589156,15.351,198.6489659,15.227,0.118495621
11.659,231.4023699,13.53,230.6836682,15.002,0.080370943,13.452,220.0066976,14.127,212.8536837,14.126,0.076249356,14.151,184.5208655,13.585,209.8892324,15.558,0.142709943,13.452,183.5847501,14.027,183.1545595,15.727,0.117980422,,,15.874,218.451649,14.095,205.5382895,15.202,0.126327557,15.427,201.4264952,15.276,0.104585265
11.709,231.327151,13.606,230.2735703,15.027,0.081916538,13.502,219.7805255,14.153,212.9793921,14.151,0.08140134,14.2,184.3900052,13.61,209.6682123,15.584,0.154044307,13.502,182.1798042,14.076,184.0221535,15.777,0.105100464,,,15.924,183.2179989,14.146,209.5651202,15.252,0.124091671,15.477,199.6897708,15.326,0.104070067
11.734,231.5079856,13.657,230.4430706,15.077,0.102524472,13.553,219.859866,14.202,212.5981453,14.203,0.082946935,14.225,184.3786708,13.661,210.0443071,15.634,0.147346728,13.527,181.8979907,14.127,183.9077795,15.802,0.102524472,,,15.975,0.184460593,14.196,208.411962,15.302,0.112912241,15.502,185.9714925,15.352,0.100463679
11.784,231.0262751,13.708,229.8160742,15.128,0.09067491,13.602,219.3359093,14.252,212.5466255,14.226,0.091190108,14.276,184.2318393,13.711,210.2550232,15.685,0.149407522,13.577,183.2673879,14.176,182.818135,15.877,0.106646059,,,16.001,0.182224707,14.249,208.8384572,15.352,0.10844047,15.577,0.125768586,15.402,0.112828439
11.811,230.5801133,13.733,229.872746,15.152,0.097372488,13.677,219.4183411,14.302,212.696033,14.276,0.08449253,14.326,184.0288511,13.762,210.1102524,15.736,0.154559505,13.627,183.3863988,14.201,183.5321999,15.953,0.090159711,,,16.077,0.219675797,14.324,209.5349357,15.477,0.092230296,15.627,0.117384013,15.451,0.092735703
11.861,230.8047398,13.784,229.7738279,15.228,0.078825348,13.703,219.0391551,14.352,212.8227718,14.301,0.086553323,14.351,183.7238537,13.814,209.2601752,15.761,0.163317877,13.677,182.8464709,14.252,183.3596084,16.002,0.100463679,,,16.128,0.201229737,14.374,209.764114,15.527,0.111235327,15.677,0.10117384,15.476,0.104070067
11.886,230.7444616,13.836,229.6022669,15.252,0.104070067,13.752,219.2060793,14.403,212.5873261,14.352,0.069551777,14.4,184.0819165,13.863,209.3575477,15.813,0.153529109,13.727,183.1576507,14.301,182.374034,16.053,0.09685729,,,16.178,0.189491336,14.4,209.9066518,15.578,0.118501956,15.702,0.126886529,15.527,0.094281298
11.962,231.314271,13.886,229.6893354,15.302,0.086038125,13.777,219.0669758,14.427,212.3719732,14.377,0.091190108,14.427,183.8799588,13.915,209.4945904,15.862,0.171045853,13.802,181.8294693,14.352,182.2673879,16.102,0.090159711,,,16.229,0.185578535,14.452,209.8160984,15.627,0.108999441,15.752,0.113471213,15.551,0.100978877
11.988,230.7413704,13.911,229.9994848,15.352,0.088614116,13.827,218.8876868,14.452,212.3426069,14.401,0.092735703,14.476,183.5842349,13.939,210.2972694,15.888,0.15301391,13.827,181.6326636,14.401,183.2818135,16.153,0.09685729,,,16.281,0.197316937,14.501,210.3018446,15.653,0.126886529,15.802,0.128004472,15.602,0.113858836
12.013,230.4920144,13.962,229.5538382,15.403,0.078310149,13.877,219.0448223,14.502,212.1138588,14.427,0.095311695,14.525,183.3544565,13.989,209.4672849,15.938,0.143225142,13.877,182.2637816,14.452,183.4611025,16.228,0.115919629,,,16.305,0.186696478,14.553,211.3381778,15.702,0.117384013,15.827,0.140860816,15.652,0.091190108
12.065,230.49356,14.014,230.1468315,15.428,0.086553323,13.927,218.5965997,14.602,212.0592478,14.477,0.086553323,14.575,183.8742916,14.091,209.1777434,15.989,0.147861927,13.902,181.2704791,14.501,182.38949,16.277,0.102524472,,,16.331,0.192845165,14.603,212.0480715,15.727,0.105645612,15.878,0.143096702,15.677,0.096342092
12.09,230.6836682,14.038,229.4641937,15.452,0.079855744,13.977,219.1107676,14.652,212.1138588,14.501,0.092735703,14.625,183.6476043,14.141,209.1287996,16.014,0.161257084,13.952,182.6718187,14.552,183.2472952,16.302,0.088614116,,,16.407,0.191727222,14.654,211.3851314,15.752,0.113471213,15.927,0.139183902,15.701,0.116434827
12.115,230.3513653,14.089,229.8031942,15.503,0.080370943,14.002,218.8444101,14.703,212.1112828,14.576,0.082946935,14.65,183.6599691,14.166,209.3493045,16.039,0.168985059,13.977,182.12983,14.601,183.0350335,16.329,0.08758372,,,16.508,0.19116825,14.681,211.1989939,15.801,0.111794298,15.977,0.113471213,15.753,0.10303967
12.165,230.4178259,14.14,229.2210201,15.527,0.078825348,14.027,218.922205,14.752,211.8619268,14.601,0.092220505,14.7,183.5888717,14.217,207.236476,16.092,0.174652241,14.027,181.3925811,14.651,182.2565688,16.402,0.080370943,,,16.559,0.186696478,14.73,211.4348798,15.827,0.11626607,16.027,0.136948016,15.777,0.114374034
12.243,230.2050489,14.191,229.4008243,15.552,0.10922205,14.077,218.6239052,14.803,211.3518805,14.627,0.083462133,14.726,183.5002576,14.268,209.2977846,16.14,0.135497166,14.077,182.8706852,14.702,184.0273055,16.502,0.092735703,,,16.61,0.200111794,14.781,212.1693684,15.851,0.118501956,16.103,0.116825042,15.801,0.104585265
12.267,230.5698094,14.217,229,15.577,0.086553323,14.127,218.1540443,14.852,211.6398764,14.676,0.08758372,14.776,183.2184441,14.293,208.9783617,16.167,0.157650696,14.102,182.1421947,14.751,182.5579598,16.578,0.102009274,,,16.636,0.195640022,14.857,214.2012297,15.877,0.089435439,16.127,0.11626607,15.852,0.108191654
12.293,230.0175167,14.267,228.6321484,15.627,0.098402885,14.152,218.5414735,14.903,211.303967,14.702,0.08140134,14.825,183.3925811,14.344,211.1483771,16.216,0.147346728,14.127,181.5631118,14.802,184.3570325,16.777,0.102009274,,,16.661,0.168250419,15.289,213.9748463,15.927,0.116825042,16.152,0.116825042,15.877,0.091705307
12.343,230.6749098,14.292,229.5667182,15.652,0.094281298,14.202,218.132406,14.952,211.2916023,14.726,0.09067491,14.875,182.8253478,14.394,209.9783617,16.242,0.159711489,14.177,184.9082947,14.851,182.1231324,16.827,0.098918083,,,16.712,0.214645053,15.416,214.9966462,15.952,0.13471213,16.203,0.13862493,15.926,0.09994848
12.369,230.4533745,14.344,229.555899,15.702,0.076249356,14.228,218.6980938,15.003,211.555899,14.751,0.09067491,14.925,183.4245234,14.42,209.1432251,16.293,0.163317877,14.228,182.3044822,14.903,182.4456466,16.853,0.100463679,,,16.763,0.187814421,15.466,214.4879821,15.978,0.106763555,16.252,0.120178871,15.951,0.107161257
12.42,230.3158166,14.369,229.1720762,15.727,0.095826893,14.277,218.9319938,15.027,211.4435858,14.776,0.08758372,14.951,183.2040185,14.47,209.1591963,16.343,0.154559505,14.252,181.8011334,15.051,180.7882535,16.903,0.105100464,,,16.815,0.178870878,15.518,214.1045277,16.027,0.114589156,16.327,0.124091671,15.976,0.114374034
12.445,229.9422978,14.421,228.8742916,15.752,0.088614116,14.302,218.4513138,15.077,211.2091705,14.802,0.073673364,15,183.2405976,14.495,208.9953632,16.368,0.155074704,14.277,181.6110252,15.126,183.8639876,16.952,0.083462133,,,16.864,0.182783678,15.568,214.5930688,16.077,0.102850755,16.452,0.117384013,16.027,0.102524472
12.497,230.1303452,14.445,229.0097888,15.777,0.083977331,14.477,218.0113344,15.103,211.441525,14.827,0.088098918,15.025,183.1051005,14.546,209.5888717,16.394,0.141164348,14.327,182.5744462,15.151,181.1205564,16.977,0.089644513,,,16.891,0.18725545,15.62,112.901062,16.127,0.102850755,16.527,0.11235327,16.053,0.091705307
12.521,230.2323545,14.495,228.7357032,15.802,0.076249356,14.552,218.0360639,15.152,211.4992272,14.851,0.080370943,15.076,183.1030397,14.598,208.4636785,16.444,0.149407522,14.352,183.7501288,15.202,182.072643,17.028,0.094796497,,,16.94,0.189491336,15.644,0.178311906,16.152,0.103409726,16.578,0.116825042,16.077,0.112828439
12.572,230.2277177,14.546,228.6862442,15.852,0.076249356,14.602,218.049459,15.202,211.321999,14.876,0.077794951,15.175,0.079340546,14.647,208.7666151,16.496,0.148892324,14.402,182.2184441,15.252,181.4121587,17.052,0.111282844,,,16.991,0.197316937,15.695,0.187814421,16.202,0.120737842,16.603,0.124091671,16.127,0.107161257
12.623,229.5033488,14.597,228.6692427,15.877,0.079855744,14.652,218.0664606,15.252,210.9979392,14.927,0.080886141,15.227,0.08758372,14.673,208.5363215,16.52,0.174652241,14.452,181.2035033,15.302,181.3225142,17.103,0.095311695,,,17.017,0.184460593,15.747,0.186137507,16.227,0.118501956,16.652,0.117942985,16.151,0.125193199
12.674,229.9644513,14.648,228.7980422,15.902,0.095311695,14.702,218.0479134,15.303,211.8037094,14.951,0.077794951,15.251,0.080886141,14.723,207.3436373,16.545,0.173106646,14.502,181.2977846,15.352,182.0587326,17.127,0.100978877,,,17.067,0.188932364,15.796,0.195640022,16.277,0.117384013,16.677,0.115707099,16.177,0.091705307
12.724,229.2854199,14.7,228.3070582,,,14.727,217.763524,15.352,0.095826893,14.977,0.08140134,15.301,0.086553323,14.749,209.4111283,16.57,0.136527563,14.553,181.7372488,15.401,181.1014941,17.177,0.098402885,,,17.093,0.216321968,15.823,0.182224707,16.327,0.11235327,16.727,0.13471213,16.251,0.107676455
12.777,229.5904173,14.749,228.8717156,,,14.777,217.5275631,15.403,0.090159711,15.003,0.100978877,15.501,0.085522926,14.8,210.805255,16.597,0.148892324,14.627,180.9665121,15.451,180.9474498,17.202,0.107676455,,,17.144,0.187814421,15.848,0.186696478,16.352,0.119060928,16.752,0.137506987,16.301,0.086553323
12.826,229.5399279,14.801,228.9556929,,,14.878,217.4636785,15.477,0.09067491,15.026,0.079855744,15.526,0.080370943,14.824,208.3049974,16.622,0.1561051,14.677,181.8866564,15.502,181.9711489,17.227,0.116434827,,,17.194,0.19843488,15.925,0.186137507,16.402,0.106763555,16.802,0.129681386,16.326,0.106646059
12.877,229.5775374,14.826,58.61978362,,,14.952,217.3436373,15.527,0.09685729,15.052,0.076249356,15.575,0.080886141,14.901,208.5857805,16.646,0.169500258,14.752,181.8299845,15.552,0.126738794,17.277,0.109737249,,,17.221,0.190050307,15.974,0.198993851,16.453,0.128004472,16.827,0.136389044,16.401,0.104070067
12.928,229.1689851,14.876,0.138588357,,,15.003,216.9520866,15.577,0.088098918,15.101,0.089129315,15.602,0.079855744,14.951,208.1839258,16.697,0.14992272,14.802,180.7887687,15.603,0.095311695,17.302,0.088098918,,,17.271,0.197316937,16,0.185578535,16.502,0.111235327,16.877,0.11626607,16.427,0.117980422
13.029,229.4023699,14.927,0.147861927,,,15.052,217.4832561,15.602,0.08758372,15.127,0.082946935,15.65,0.086038125,14.976,208.5734158,16.748,0.157650696,14.853,176.9644513,15.627,0.111282844,17.353,0.099433282,,,17.322,0.192286193,16.025,0.209055338,16.552,0.11626607,16.902,0.103409726,16.501,0.109737249
13.08,229.6125708,14.978,0.1561051,,,15.077,217.2323545,15.653,0.089129315,15.153,0.095311695,15.751,0.076764554,15.027,208.3508501,16.773,0.168469861,14.877,176.8062854,15.677,0.10922205,17.377,0.108191654,,,17.347,0.189491336,16.076,0.191727222,16.602,0.119060928,16.952,0.131917272,16.602,0.107676455
13.132,229.2699639,15.029,0.132921175,,,15.152,217.3446677,15.702,0.089644513,15.176,0.083977331,15.8,0.071612571,15.103,207.5121072,16.798,0.160226687,14.927,180.4626481,15.728,0.122102009,17.427,0.110252447,,,17.398,0.191727222,16.101,0.206819452,16.627,0.103968698,16.977,0.105645612,16.653,0.128799588
13.156,229.1458011,15.054,0.141164348,,,15.177,217.2447192,15.753,0.080886141,15.201,0.083462133,15.826,0.075734158,15.153,208.1354972,16.824,0.159711489,14.977,180.3900052,15.752,0.121586811,17.477,0.10303967,,,17.45,0.21352711,16.127,0.172722191,16.652,0.121296814,17.027,0.120737842,16.701,0.09685729
13.207,229.2478104,15.079,0.1561051,,,15.203,216.6151468,15.802,0.08758372,15.276,0.093250902,15.851,0.076764554,15.179,207.8954147,16.874,0.162287481,15.002,181.1612571,15.801,0.091190108,17.528,0.114889232,,,17.474,0.177752935,16.178,0.187814421,16.677,0.108999441,17.078,0.106763555,16.726,0.099433282
13.258,228.8011334,15.131,0.14374034,,,15.252,217.2849047,15.827,0.100978877,15.301,0.085007728,15.875,0.076249356,15.205,208.0030912,16.9,0.163833076,15.052,0.119526018,15.851,0.114374034,17.577,0.086038125,,,17.524,0.186137507,16.228,0.181106764,16.727,0.122414757,17.102,0.120178871,16.777,0.10922205
13.308,229.0942813,15.156,0.154559505,,,15.303,216.4981968,15.853,0.088614116,15.326,0.090159711,15.926,0.072642968,15.255,207.9551777,16.95,0.148377125,15.102,0.112313241,15.877,0.117980422,17.628,0.109737249,,,17.552,0.173840134,16.255,0.179988821,16.752,0.117942985,17.152,0.130240358,16.828,0.09994848
13.359,229.0463679,15.206,0.128799588,,,15.352,188.9206595,15.902,0.076764554,15.476,0.088098918,15.976,0.088098918,15.306,76.4059763,17.001,0.176713035,15.127,0.090159711,15.926,0.085522926,17.653,0.099433282,,,17.601,0.180547792,16.304,0.188932364,16.802,0.106763555,17.177,0.111794298,16.852,0.09994848
13.385,229.0473982,15.232,0.132405976,,,15.402,0.089129315,15.928,0.105615662,15.503,0.105615662,16.026,0.092220505,15.332,0.162802679,17.026,0.147861927,15.177,0.104070067,15.979,0.108706852,17.677,0.096342092,,,17.627,0.169368362,16.356,0.193963108,16.852,0.116825042,17.203,0.128563443,16.901,0.114374034
13.436,228.683153,15.283,0.166924266,,,15.428,0.100463679,15.952,0.089644513,15.527,0.08140134,16.051,0.096342092,15.382,0.163317877,17.051,0.173621844,15.227,0.111282844,16.026,0.109737249,17.727,0.091190108,,,17.652,0.198993851,16.382,0.187814421,16.902,0.122414757,17.252,0.121855785,16.953,0.116434827
13.461,229.1210716,15.308,0.151468315,,,15.477,0.103554869,16.002,0.094796497,15.577,0.088098918,16.125,0.077794951,15.407,0.172076249,17.077,0.139618753,15.252,0.107676455,16.052,0.104585265,17.754,0.095311695,,,17.702,0.19843488,16.432,0.163219676,16.952,0.120178871,17.278,0.126327557,17.001,0.095826893
13.512,229.1447707,15.334,0.13755796,,,15.527,0.08140134,16.027,0.088614116,15.602,0.086038125,16.176,0.08140134,15.457,0.167439464,17.102,0.151983514,15.302,0.120041216,16.077,0.109737249,17.802,0.100463679,,,,,16.482,0.200111794,16.978,0.110117384,17.302,0.131358301,17.028,0.108706852
13.537,228.9773313,15.385,0.154044307,,,15.554,0.092220505,16.077,0.097372488,15.627,0.094281298,16.201,0.072642968,15.484,0.163833076,17.153,0.145801133,15.327,0.095826893,16.127,0.118495621,17.852,0.113858836,,,,,16.533,0.182783678,17.027,0.110117384,17.352,0.115707099,17.053,0.09994848
13.588,228.5270479,15.435,0.154044307,,,15.627,0.103554869,16.103,0.096342092,15.652,0.08449253,16.251,0.081916538,15.532,0.180834621,17.178,0.168985059,15.377,0.102524472,16.153,0.110252447,17.902,0.100978877,,,,,16.558,0.179429849,17.052,0.115707099,17.378,0.119619899,17.101,0.108706852
13.614,228.4657393,15.46,0.138588357,,,15.653,0.101494075,16.127,0.089644513,15.676,0.09685729,16.276,0.078825348,15.583,0.160226687,17.23,0.17825863,15.402,0.107161257,16.226,0.108706852,17.928,0.09067491,,,,,16.635,0.193404136,17.102,0.106204584,17.427,0.114589156,17.128,0.106646059
13.664,227.8176198,15.487,0.139103555,,,15.702,0.0937661,16.152,0.083977331,15.727,0.08758372,16.326,0.091705307,15.609,0.174652241,17.279,0.135497166,15.453,0.102524472,16.252,0.108706852,17.977,0.094796497,,,,,16.66,0.178311906,17.152,0.115707099,17.452,0.115148127,17.153,0.109737249
13.715,228.1736218,15.511,0.132921175,,,15.727,0.111282844,16.203,0.087068521,15.752,0.088098918,16.351,0.074188563,15.659,0.167439464,17.304,0.156620299,15.478,0.114889232,16.302,0.100978877,18.003,0.107161257,,,,,16.686,0.181106764,17.178,0.1235327,17.478,0.106204584,17.177,0.09685729
13.791,228.2040185,15.537,0.150437919,,,15.777,0.08449253,16.252,0.099433282,15.801,0.083462133,16.376,0.080370943,15.71,0.172591448,17.33,0.155589902,15.502,0.112828439,16.327,0.119010819,18.029,0.088098918,,,,,16.711,0.173281163,17.227,0.113471213,17.527,0.126886529,17.226,0.110767646
13.842,228.0206079,15.562,0.142194745,,,15.827,0.088098918,16.277,0.088614116,15.852,0.078825348,16.426,0.083462133,15.76,0.176197836,17.355,0.165378671,15.527,0.105100464,16.377,0.090159711,18.078,0.088098918,,,,,16.762,0.173281163,17.253,0.114030184,17.552,0.104527669,17.301,0.107676455
13.867,228.6548171,15.613,0.155589902,,,15.853,0.088098918,16.327,0.094281298,15.877,0.085007728,16.451,0.074703761,15.787,0.179804225,17.405,0.15301391,15.577,0.098402885,16.402,0.098402885,18.102,0.09685729,,,,,16.813,0.187814421,17.278,0.106204584,17.578,0.122414757,17.377,0.093250902
13.918,227.8057702,15.639,0.139618753,,,15.877,0.09685729,16.377,0.09685729,15.902,0.074188563,16.501,0.075734158,15.811,0.192684183,17.456,0.180834621,15.602,0.116950026,16.452,0.123647604,18.177,0.104070067,,,,,16.889,0.197875908,17.302,0.110676356,17.627,0.106204584,17.426,0.10613086
13.943,228.174137,15.689,0.129314786,,,15.927,0.093250902,16.402,0.097372488,15.953,0.091190108,16.625,0.081916538,15.836,0.169500258,17.507,0.163833076,15.627,0.104585265,16.502,0.104585265,18.228,0.076249356,,,,,16.94,0.184460593,17.354,0.101732812,17.652,0.121296814,17.477,0.102009274
13.995,227.2483256,15.715,0.13755796,,,15.953,0.090159711,16.427,0.086038125,15.977,0.063884596,16.676,0.076249356,15.887,0.162287481,17.532,0.147861927,15.652,0.095826893,16.552,0.102009274,18.278,0.099433282,,,,,16.965,0.18334265,17.402,0.106204584,17.677,0.122414757,17.526,0.095311695
14.046,227.8835652,15.74,0.161257084,,,15.977,0.089644513,16.453,0.087068521,,,16.701,0.085007728,15.914,0.179804225,17.557,0.153529109,15.677,0.097887687,16.602,0.104585265,18.328,0.114889232,,,,,17.016,0.186696478,17.427,0.107881498,17.727,0.129681386,17.552,0.098402885
14.096,227.7089129,15.765,0.163317877,,,16.002,0.080370943,16.502,0.086038125,,,16.726,0.062854199,15.937,0.173106646,17.583,0.14992272,15.702,0.092220505,16.653,0.092220505,18.353,0.104070067,,,,,17.041,0.163219676,17.478,0.121855785,17.752,0.128563443,17.601,0.111282844
14.147,227.7346728,15.817,0.148377125,,,16.053,0.087068521,16.527,0.095311695,,,16.752,0.072642968,15.963,0.180834621,17.608,0.163833076,15.727,0.114374034,16.677,0.115919629,18.402,0.091705307,,,,,17.092,0.167132476,17.527,0.110117384,17.802,0.133035215,17.653,0.112313241
14.199,227.5656878,15.842,0.138073158,,,16.102,0.102009274,16.577,0.101494075,,,16.776,0.082946935,15.988,0.150437919,17.633,0.163317877,15.752,0.103554869,16.726,0.107161257,18.427,0.085007728,,,,,17.118,0.190609279,17.602,0.114030184,17.852,0.110117384,17.701,0.111798042
14.223,227.9438434,15.892,0.14064915,,,16.127,0.105100464,16.603,0.093250902,,,16.801,0.086038125,16.014,0.158681092,17.684,0.145801133,15.827,0.111798042,16.752,0.117980422,18.502,0.10613086,,,,,17.194,0.179988821,17.627,0.105086641,,,17.753,0.105615662
14.273,227.7547656,15.919,0.145801133,,,16.153,0.097372488,16.627,0.092735703,,,16.852,0.085522926,16.064,0.171561051,17.734,0.161772282,15.852,0.106646059,16.778,0.09994848,18.552,0.103554869,,,,,17.22,0.194522079,17.652,0.105645612,,,17.801,0.098918083
14.324,227.4744977,15.943,0.138073158,,,16.177,0.095311695,16.677,0.091705307,,,16.901,0.070066976,16.115,0.188562597,17.785,0.172591448,15.877,0.10922205,16.826,0.121586811,18.578,0.091705307,,,,,17.27,0.17216322,17.678,0.100055897,,,,
14.375,227.1643483,15.969,0.151983514,,,16.203,0.086038125,16.702,0.100463679,,,16.951,0.086553323,16.19,0.170530654,17.81,0.147346728,15.903,0.110767646,16.852,0.10613086,18.629,0.091190108,,,,,17.297,0.197875908,17.702,0.124650643,,,,
14.402,227.7336425,15.994,0.132921175,,,16.228,0.099433282,16.727,0.080886141,,,16.976,0.083977331,16.267,0.171561051,17.862,0.14992272,15.927,0.096342092,16.903,0.104070067,18.653,0.097372488,,,,,17.322,0.171604248,17.752,0.10117384,,,,
14.451,226.9891808,16.045,0.151468315,,,16.254,0.08758372,16.753,0.08758372,,,17.001,0.075218959,16.292,0.177228233,17.911,0.176713035,15.952,0.113858836,16.927,0.119010819,18.727,0.10613086,,,,,17.371,0.17607602,17.777,0.104527669,,,,
14.478,226.9881504,16.198,0.123647604,,,16.277,0.092220505,16.777,0.085007728,,,17.051,0.077279753,16.317,0.165893869,17.937,0.158681092,16.002,0.100463679,16.977,0.111798042,18.802,0.088098918,,,,,17.397,0.173281163,17.802,0.115148127,,,,
14.527,226.8464709,16.248,0.145285935,,,16.328,0.112313241,16.827,0.097372488,,,17.076,0.083462133,16.368,0.181865018,17.963,0.160741886,16.052,0.112828439,17.002,0.125708398,18.828,0.098402885,,,,,17.423,0.201229737,17.852,0.098937954,,,,
14.579,227.6738794,16.273,0.154559505,,,16.352,0.100978877,16.853,0.098918083,,,17.101,0.064399794,16.393,0.178773828,18.015,0.148892324,16.102,0.0937661,17.027,0.117465224,18.877,0.110252447,,,,,17.448,0.197875908,17.902,0.140860816,,,,
14.629,227.2673879,16.3,0.168985059,,,16.377,0.094796497,16.952,0.100463679,,,17.127,0.070066976,16.418,0.166409067,18.038,0.164348274,16.152,0.113858836,17.077,0.104070067,18.902,0.110252447,,,,,17.498,0.192286193,17.952,0.122414757,,,,
14.68,227.3833076,16.324,0.150437919,,,16.403,0.0937661,17.028,0.098918083,,,17.176,0.083462133,16.443,0.171561051,18.063,0.161257084,16.202,0.109737249,17.178,0.112313241,18.953,0.088614116,,,,,17.525,0.173840134,17.977,0.11626607,,,,
14.705,226.6944874,16.349,0.144255538,,,16.428,0.0937661,17.052,0.080886141,,,17.201,0.079340546,16.494,0.186501803,18.089,0.161257084,16.252,0.100978877,17.227,0.107161257,19.004,0.113858836,,,,,17.55,0.176634992,18.002,0.113471213,,,,
14.757,226.3024214,16.375,0.145285935,,,16.453,0.083977331,17.102,0.096342092,,,17.227,0.081916538,16.52,0.18134982,,,16.327,0.114889232,17.253,0.104585265,19.028,0.095311695,,,,,17.575,0.172722191,18.052,0.121296814,,,,
14.807,227.1081917,16.426,0.141164348,,,16.478,0.107676455,17.127,0.0937661,,,17.276,0.080370943,16.57,0.197836167,,,16.377,0.110767646,17.302,0.097887687,19.078,0.119010819,,,,,17.626,0.184460593,18.078,0.121296814,,,,
14.858,0.142194745,16.451,0.14374034,,,16.527,0.090159711,17.152,0.094281298,,,17.301,0.086553323,16.595,0.185471406,,,16.427,0.10922205,17.327,0.105615662,19.128,0.09994848,,,,,17.652,0.163778647,18.127,0.1235327,,,,
14.908,0.142194745,16.476,0.164348274,,,16.553,0.103554869,17.202,0.09994848,,,17.326,0.078310149,16.646,0.187017002,,,16.453,0.105615662,17.377,0.112313241,19.153,0.078825348,,,,,17.701,0.181665735,18.179,0.093907211,,,,
14.934,0.1561051,16.527,0.14683153,,,16.602,0.094796497,17.227,0.0937661,,,17.351,0.076764554,16.671,0.169500258,,,16.502,0.117980422,17.427,0.111282844,19.228,0.099433282,,,,,17.727,0.180547792,18.202,0.109558413,,,,
14.985,0.13755796,16.553,0.141679547,,,16.652,0.103554869,17.252,0.086038125,,,17.402,0.083977331,16.697,0.160226687,,,16.527,0.113858836,17.453,0.110252447,19.279,0.100978877,,,,,17.754,0.17607602,18.278,0.114030184,,,,
15.036,0.127253993,16.629,0.146316332,,,16.678,0.109737249,17.303,0.110252447,,,17.426,0.087068521,16.747,0.170015456,,,16.552,0.105615662,17.502,0.117980422,19.328,0.097372488,,,,,17.803,0.163778647,,,,,,
15.061,0.138073158,16.656,0.13755796,,,16.727,0.085522926,17.327,0.094281298,,,17.451,0.09067491,16.773,0.176713035,,,16.602,0.111282844,17.527,0.120556414,19.379,0.105100464,,,,,17.855,0.170486305,,,,,,
15.112,0.129314786,16.68,0.141679547,,,16.752,0.08758372,17.353,0.089129315,,,17.476,0.085007728,16.798,0.174137043,,,16.628,0.096342092,17.577,0.100463679,19.428,0.09685729,,,,,17.879,0.169368362,,,,,,
15.137,0.142194745,16.73,0.139103555,,,16.802,0.099433282,17.378,0.085007728,,,17.502,0.076764554,16.823,0.175167439,,,16.652,0.106646059,17.602,0.119010819,19.452,0.109737249,,,,,17.93,0.167691448,,,,,,
15.188,0.136012365,16.783,0.151468315,,,16.827,0.100978877,17.402,0.097887687,,,17.526,0.076249356,16.848,0.166924266,,,16.702,0.113343637,17.627,0.09685729,19.503,0.09994848,,,,,17.957,0.182783678,,,,,,
15.214,0.122617208,16.807,0.124162803,,,16.853,0.097887687,17.477,0.0937661,,,17.576,0.087068521,16.9,0.179289026,,,16.728,0.114889232,17.677,0.102524472,19.552,0.105615662,,,,,18.006,0.18725545,,,,,,
15.264,0.145285935,16.832,0.141164348,,,16.903,0.102009274,17.502,0.088614116,,,17.602,0.077794951,16.924,0.163833076,,,16.777,0.107676455,17.702,0.118495621,19.603,0.098918083,,,,,18.058,0.185019564,,,,,,
15.289,0.14683153,16.858,0.147346728,,,16.927,0.093250902,17.552,0.103554869,,,17.651,0.088614116,16.949,0.148377125,,,16.802,0.092220505,17.752,0.120556414,19.628,0.089644513,,,,,18.133,0.167132476,,,,,,
15.315,0.15301391,16.934,0.14683153,,,16.953,0.088614116,17.577,0.092220505,,,17.702,0.078310149,16.975,0.205048944,,,16.828,0.106646059,17.803,0.121586811,19.678,0.091190108,,,,,18.184,0.200111794,,,,,,
15.367,0.145801133,16.959,0.143225142,,,17.002,0.094796497,17.603,0.091705307,,,17.726,0.077279753,17.025,0.174137043,,,16.877,0.111798042,17.827,0.111282844,19.703,0.082946935,,,,,18.235,0.17216322,,,,,,
15.417,0.136527563,16.984,0.127253993,,,17.027,0.0937661,17.628,0.09685729,,,17.751,0.078825348,17.051,0.189077795,,,16.902,0.097887687,17.877,0.104070067,19.753,0.09994848,,,,,18.285,0.183901621,,,,,,
15.467,0.130345183,17.036,0.137042761,,,17.053,0.107676455,17.652,0.088098918,,,17.802,0.085007728,17.076,0.183410613,,,16.952,0.113343637,17.903,0.101494075,19.778,0.097372488,,,,,18.311,0.17216322,,,,,,
15.494,0.130860381,17.061,0.114889232,,,17.077,0.086553323,17.702,0.082946935,,,17.826,0.076764554,17.126,0.155074704,,,16.977,0.106646059,17.952,0.113858836,19.828,0.09067491,,,,,18.362,0.178311906,,,,,,
15.518,0.153529109,17.086,0.124162803,,,17.104,0.092220505,17.754,0.104585265,,,17.876,0.077279753,17.152,0.163317877,,,17.002,0.117980422,18.002,0.120556414,19.878,0.089644513,,,,,18.413,0.172722191,,,,,,
15.544,0.120556414,17.137,0.15301391,,,17.153,0.089129315,17.802,0.0937661,,,17.901,0.072127769,17.202,0.209170531,,,17.052,0.10922205,18.052,0.099433282,19.904,0.090159711,,,,,18.438,0.182224707,,,,,,
15.569,0.135497166,17.162,0.155074704,,,17.177,0.095826893,17.827,0.10613086,,,17.926,0.077279753,17.228,0.172076249,,,17.102,0.109737249,18.077,0.096342092,19.953,0.089644513,,,,,18.463,0.180547792,,,,,,
15.594,0.130860381,17.188,0.151983514,,,17.227,0.082431736,17.877,0.082431736,,,17.976,0.080886141,17.254,0.159711489,,,17.127,0.107161257,18.127,0.113343637,20.003,0.119526018,,,,,18.514,0.174399106,,,,,,
15.646,0.133436373,17.238,0.153529109,,,17.254,0.101494075,17.902,0.087068521,,,18.001,0.078825348,17.304,0.175682638,,,17.177,0.134981968,18.177,0.107676455,,,,,,,18.54,0.183901621,,,,,,
15.671,0.113858836,17.264,0.128284389,,,17.278,0.099433282,17.928,0.09685729,,,18.051,0.076249356,17.329,0.190108192,,,17.202,0.117465224,18.202,0.097887687,,,,,,,18.592,0.169368362,,,,,,
15.696,0.13446677,17.289,0.138588357,,,17.302,0.088614116,17.978,0.091705307,,,18.101,0.081916538,17.355,0.1561051,,,17.252,0.097372488,18.252,0.108191654,,,,,,,18.616,0.200111794,,,,,,
15.721,0.143225142,17.315,0.135497166,,,17.328,0.086553323,18.002,0.105100464,,,18.126,0.079340546,17.379,0.168469861,,,17.279,0.098918083,18.277,0.102524472,,,,,,,18.667,0.196757965,,,,,,
15.747,0.14064915,17.391,0.144770737,,,17.378,0.10613086,18.052,0.098918083,,,18.176,0.078310149,17.43,0.185986605,,,17.302,0.104585265,18.327,0.090159711,,,,,,,18.692,0.173840134,,,,,,
15.774,0.176197836,17.442,0.135497166,,,17.403,0.083462133,18.078,0.105100464,,,18.226,0.080370943,17.456,0.173106646,,,17.327,0.117465224,,,,,,,,,18.717,0.172722191,,,,,,
15.798,0.128799588,17.467,0.138073158,,,17.452,0.085522926,18.102,0.09067491,,,18.276,0.070582174,17.506,0.182380216,,,17.378,0.104585265,,,,,,,,,18.795,0.188373393,,,,,,
15.823,0.161257084,17.492,0.139618753,,,17.477,0.098402885,18.128,0.088098918,,,18.301,0.076249356,17.531,0.175682638,,,17.402,0.098918083,,,,,,,,,18.82,0.173840134,,,,,,
15.848,0.133951571,17.543,0.141679547,,,17.504,0.103554869,18.152,0.092735703,,,18.326,0.076249356,17.557,0.166924266,,,17.452,0.109737249,,,,,,,,,18.844,0.173281163,,,,,,
15.9,0.151468315,17.594,0.125708398,,,17.552,0.108706852,18.203,0.10922205,,,18.376,0.078825348,17.607,0.168985059,,,17.478,0.100463679,,,,,,,,,18.896,0.176634992,,,,,,
15.95,0.122102009,17.62,0.131890778,,,17.579,0.099433282,18.228,0.079340546,,,18.402,0.076764554,17.658,0.190108192,,,17.527,0.121586811,,,,,,,,,18.922,0.192286193,,,,,,
15.975,0.138588357,17.645,0.14992272,,,17.628,0.100463679,18.253,0.088614116,,,18.451,0.090159711,17.684,0.165378671,,,17.552,0.125193199,,,,,,,,,18.971,0.181665735,,,,,,
16.001,0.14683153,17.67,0.14374034,,,17.653,0.106646059,18.278,0.076764554,,,18.476,0.08140134,17.709,0.153529109,,,17.577,0.110252447,,,,,,,,,18.998,0.193404136,,,,,,
16.027,0.143225142,17.696,0.13446677,,,17.703,0.087068521,18.327,0.100463679,,,18.526,0.08449253,17.759,0.164863472,,,17.602,0.10613086,,,,,,,,,19.023,0.184460593,,,,,,
16.051,0.147346728,17.723,0.145285935,,,17.752,0.098918083,18.353,0.080370943,,,18.551,0.08449253,17.784,0.180319423,,,17.652,0.105615662,,,,,,,,,19.073,0.184460593,,,,,,
16.077,0.154559505,17.772,0.151468315,,,17.779,0.089129315,18.377,0.092735703,,,18.602,0.074703761,17.81,0.165893869,,,17.677,0.114889232,,,,,,,,,19.125,0.208496367,,,,,,
16.102,0.126223596,17.823,0.156620299,,,17.827,0.104585265,18.403,0.109737249,,,18.626,0.079340546,17.835,0.179804225,,,17.702,0.0937661,,,,,,,,,19.175,0.189491336,,,,,,
16.128,0.13137558,17.849,0.147346728,,,17.852,0.105100464,18.428,0.092735703,,,18.651,0.099433282,17.86,0.162802679,,,17.752,0.117465224,,,,,,,,,19.2,0.170486305,,,,,,
16.178,0.128799588,17.874,0.145285935,,,17.902,0.085522926,18.477,0.089644513,,,18.676,0.069036579,,,,,17.777,0.120041216,,,,,,,,,19.251,0.207378424,,,,,,
16.205,0.139618753,17.924,0.122102009,,,17.928,0.078825348,18.503,0.072642968,,,18.701,0.068006182,,,,,17.827,0.10303967,,,,,,,,,19.276,0.174958077,,,,,,
16.23,0.144255538,17.949,0.146316332,,,17.952,0.107676455,18.528,0.102524472,,,18.751,0.082946935,,,,,17.852,0.125193199,,,,,,,,,19.328,0.171604248,,,,,,
16.255,0.145285935,17.975,0.133951571,,,18.003,0.101494075,18.578,0.088098918,,,18.776,0.093250902,,,,,17.877,0.114889232,,,,,,,,,19.378,0.174958077,,,,,,
16.305,0.124678001,18.026,0.143225142,,,18.028,0.092735703,,,,,18.801,0.078310149,,,,,17.927,0.113343637,,,,,,,,,19.403,0.166573505,,,,,,
16.332,0.140133952,18.052,0.13755796,,,18.053,0.092220505,,,,,18.851,0.077794951,,,,,17.952,0.127253993,,,,,,,,,19.455,0.182224707,,,,,,
16.356,0.140133952,18.102,0.144255538,,,18.079,0.086038125,,,,,18.877,0.081916538,,,,,17.977,0.114374034,,,,,,,,,19.479,0.188932364,,,,,,
16.382,0.133436373,18.127,0.14992272,,,,,,,,,18.926,0.077794951,,,,,18.002,0.10922205,,,,,,,,,19.505,0.160424818,,,,,,
16.433,0.13755796,18.154,0.144770737,,,,,,,,,18.951,0.077279753,,,,,18.052,0.105615662,,,,,,,,,19.53,0.173840134,,,,,,
16.458,0.130860381,18.178,0.156620299,,,,,,,,,18.976,0.063884596,,,,,18.077,0.115919629,,,,,,,,,19.581,0.177193963,,,,,,
16.509,0.13137558,18.204,0.14683153,,,,,,,,,19.002,0.083977331,,,,,18.102,0.105615662,,,,,,,,,,,,,,,,
16.534,0.138588357,18.256,0.132921175,,,,,,,,,,,,,,,18.127,0.127253993,,,,,,,,,,,,,,,,
16.559,0.147861927,18.28,0.13446677,,,,,,,,,,,,,,,18.152,0.09685729,,,,,,,,,,,,,,,,
16.585,0.121071613,18.305,0.141164348,,,,,,,,,,,,,,,18.203,0.130345183,,,,,,,,,,,,,,,,
16.637,0.159711489,18.33,0.134981968,,,,,,,,,,,,,,,18.252,0.119010819,,,,,,,,,,,,,,,,
16.662,0.134981968,18.356,0.129314786,,,,,,,,,,,,,,,18.279,0.113858836,,,,,,,,,,,,,,,,
16.687,0.143225142,18.381,0.144255538,,,,,,,,,,,,,,,18.327,0.129829985,,,,,,,,,,,,,,,,
16.712,0.148892324,18.407,0.140133952,,,,,,,,,,,,,,,18.352,0.10613086,,,,,,,,,,,,,,,,
16.737,0.111798042,18.434,0.155074704,,,,,,,,,,,,,,,18.377,0.115919629,,,,,,,,,,,,,,,,
16.763,0.144255538,18.457,0.139618753,,,,,,,,,,,,,,,18.402,0.10613086,,,,,,,,,,,,,,,,
16.788,0.141164348,18.508,0.130860381,,,,,,,,,,,,,,,18.428,0.09994848,,,,,,,,,,,,,,,,
16.814,0.130860381,18.559,0.157135497,,,,,,,,,,,,,,,18.452,0.114889232,,,,,,,,,,,,,,,,
16.864,0.153529109,18.585,0.139618753,,,,,,,,,,,,,,,18.503,0.124678001,,,,,,,,,,,,,,,,
16.915,0.138588357,18.635,0.130860381,,,,,,,,,,,,,,,18.552,0.110767646,,,,,,,,,,,,,,,,
16.94,0.133436373,18.661,0.142194745,,,,,,,,,,,,,,,18.577,0.108706852,,,,,,,,,,,,,,,,
16.967,0.133436373,18.686,0.128799588,,,,,,,,,,,,,,,18.602,0.097887687,,,,,,,,,,,,,,,,
16.991,0.142194745,18.711,0.158681092,,,,,,,,,,,,,,,18.629,0.107161257,,,,,,,,,,,,,,,,
17.017,0.14683153,18.737,0.136527563,,,,,,,,,,,,,,,18.652,0.105615662,,,,,,,,,,,,,,,,
17.042,0.133951571,18.788,0.137042761,,,,,,,,,,,,,,,18.702,0.100463679,,,,,,,,,,,,,,,,
17.093,0.144255538,18.813,0.138588357,,,,,,,,,,,,,,,18.728,0.105100464,,,,,,,,,,,,,,,,
17.118,0.145801133,18.838,0.135497166,,,,,,,,,,,,,,,18.777,0.107161257,,,,,,,,,,,,,,,,
17.144,0.157650696,18.889,0.139618753,,,,,,,,,,,,,,,18.802,0.104585265,,,,,,,,,,,,,,,,
17.195,0.142709943,18.916,0.150953117,,,,,,,,,,,,,,,18.828,0.120556414,,,,,,,,,,,,,,,,
17.22,0.162802679,18.94,0.142194745,,,,,,,,,,,,,,,18.852,0.101494075,,,,,,,,,,,,,,,,
17.245,0.126223596,18.965,0.13446677,,,,,,,,,,,,,,,18.877,0.097372488,,,,,,,,,,,,,,,,
17.296,0.150953117,19.017,0.124162803,,,,,,,,,,,,,,,18.927,0.102524472,,,,,,,,,,,,,,,,
17.321,0.150437919,19.042,0.158681092,,,,,,,,,,,,,,,18.952,0.102524472,,,,,,,,,,,,,,,,
17.347,0.130860381,19.067,0.145285935,,,,,,,,,,,,,,,18.977,0.110252447,,,,,,,,,,,,,,,,
17.398,0.143225142,19.119,0.144770737,,,,,,,,,,,,,,,19.002,0.120041216,,,,,,,,,,,,,,,,
17.423,0.14064915,19.143,0.112828439,,,,,,,,,,,,,,,19.029,0.111798042,,,,,,,,,,,,,,,,
17.449,0.138588357,19.169,0.129829985,,,,,,,,,,,,,,,19.077,0.096342092,,,,,,,,,,,,,,,,
17.474,0.147861927,19.194,0.158681092,,,,,,,,,,,,,,,19.102,0.107161257,,,,,,,,,,,,,,,,
17.499,0.14374034,19.22,0.132921175,,,,,,,,,,,,,,,19.127,0.105100464,,,,,,,,,,,,,,,,
17.524,0.1561051,19.245,0.149407522,,,,,,,,,,,,,,,19.177,0.102009274,,,,,,,,,,,,,,,,
17.55,0.130860381,19.296,0.128284389,,,,,,,,,,,,,,,19.203,0.110767646,,,,,,,,,,,,,,,,
17.575,0.163833076,19.346,0.158165894,,,,,,,,,,,,,,,19.252,0.092735703,,,,,,,,,,,,,,,,
17.626,0.134981968,19.372,0.139103555,,,,,,,,,,,,,,,19.278,0.112313241,,,,,,,,,,,,,,,,
17.652,0.14683153,19.397,0.142709943,,,,,,,,,,,,,,,19.327,0.096342092,,,,,,,,,,,,,,,,
17.702,0.14064915,19.449,0.14374034,,,,,,,,,,,,,,,19.352,0.114374034,,,,,,,,,,,,,,,,
17.728,0.148892324,19.473,0.130345183,,,,,,,,,,,,,,,19.377,0.110252447,,,,,,,,,,,,,,,,
17.753,0.162287481,19.499,0.138588357,,,,,,,,,,,,,,,19.403,0.107161257,,,,,,,,,,,,,,,,
17.78,0.150437919,19.525,0.136527563,,,,,,,,,,,,,,,19.452,0.120041216,,,,,,,,,,,,,,,,
17.804,0.150953117,19.575,0.133436373,,,,,,,,,,,,,,,19.527,0.105100464,,,,,,,,,,,,,,,,
17.855,0.142709943,19.602,0.14374034,,,,,,,,,,,,,,,19.577,0.091190108,,,,,,,,,,,,,,,,
17.881,0.142709943,19.627,0.133951571,,,,,,,,,,,,,,,19.602,0.102524472,,,,,,,,,,,,,,,,
17.906,0.139103555,19.677,0.131890778,,,,,,,,,,,,,,,19.652,0.100463679,,,,,,,,,,,,,,,,
17.931,0.134981968,19.704,0.167954663,,,,,,,,,,,,,,,19.679,0.10922205,,,,,,,,,,,,,,,,
17.982,0.13755796,19.727,0.136527563,,,,,,,,,,,,,,,19.702,0.101494075,,,,,,,,,,,,,,,,
18.007,0.13755796,19.753,0.152498712,,,,,,,,,,,,,,,19.752,0.120041216,,,,,,,,,,,,,,,,
18.033,0.143225142,19.778,0.142709943,,,,,,,,,,,,,,,19.803,0.107676455,,,,,,,,,,,,,,,,
18.058,0.147346728,19.805,0.151468315,,,,,,,,,,,,,,,19.827,0.119010819,,,,,,,,,,,,,,,,
18.109,0.158165894,19.88,0.137042761,,,,,,,,,,,,,,,19.852,0.114889232,,,,,,,,,,,,,,,,
18.134,0.143225142,19.906,0.150953117,,,,,,,,,,,,,,,19.903,0.112828439,,,,,,,,,,,,,,,,
18.16,0.141164348,19.931,0.14992272,,,,,,,,,,,,,,,19.927,0.120041216,,,,,,,,,,,,,,,,
18.211,0.155074704,19.956,0.15301391,,,,,,,,,,,,,,,19.978,0.113343637,,,,,,,,,,,,,,,,
18.261,0.120556414,19.981,0.139618753,,,,,,,,,,,,,,,20.003,0.115404431,,,,,,,,,,,,,,,,
18.287,0.14992272,,,,,,,,,,,,,,,,,,,,,,,,,,,,,,,,,,
18.312,0.130860381,,,,,,,,,,,,,,,,,,,,,,,,,,,,,,,,,,
18.337,0.14992272,,,,,,,,,,,,,,,,,,,,,,,,,,,,,,,,,,
18.388,0.139618753,,,,,,,,,,,,,,,,,,,,,,,,,,,,,,,,,,
18.413,0.141164348,,,,,,,,,,,,,,,,,,,,,,,,,,,,,,,,,,
18.439,0.139103555,,,,,,,,,,,,,,,,,,,,,,,,,,,,,,,,,,
18.465,0.132921175,,,,,,,,,,,,,,,,,,,,,,,,,,,,,,,,,,
18.491,0.149407522,,,,,,,,,,,,,,,,,,,,,,,,,,,,,,,,,,
18.516,0.13755796,,,,,,,,,,,,,,,,,,,,,,,,,,,,,,,,,,
18.54,0.138588357,,,,,,,,,,,,,,,,,,,,,,,,,,,,,,,,,,
18.591,0.138588357,,,,,,,,,,,,,,,,,,,,,,,,,,,,,,,,,,
18.642,0.149407522,,,,,,,,,,,,,,,,,,,,,,,,,,,,,,,,,,
18.667,0.140133952,,,,,,,,,,,,,,,,,,,,,,,,,,,,,,,,,,
18.693,0.139618753,,,,,,,,,,,,,,,,,,,,,,,,,,,,,,,,,,
18.719,0.146316332,,,,,,,,,,,,,,,,,,,,,,,,,,,,,,,,,,
18.744,0.158165894,,,,,,,,,,,,,,,,,,,,,,,,,,,,,,,,,,
18.769,0.142709943,,,,,,,,,,,,,,,,,,,,,,,,,,,,,,,,,,
18.794,0.141164348,,,,,,,,,,,,,,,,,,,,,,,,,,,,,,,,,,
18.845,0.147861927,,,,,,,,,,,,,,,,,,,,,,,,,,,,,,,,,,
18.871,0.148892324,,,,,,,,,,,,,,,,,,,,,,,,,,,,,,,,,,
18.896,0.129829985,,,,,,,,,,,,,,,,,,,,,,,,,,,,,,,,,,
18.921,0.157135497,,,,,,,,,,,,,,,,,,,,,,,,,,,,,,,,,,
18.947,0.129829985,,,,,,,,,,,,,,,,,,,,,,,,,,,,,,,,,,
18.972,0.137042761,,,,,,,,,,,,,,,,,,,,,,,,,,,,,,,,,,
18.998,0.142194745,,,,,,,,,,,,,,,,,,,,,,,,,,,,,,,,,,
19.048,0.150953117,,,,,,,,,,,,,,,,,,,,,,,,,,,,,,,,,,
19.074,0.14992272,,,,,,,,,,,,,,,,,,,,,,,,,,,,,,,,,,
19.125,0.146316332,,,,,,,,,,,,,,,,,,,,,,,,,,,,,,,,,,
19.15,0.126223596,,,,,,,,,,,,,,,,,,,,,,,,,,,,,,,,,,
19.176,0.130860381,,,,,,,,,,,,,,,,,,,,,,,,,,,,,,,,,,
19.226,0.120041216,,,,,,,,,,,,,,,,,,,,,,,,,,,,,,,,,,
19.253,0.143225142,,,,,,,,,,,,,,,,,,,,,,,,,,,,,,,,,,
19.277,0.138073158,,,,,,,,,,,,,,,,,,,,,,,,,,,,,,,,,,
19.302,0.152498712,,,,,,,,,,,,,,,,,,,,,,,,,,,,,,,,,,
19.353,0.133951571,,,,,,,,,,,,,,,,,,,,,,,,,,,,,,,,,,
19.378,0.121586811,,,,,,,,,,,,,,,,,,,,,,,,,,,,,,,,,,
19.404,0.132921175,,,,,,,,,,,,,,,,,,,,,,,,,,,,,,,,,,
19.43,0.139618753,,,,,,,,,,,,,,,,,,,,,,,,,,,,,,,,,,
19.455,0.14374034,,,,,,,,,,,,,,,,,,,,,,,,,,,,,,,,,,
19.48,0.128284389,,,,,,,,,,,,,,,,,,,,,,,,,,,,,,,,,,
19.506,0.141679547,,,,,,,,,,,,,,,,,,,,,,,,,,,,,,,,,,
19.531,0.144770737,,,,,,,,,,,,,,,,,,,,,,,,,,,,,,,,,,
19.582,0.136527563,,,,,,,,,,,,,,,,,,,,,,,,,,,,,,,,,,
19.632,0.155589902,,,,,,,,,,,,,,,,,,,,,,,,,,,,,,,,,,
19.658,0.14683153,,,,,,,,,,,,,,,,,,,,,,,,,,,,,,,,,,
19.684,0.133951571,,,,,,,,,,,,,,,,,,,,,,,,,,,,,,,,,,
19.71,0.145285935,,,,,,,,,,,,,,,,,,,,,,,,,,,,,,,,,,
19.736,0.137042761,,,,,,,,,,,,,,,,,,,,,,,,,,,,,,,,,,
19.76,0.155589902,,,,,,,,,,,,,,,,,,,,,,,,,,,,,,,,,,
19.81,0.150953117,,,,,,,,,,,,,,,,,,,,,,,,,,,,,,,,,,
19.836,0.131890778,,,,,,,,,,,,,,,,,,,,,,,,,,,,,,,,,,
19.887,0.14064915,,,,,,,,,,,,,,,,,,,,,,,,,,,,,,,,,,
19.912,0.151468315,,,,,,,,,,,,,,,,,,,,,,,,,,,,,,,,,,
19.938,0.127253993,,,,,,,,,,,,,,,,,,,,,,,,,,,,,,,,,,
19.963,0.144255538,,,,,,,,,,,,,,,,,,,,,,,,,,,,,,,,,,
19.988,0.141164348,,,,,,,,,,,,,,,,,,,,,,,,,,,,,,,,,,
20.014,0.146316332,,,,,,,,,,,,,,,,,,,,,,,,,,,,,,,,,,
