20mW_0mM_TEMPO_T1_Time_s,20mW_0mM_TEMPO_T1_Frame,20mW_0mM_TEMPO_T1_Intensity,20mW_0mM_TEMPO_T2_Time_s,20mW_0mM_TEMPO_T2_Frame,20mW_0mM_TEMPO_T2_Intensity,30mW_0mM_TEMPO_T1_Time_s,30mW_0mM_TEMPO_T1_Frame,30mW_0mM_TEMPO_T1_Intensity,30mW_0mM_TEMPO_T2_Time_s,30mW_0mM_TEMPO_T2_Frame,30mW_0mM_TEMPO_T2_Intensity,30mW_0mM_TEMPO_T3_Time_s,30mW_0mM_TEMPO_T3_Frame,30mW_0mM_TEMPO_T3_Intensity,40mW_0mM_TEMPO_T1_Time_s,40mW_0mM_TEMPO_T1_Frame,40mW_0mM_TEMPO_T1_Intensity,40mW_0mM_TEMPO_T2_Time_s,40mW_0mM_TEMPO_T2_Frame,40mW_0mM_TEMPO_T2_Intensity,20mW_1mM_TEMPO_T1_Time_s,20mW_1mM_TEMPO_T1_Frame,20mW_1mM_TEMPO_T1_Intensity,20mW_1mM_TEMPO_T2_Time_s,20mW_1mM_TEMPO_T2_Frame,20mW_1mM_TEMPO_T2_Intensity,30mW_1mM_TEMPO_T1_Time_s,30mW_1mM_TEMPO_T1_Frame,30mW_1mM_TEMPO_T1_Intensity,30mW_1mM_TEMPO_T2_Time_s,30mW_1mM_TEMPO_T2_Frame,30mW_1mM_TEMPO_T2_Intensity,40mW_1mM_TEMPO_T1_Time_s,40mW_1mM_TEMPO_T1_Frame,40mW_1mM_TEMPO_T1_Intensity,40mW_1mM_TEMPO_T2_Time_s,40mW_1mM_TEMPO_T2_Frame,40mW_1mM_TEMPO_T2_Intensity,20mW_5mM_TEMPO_T1_Time_s,20mW_5mM_TEMPO_T1_Frame,20mW_5mM_TEMPO_T1_Intensity,20mW_5mM_TEMPO_T2_Time_s,20mW_5mM_TEMPO_T2_Frame,20mW_5mM_TEMPO_T2_Intensity,30mW_5mM_TEMPO_T1_Time_s,30mW_5mM_TEMPO_T1_Frame,30mW_5mM_TEMPO_T1_Intensity,30mW_5mM_TEMPO_T2_Time_s,30mW_5mM_TEMPO_T2_Frame,30mW_5mM_TEMPO_T2_Intensity,40mW_5mM_TEMPO_T2_Time_s,40mW_5mM_TEMPO_T2_Frame,40mW_5mM_TEMPO_T2_Intensity
0,0,0.091705307,0,0,0.10303967,0,0,0.077794951,0,0,0.085007728,0,0,0.069551777,0,0,5.374549201,0,0,0.058217414,0,0,0.122102009,0,0,0.142709943,0,0,0.070066976,0,0,0.17825863,0,0,0.416280268,0,0,0.072642968,0,0,0.096702068,0,0,0.102291783,0,0,0.07490218,0,0,0.073784237,0,0,0.350850077
0.029195987,1,0.944358578,0.055506217,1,1.075734158,0.02762024,1,0.664605873,0.05634114,1,0.443070582,0.02777572,1,0.695517774,0.028955293,1,5.810407007,0.026371694,1,0.66872746,0.027599912,1,0.688304997,0.027450406,1,0.95620814,0.05524048,1,0.644513138,0.027671192,1,1.186501803,0.026566305,1,1.281813498,0.16682625,1,0.079855744,0.111973068,1,0.098937954,0.055510325,1,1.602571269,0.027876896,1,0.210732253,0.025602968,1,0.383454444,0.027014858,1,1.659969088
0.057269052,2,2.728490469,0.084369449,2,2.889747553,0.08396553,2,3.992787223,0.083959346,2,1.979392066,0.054440412,2,2.372488408,0.059068798,2,6.32818135,0.081312724,2,3.732612056,0.057407816,2,2.147861927,0.054900813,2,2.561051005,0.08286072,2,2.29057187,0.055342385,2,2.832045337,0.055346469,2,3.063369397,0.415408411,2,3.155589902,0.166861827,2,3.337618781,0.084375694,2,3.257685858,0.083630687,2,2.613750699,0.082374768,2,3.169927334,0.084421432,2,3.232354456
0.084219194,3,4.071097372,0.112122558,3,4.118495621,0.11048096,3,3.866563627,0.110472824,3,3.866563627,0.082216132,3,3.900566718,0.086865879,3,6.977846471,0.10988206,3,3.76249356,0.111503643,3,3.436888202,0.110899641,3,3.344667697,0.138101201,3,3.055126224,0.083013577,3,3.14374034,0.137259243,3,3.051519835,0.581129852,3,3.118495621,0.251390515,3,3.645612074,0.112130856,3,3.507546115,0.111507583,3,3.166014533,0.110204082,3,3.219675797,0.112561909,3,3.221535291
0.112292259,4,4.111798042,0.14098579,4,4.046367852,0.138101201,4,3.85935085,0.139195758,4,4.000515198,0.11221391,4,3.934054611,0.115821172,4,7.721277692,0.136253754,4,3.849562081,0.140207551,4,3.366306028,0.165800454,4,3.431736218,0.165721441,4,3.058217414,0.138355962,4,3.100978877,0.193712641,4,3.18134982,0.719231053,4,3.1561051,0.306279274,4,3.557853549,0.168751388,4,3.518166574,0.139384478,4,3.27724986,0.164749536,4,3.196757965,0.169968483,4,3.179289026
0.141488247,5,4.032457496,0.168738899,5,4.129314786,0.165721441,5,3.887171561,0.166813964,5,3.911385884,0.138878602,5,3.954147347,0.144776465,5,8.473467285,0.163724269,5,3.75940237,0.196511371,5,3.441524987,0.195446893,5,3.382277177,0.193341681,5,3.150437919,0.166027155,5,3.065430191,0.220278946,5,3.207624936,0.966708404,5,3.274085523,0.333723653,5,3.580771381,0.19650655,5,3.572386808,0.195138269,5,3.212968139,0.19257885,5,3.15371716,0.196983341,5,3.156620299
0.169561312,6,4.037094281,0.197602131,6,4.136527563,0.19444649,6,3.883565173,0.222050376,6,3.970118496,0.165543293,6,3.928902628,0.17488997,6,9.415249871,0.191194784,6,3.8124678,0.224111283,6,3.546625451,0.250347705,6,3.43431221,0.25079178,6,3.169500258,0.193698347,6,3.048428645,0.275625415,6,3.163317877,1.049569124,6,3.522926327,0.389710187,6,3.712129681,0.254237288,6,3.520961431,0.250892061,6,3.045835662,0.221521336,6,3.254332029,0.223998199,6,3.344152499
0.198757299,7,4.129829985,0.253108348,7,4.097372488,0.220961921,7,3.852653272,0.249668582,7,3.911385884,0.222205763,7,3.893353941,0.202687051,7,10.35703246,0.246135814,7,3.912931479,0.279311106,7,3.478619268,0.277798111,7,3.34672849,0.276202401,7,3.163833076,0.22136954,7,3.137042761,0.304405579,7,3.187017002,1.104809604,7,3.807315817,0.417154567,7,3.637786473,0.283102657,7,3.540525433,0.280999108,7,3.204583566,0.248237477,7,3.190609279,0.281404773,7,3.148377125
0.226830364,8,4.057187017,0.281971581,8,4.198866564,0.249686971,8,3.839773313,0.277286787,8,4.001030397,0.276646174,8,3.987120041,0.231642344,8,11.53889748,0.301076844,8,4.292117465,0.308015014,8,3.529108707,0.305248518,8,3.345182895,0.331442881,8,3.191138588,0.249040732,8,3.078310149,0.332078813,8,3.112313241,1.133534654,8,4.023699124,0.473141101,8,3.610955841,0.337502776,8,3.545556177,0.306645852,8,3.231414198,0.303896104,8,3.19843488,0.30954525,8,3.282843895
0.256026351,9,4.107676455,0.309724689,9,4.082946935,0.303822641,9,3.841318908,0.303800265,9,4.011334364,0.304421895,9,4.04997424,0.28955293,9,14.1251932,0.328547359,9,4.57496136,0.363214838,9,3.456465739,0.362345363,9,3.379185987,0.360167931,9,3.152498712,0.276711924,9,3.082431736,0.386318353,9,3.117980422,1.242910805,9,5.307573416,0.53022541,9,3.685858021,0.367478351,9,3.493571828,0.362399643,9,3.160424818,0.33283859,9,3.219675797,0.364700585,9,3.157135497
0.284099416,10,4.076249356,0.339698046,10,4.147861927,0.360167931,10,3.991756826,0.332523199,10,4.005667182,0.332197615,10,4.229778465,0.318508223,10,15.73312725,0.356017874,10,4.758371973,0.391918746,10,3.404430706,0.389795769,10,3.361669243,0.386683362,10,3.164863472,0.305489965,10,3.088098918,0.442771751,10,3.186501803,1.326876335,10,6.696032973,0.584016393,10,3.697596423,0.421878469,10,3.54667412,0.41926851,10,3.133035215,0.359554731,10,3.221911683,0.393966682,10,3.266872746
0.312172481,11,4.014940752,0.36634103,11,4.061308604,0.386683362,11,4.24678001,0.387759611,11,4.251416795,0.361084364,11,4.29984544,0.376418809,11,19.31530139,0.383488389,11,5.174137043,0.420622654,11,3.412158681,0.443598565,11,3.394641937,0.414303602,11,3.104585265,0.359725502,11,3.027305513,0.497011291,11,3.250901597,1.381012006,11,8.119526018,0.612558548,11,3.67411962,0.450743838,11,3.465623253,0.44603033,11,3.269424259,0.415213358,11,3.173281163,0.423232778,11,3.192684183
0.341368468,12,4.119526018,0.421847247,12,4.141679547,0.414303602,12,4.3436373,0.415377817,12,4.441524987,0.416635805,12,4.847501288,0.405374102,12,21.33384853,0.438429419,12,6.211746522,0.447118569,12,3.396187532,0.472146988,12,3.432766615,0.441923842,12,3.090159711,0.387396694,12,3.044307058,0.525791455,12,3.137042761,1.466082345,12,10.625966,0.641100703,12,3.698714366,0.50736437,12,3.491335942,0.473907226,12,3.307434321,0.444155844,12,3.206819452,0.478388113,12,3.266357548
0.369441533,13,4.134981968,0.45071048,13,4.251931994,0.441923842,13,4.673364245,0.442996023,13,4.577537352,0.444411525,13,5.14374034,0.434329395,13,23.3735188,0.465899934,13,6.723853684,0.503422389,13,3.491499227,0.5270478,13,3.313755796,0.469544082,13,3.120041216,0.416174734,13,3.107161257,0.581137923,13,3.135497166,1.493702585,13,11.61463163,0.695989461,13,3.646730017,0.535119532,13,3.517607602,0.529661017,13,3.173840134,0.470871985,13,3.121855785,0.506528591,13,3.248840804
0.399760443,14,4.117465224,0.507326821,14,4.368366821,0.497164322,14,5.158681092,0.497127707,14,5.080886141,0.472187245,14,5.416795466,0.463284688,14,25.51519835,0.493370449,14,7.439979392,0.532126297,14,3.400309119,0.555596223,14,3.382277177,0.525889372,14,3.108191654,0.442739079,14,3.0937661,0.607704228,14,3.18134982,1.574353686,14,15.30602782,0.75307377,14,3.668529905,0.590629857,14,3.537730576,0.557537913,14,3.183901621,0.528756957,14,3.19116825,0.562809545,14,3.173621844
0.426710585,15,4.148892324,0.563943162,15,4.588871716,0.525889372,15,5.594538897,0.525850641,15,5.516743946,0.526627657,15,6.464193715,0.492239981,15,27.85986605,0.548311479,15,9.062339001,0.586222124,15,3.417825863,0.611595052,15,3.432766615,0.553509612,15,3.164348274,0.498081464,15,3.075734158,0.663050697,15,3.266357548,1.630698976,15,18.30757342,0.835406909,15,3.591391839,0.621715639,15,3.516489659,0.613291704,15,3.210732253,0.555473098,15,3.163219676,0.590950023,15,3.148377125
0.45478365,16,4.159711489,0.59169627,16,4.797527048,0.553509612,16,5.974755281,0.582191781,16,6.470891293,0.555514406,16,6.990211231,0.550150568,16,33.04018547,0.603252509,16,11.16950026,0.614926032,16,3.485316847,0.639045458,16,3.434827409,0.607645282,16,3.078310149,0.525752656,16,3.164863472,0.691830861,16,3.229263266,1.687044266,16,21.46213292,0.865046838,16,3.571827837,0.676115758,16,3.566797093,0.669045495,16,3.196757965,0.582189239,16,3.171045277,0.647230977,16,3.267387944
0.483979638,17,4.246264812,0.648312611,17,5.292632664,0.607645282,17,7.017001546,0.608705259,17,6.961875322,0.609954818,17,8.446676971,0.608061154,17,38.6264812,0.630723024,17,12.48892324,0.670125856,17,3.371458011,0.666495864,17,3.391035549,0.635265523,17,3.102009274,0.553423849,17,3.165893869,0.746070401,17,3.360123648,1.796420417,17,29.34878928,0.918837822,17,3.652878703,0.70387092,17,3.484069312,0.725914362,17,3.13862493,0.638961039,17,3.128563443,0.703511932,17,3.227202473
0.512052702,18,4.298815044,0.676065719,18,5.536836682,0.636370332,18,7.745492014,0.662836942,18,8.376609995,0.638841567,18,9.157135497,0.66597174,18,44.96342092,0.658193539,18,13.88304997,0.698829764,18,3.465224111,0.722494693,18,3.442040185,0.662885763,18,3.080886141,0.581095041,18,3.098918083,0.802523799,18,3.705821741,1.852765707,18,33.57290057,0.974824356,18,3.59921744,0.732736289,18,3.556735606,0.753791258,18,3.214086082,0.667903525,18,3.205701509,0.731652409,18,3.14992272
0.540125767,19,4.412673879,0.704928952,19,5.955692942,0.662885763,19,8.444616177,0.691559876,19,9.177743431,0.666617288,19,10.14270994,0.694927033,19,48.44204019,0.713134569,19,17.02472952,0.754029587,19,3.523441525,0.777395505,19,3.39361154,0.691610812,19,3.043276662,0.608766234,19,3.068521381,0.830197033,19,3.85316847,1.906901377,19,38.28438949,1.03081089,19,3.660145333,0.78935682,19,3.572386808,0.808429973,19,3.226942426,0.721335807,19,3.23979877,0.787933363,19,3.261205564
0.569321755,20,4.600206079,0.73268206,20,6.319422978,0.718126243,20,10.23183926,0.774414494,20,12.20659454,0.77660914,20,14.9046883,0.752837619,20,55.11849562,0.768075599,20,20.80473982,0.782733495,20,3.48737764,0.833394334,20,3.383307573,0.719231053,20,3.180834621,0.664108619,20,3.070582174,0.857870268,20,4.022668727,1.962141858,20,43.45028336,1.086797424,20,3.697596423,0.817111983,20,3.563443264,0.837421945,20,3.244270542,0.750278293,20,3.161542761,0.844214318,20,3.279752705
0.599640665,21,4.715095312,0.789298401,21,7.231839258,0.747956102,21,11.27305513,0.830755634,21,14.67851623,0.805495889,21,16.16537867,0.781792912,21,58.56826378,0.795546114,21,22.91602267,0.866637227,21,3.5311695,0.860844741,21,3.401339516,0.802091773,21,3.1875322,0.691779811,21,3.074188563,0.940889971,21,4.85935085,2.016277528,21,48.45955693,1.143881733,21,3.612632756,0.873732514,21,3.543879262,0.86529884,21,3.178870878,0.916141002,21,3.092230296,0.900495272,21,3.226687275
0.625467884,22,4.895414735,0.818161634,22,7.742916023,0.773366723,22,12.32096857,0.884887318,22,17.69242658,0.86104733,22,19.33900052,0.810748205,22,61.91808346,0.850487144,22,27.47089129,0.894237138,22,3.535291087,0.916843569,22,3.500257599,0.856227443,22,3.13446677,0.748229044,22,3.163833076,1.189949081,22,10.91138588,2.073727628,22,52.33075734,1.226214871,22,3.604807155,0.929242839,22,3.517048631,0.948929527,22,3.253773058,0.999628942,22,3.275013974,0.92863575,22,3.209685729
0.654663872,23,5.094796497,0.845914742,23,8.391550747,0.828607203,23,14.46676971,0.913610252,23,19.35136528,0.88882305,23,21.01545595,0.868658791,23,69.4368882,0.905428174,23,32.77279753,0.922941047,23,3.458011334,0.944293976,23,3.347243689,0.911467924,23,3.212261721,0.774793388,23,3.091705307,1.29953509,23,15.501288,2.155483538,23,61.85780526,1.253659251,23,3.569591951,0.958108208,23,3.583007267,1.003568243,23,3.158747904,1.056400742,23,3.160424818,0.984916704,23,3.203503349
0.683859859,24,5.39361154,0.901420959,24,9.84698609,0.883847684,24,16.9680577,0.967741935,24,22.97630088,0.91659877,24,22.77022154,0.897614084,24,72.89438434,0.932898689,24,35.50334879,0.97814087,24,3.470891293,0.999194788,24,3.304482226,0.939088164,24,3.210716126,0.802464581,24,3.103554869,1.465574496,24,25.31684699,2.210724019,24,66.79495106,1.309645785,24,3.670206819,0.988083784,24,3.579653438,1.06043711,24,3.248742314,1.083116883,24,3.195640022,1.041197659,24,3.225656878
0.711932924,25,5.771251932,0.931394316,25,10.77176713,0.911467924,25,18.3750644,0.995360141,25,24.82895415,0.944374491,25,24.93456981,0.95552467,25,79.85316847,0.960369204,25,38.68057702,1.005740782,25,3.535806285,1.027743211,25,3.444616177,0.966708404,25,3.232354456,0.830135773,25,3.19062339,1.49435466,25,27.05976301,2.294689548,25,75.29005667,1.421618852,25,3.732811627,1.042483902,25,3.532699832,1.08719893,25,3.226942426,1.139888683,25,3.184460593,1.12561909,25,3.150437919
0.740005989,26,6.095826893,0.959147425,26,11.58732612,0.966708404,26,21.48737764,1.050596553,26,29.04224626,1.027701652,26,31.61566203,0.985638175,26,83.42194745,1.015310234,26,44.6548171,1.062044601,26,3.49046883,1.055193617,26,3.38433797,0.994328644,26,3.293147862,0.885478158,26,3.147861927,1.522027895,26,29.5940237,2.37534065,26,83.19680577,1.476507611,26,3.694242594,1.10021464,26,3.593627725,1.142952721,26,3.22861934,1.194434137,26,3.149245388,1.153759568,26,3.2498712
0.768079054,27,6.536836682,1.014653641,27,13.56517259,0.994328644,27,23.31787738,1.078214759,27,31.46470891,1.054366343,27,34.17465224,1.042390549,27,90.13858836,1.042780749,27,48.52035033,1.089644513,27,3.504894384,1.112290462,27,3.415249871,1.021948884,27,3.312210201,0.914256198,27,3.29984544,1.577374364,27,33.80937661,2.431685939,27,87.84647089,1.532494145,27,3.676914477,1.126859596,27,3.458915595,1.170829616,27,3.221911683,1.222263451,27,3.116825042,1.210040522,27,3.279752705
0.797275041,28,6.8438949,1.04240675,28,14.75940237,1.023053694,28,25.10767646,1.133451171,28,36.76403916,1.082142064,28,36.6877898,1.071345842,28,92.98351365,1.070251264,28,51.53477589,1.117244425,28,3.495620814,1.139740868,28,3.382792375,1.049569124,28,3.545595054,0.996162928,28,3.419886656,1.605047598,28,36.33075734,2.48692642,28,93.28541989,1.5610363,28,3.587479039,1.183480127,28,3.492453885,1.226583408,28,3.121296814,1.280148423,28,3.206819452,1.238181,28,3.256053581
0.825348106,29,7.335394127,1.100133215,29,17.23183926,1.077189364,29,28.94435858,1.161069377,29,39.55435343,1.109917784,29,39.563627,1.129256428,29,99.82998454,1.125192294,29,58.16846986,1.145948333,29,3.433281813,1.194641681,29,3.529108707,1.104809604,29,3.830499742,1.02383412,29,3.632148377,1.660394067,29,40.66666667,2.5421669,29,98.44204019,1.615925059,29,3.523756288,1.240100659,29,3.502515372,1.282337199,29,3.163778647,1.306864564,29,3.199552823,1.322602431,29,3.233384853
0.854544093,30,7.906749098,1.127886323,30,18.74755281,1.132429845,30,32.99484802,1.271542201,30,51.4374034,1.166580253,30,45.44976816,1.158211721,30,103.3426069,1.180133324,30,65.07727975,1.202252153,30,3.531684699,1.222092087,30,3.48428645,1.132429845,30,3.95311695,1.079176505,30,3.813498197,1.715740536,30,45.86759402,2.596302571,30,103.9953632,1.673009368,30,3.633314701,1.267855821,30,3.503074343,1.31132917,30,3.217439911,1.361410019,30,3.165455562,1.350742909,30,3.121586811
0.911813146,31,9.299330242,1.18339254,31,21.71509531,1.161154894,31,35.3750644,1.326778612,31,57.95002576,1.193244945,31,48.38279238,1.187167014,31,106.124678,1.207603839,31,68.20659454,1.257451976,31,3.617207625,1.249542493,31,3.466769706,1.187670325,31,4.252962391,1.189861275,31,4.832560536,1.74341377,31,48.93920659,2.65264786,31,106.6269964,1.700453747,31,3.680268306,1.324476353,31,3.565120179,1.365967886,31,3.208496367,1.418181818,31,3.272219117,1.408149482,31,3.201442555
0.939886211,32,9.807831015,1.213365897,32,23.10252447,1.215290565,32,40.10561566,1.437251436,32,71.44873776,1.222131694,32,51.4678001,1.216122307,32,109.2642968,1.235074354,32,71.89489954,1.285051888,32,3.449252962,1.305541322,32,3.544564657,1.242910805,32,4.696548171,1.272874852,32,5.810922205,1.798760239,32,54.44513138,2.6802681,32,109.4018547,1.755342506,32,3.574622694,1.352231515,32,3.563443264,1.393844781,32,3.076579094,1.444897959,32,3.219116825,1.463304818,32,3.281813498
0.967959275,33,10.8449253,1.268872114,33,26.72642968,1.244015615,33,42.55589902,1.464869642,33,74.65790829,1.277683135,33,57.60432767,1.274032893,33,115.5285935,1.290015383,33,78.89592993,1.341355708,33,3.635239567,1.360442135,33,3.65327151,1.270531045,33,4.95002576,1.328217237,33,6.879443586,1.826433474,33,56.44719217,2.73661339,33,115.6929418,1.812426815,33,3.608719955,1.408852046,33,3.529904975,1.449598573,33,3.273896031,1.500556586,33,3.181665735,1.491445295,33,3.282328697
0.997155263,34,11.6244204,1.296625222,34,28.7187017,1.299256095,34,47.64142195,1.492487848,34,78.04070067,1.305458855,34,60.93405461,1.302988186,34,118.571355,1.344956413,34,85.32818135,1.396555531,34,3.680577022,1.388990557,34,3.776919114,1.299256095,34,5.433797012,1.383559622,34,8.115919629,1.881779942,34,61.86398764,2.763128821,34,117.3266358,1.867315574,34,3.665735048,1.465472578,34,3.583566238,1.505352364,34,3.096702068,1.5283859,34,3.083845724,1.547726249,34,3.126223596
1.025228328,35,12.57496136,1.325488455,35,30.56877898,1.326876335,35,50.22668727,1.54772426,35,84.8742916,1.361010296,35,67.31839258,1.360898772,35,123.4121587,1.399897443,35,91.98505925,1.452859351,35,3.81555899,1.472439792,35,4.108191654,1.353391765,35,6.297784647,1.41344451,35,8.7501288,1.909453177,35,64.78876868,2.847094351,35,122.8583205,1.924399883,35,3.600894354,1.49322774,35,3.506987144,1.561106155,35,3.180547792,1.585157699,35,3.122414757,1.575866727,35,3.311695003
1.08249738,36,14.73312725,1.380994671,36,35.01133436,1.382116815,36,55.59659969,1.575342466,36,88.43328181,1.387674987,36,70.55383823,1.418809358,36,128.7655848,1.427367958,36,94.9046883,1.480459263,36,3.95929933,1.527340605,36,4.332302937,1.409737055,36,7.352910871,1.4665732,36,10.25502318,1.964799646,36,70.15971149,2.901230021,36,126.1468315,1.978190867,36,3.67411962,1.549848272,36,3.488541084,1.616859946,36,3.207378424,1.639703154,36,3.106763555,1.6332733,36,3.282843895
1.110570445,37,15.82225657,1.410968028,37,37.25605358,1.491492966,37,70.16743946,1.630578878,37,94.85316847,1.416561736,37,73.82740855,1.447764651,37,131.319423,1.509779503,37,103.8897476,1.536763082,37,4.192684183,1.583339433,37,4.72488408,1.437357295,37,7.911901082,1.494244392,37,11.07676455,2.020146115,37,75.64554353,2.984090742,37,131.3786708,2.035275176,37,3.596422582,1.579823847,37,3.588596982,1.644736842,37,3.269424259,1.667532468,37,3.157629961,1.660288158,37,3.287995878
1.139766432,38,17.27820711,1.466474245,38,42.06491499,1.519113206,38,74.59144771,1.658197084,38,97.95466255,1.471002148,38,80.67697063,1.505675237,38,136.194745,1.537250018,38,106.6223596,1.564362994,38,4.44049459,1.638240246,38,5.132921175,1.463872726,38,8.672333849,1.549586777,38,12.98196806,2.075492584,38,81.0298815,3.066951462,38,137.6537867,2.092359485,38,3.645612074,1.634223966,38,3.584684181,1.700490633,38,3.164337619,1.724304267,38,2.998882057,1.74470959,38,3.194744977
1.195912562,39,20.05615662,1.494227353,39,44.58681092,3.343153863,39,204.9021123,1.713433495,39,104.4301906,1.499888897,39,83.92014426,1.53463053,39,138.5754766,1.592191048,39,112.8985059,1.593066902,39,4.514683153,1.666788668,39,5.390005152,1.520218016,39,10.14167955,1.577257969,39,14.10716126,2.130839052,39,86.02782071,3.123296752,39,137.9696033,2.146150468,39,3.646171045,1.690844497,39,3.527110117,1.78412132,39,3.162101733,1.751020408,39,3.252096143,1.773975687,39,3.28438949
1.225108549,40,21.61102524,1.521980462,40,47.44513138,3.481255064,40,208.2601752,1.768669907,40,110.426069,1.527664617,40,87.13137558,1.592541117,40,142.1834106,1.619661563,40,114.8413189,1.620666814,40,4.610510046,1.695337091,40,5.658938691,1.547838256,40,10.87789799,1.604929162,40,15.20556414,2.158512287,40,88.38124678,3.177432422,40,142.0293663,2.202137002,40,3.657909447,1.719709866,40,3.515371716,1.811998216,40,2.992174399,1.778849722,40,3.134153158,1.829131022,40,3.260175167
1.282377601,41,24.85213807,1.550843694,41,49.99381762,3.563010974,41,210.306543,1.796288113,41,114.0685214,1.583216058,41,93.34981968,1.62149641,41,144.9572385,1.676800234,41,120.2782071,1.675866637,41,5.156620299,1.750237904,41,6.456980938,1.574353686,41,11.91035549,1.660271547,41,17.63678516,2.186185521,41,91.77228233,3.287913383,41,146.0747038,2.258123536,41,3.677473449,1.775220191,41,3.532699832,1.868867083,41,3.225824483,1.835621521,41,3.18334265,1.886537596,41,3.269963936
1.310450666,42,26.6244204,1.579706927,42,52.68263782,3.590631215,42,210.9103555,1.823906319,42,116.4368882,1.610991778,42,96.7192169,1.679406996,42,148.3122102,1.703171929,42,122.8320453,1.703466549,42,5.276146316,1.806236732,42,7.082431736,1.601973926,42,12.9366306,1.689049587,42,18.68933539,2.296878459,42,101.1834106,3.398394343,42,151.5986605,2.342652225,42,3.600894354,1.832950929,42,3.604248183,1.895628903,42,3.214645053,1.863450835,42,3.136389044,1.941692931,42,3.308603812
1.368842641,43,30.65172591,1.635213144,43,58.05306543,3.673491935,43,212.2539928,1.879142731,43,122.7990726,1.666543219,43,103.0437919,1.708362289,43,150.5656878,1.757014138,43,127.3724884,1.759770369,43,5.956723338,1.832589122,43,7.62802679,1.658319216,43,15.07212777,1.743285124,43,21.64245234,2.379898162,43,109.1020093,3.481255064,43,153.4719217,2.368998829,43,3.652878703,1.859595885,43,3.490217999,1.923505798,43,3.202906652,1.890166976,43,3.18334265,1.969833408,43,3.315301391
1.395792783,44,32.74497682,1.690719361,44,64.03400309,3.812697945,44,214.3797012,1.934379143,44,128.1452859,1.694318939,44,105.7284905,1.737317582,44,152.3601236,1.814152809,44,131.5497166,1.816074189,44,6.679546625,1.889685967,44,8.705821741,1.713559697,44,17.26275116,1.770956316,44,23.09119011,2.407571397,44,111.2287481,3.508875304,44,155.3961875,2.424985363,44,3.703186138,1.917326623,44,3.459474567,1.97925959,44,3.157070989,1.946938776,44,3.113471213,2.027239982,44,3.234930448
1.453061836,45,36.97063369,1.719582593,45,66.81968058,3.867938425,45,215.6749098,1.963102077,45,130.9572385,1.74987038,45,111.7861927,1.795228168,45,155.8083462,1.866896198,45,135.6810922,1.871274012,45,7.492014426,1.94458678,45,9.901081917,1.741179937,45,18.56877898,1.799734357,45,24.92168985,2.462917866,45,114.7058217,3.564115784,45,157.5574446,2.453527518,45,3.599776411,1.943971579,45,3.48686417,2.007136485,45,3.19116825,2.00148423,45,3.181665735,2.082395317,45,3.191653787
1.482257823,46,39.41885626,1.776198934,46,72.83410613,3.922074096,46,216.2241113,2.044851966,46,138.6579083,1.805421821,46,117.4404946,1.824183461,46,157.4343122,1.894366713,46,138.0267903,1.927577832,46,8.637815559,1.999487592,46,11.25399279,1.795315607,46,21.48943843,1.853969894,46,28.33693972,2.4905911,46,116.9227202,3.620461074,46,157.9412674,2.508416276,46,3.576299609,2.002812523,46,3.500279486,2.035013381,46,3.19843488,2.030426716,46,3.239239799,2.110535795,46,3.339515714
1.510330888,47,41.86501803,1.803952043,47,75.51674395,3.950799146,47,217.5136528,2.073574901,47,141.4430706,1.83430857,47,120.2431736,1.853138754,47,159.1066461,1.921837228,47,139.4595569,1.983881652,47,9.738794436,2.028036015,47,11.99278722,1.822935847,47,22.83513653,1.881641086,47,30.16228748,2.545937569,47,121.5893869,3.674596744,47,160.6579083,2.56440281,47,3.644494131,2.058322848,47,3.543320291,2.118644068,47,3.27333706,2.084972171,47,3.177752935,2.138676272,47,3.256568779
1.539526875,48,44.35085008,1.861678508,48,81.70324575,4.006039626,48,217.451829,2.127706584,48,145.9469346,1.88986001,48,125.4848016,2.084781098,48,170.3127254,1.976778258,48,143.2184441,2.151689115,48,14.28851108,2.082936827,48,13.7511592,1.878176328,48,26.17877383,1.936983471,48,33.71303452,2.601284038,48,125.6027821,3.730942034,48,162.6465739,2.59184719,48,3.555058692,2.113833173,48,3.524874231,2.174397859,48,3.103409726,2.112801484,48,3.155953046,2.194957226,48,3.217413704
1.595673005,49,49.46264812,1.892761989,49,84.13395157,4.032555056,49,217.2874807,2.15532479,49,148.1427099,1.916524702,49,127.7223081,2.113736391,49,171.4580113,2.004248773,49,144.7094281,2.179289026,49,15.13601236,2.138935656,49,15.48840804,1.934521617,49,29.56723338,1.965761511,49,35.9701185,2.656630507,49,128.4626481,3.785077705,49,162.6635755,2.647833724,49,3.66294019,2.171563911,49,3.533817775,2.203389831,49,3.211291224,2.170686456,49,3.130240358,2.2523638,49,3.304482226
1.624868992,50,52.15352911,1.944937833,50,90.09119011,4.061280106,50,218.4729521,2.210561202,50,152.8243174,1.972076143,50,132.88305,2.172805189,50,173.5368367,2.059189803,50,147.5337455,2.23448885,50,17.16640907,2.193836469,50,17.54404946,1.963246667,50,31.21586811,1.992325856,50,38.03297269,2.684303741,50,130.4564657,3.867938425,50,165.4322514,2.676375878,50,3.592509782,2.198208867,50,3.518725545,2.23015165,50,3.2470654,2.196289425,50,3.17216322,2.280504277,50,3.300360639
1.682138045,51,57.86913962,1.97491119,51,92.85110768,4.115415777,51,218.5337455,2.238179408,51,154.7578568,1.999851863,51,135.4250386,2.258512856,51,177.1025245,2.087759139,51,149.9062339,2.290792669,51,19.14425554,2.249835298,51,19.80886141,1.989762098,51,33.20865533,2.047668241,51,41.87017002,2.74075714,51,134.4806801,3.924283715,51,167.0798557,2.731264637,51,3.632196758,2.227074236,51,3.593627725,2.287020517,51,3.119619899,2.254174397,51,3.178870878,2.335659613,51,3.241628027
1.767480162,52,66.28748068,2.002664298,52,95.83977331,4.171761067,52,220.062339,2.29341582,52,158.6115404,2.084290053,52,141.9706337,2.287468149,52,177.8871716,2.141601348,52,152.4420402,2.318392581,52,20.32302937,2.277285704,52,20.74446162,2.016277528,52,35.24781041,2.076446281,52,43.93199382,2.767323445,52,134.98712,3.978419386,52,167.1612571,2.759806792,52,3.642258245,2.255939605,52,3.508105087,2.341659233,52,3.228060369,2.308719852,52,3.184460593,2.36380009,52,3.29675425
1.795553227,53,69.06800618,2.058170515,53,101.4657393,4.199381307,53,220.1339516,2.321034026,53,160.678001,2.110954744,53,144.1689851,2.317581654,53,179.0587326,2.169071863,53,153.8114374,2.374696401,53,22.63420917,2.360734939,53,24.37712519,2.073727628,53,39.22514168,2.103010626,53,46.2179289,2.794996679,53,136.3333333,4.116520586,53,170.633694,2.815793326,53,3.616545556,2.339205092,53,3.52431526,2.369536128,53,3.200670766,2.364378479,53,3.133035215,2.420081045,53,3.307058217
1.823626291,54,72.44049459,2.085923623,54,104.1911386,4.254621787,54,220.7032457,2.376270437,54,164.4688305,2.138730464,54,146.5517774,2.37549224,54,180.6352396,2.225111713,54,156.8315301,2.458600132,54,26.40288511,2.417831784,54,27.07058217,2.100243058,54,41.62184441,2.159459858,54,50.87171561,2.851450077,54,140.2725399,4.199381307,54,171.0118496,2.900322014,54,3.56176635,2.39693583,54,3.447736165,2.42528992,54,3.238121856,2.393320965,54,3.157629961,2.476361999,54,3.188562597
1.880895344,55,78.09994848,2.142539964,55,109.8171046,4.282242027,55,221.5620814,2.403888643,55,166.9005667,2.194281905,55,150.4832561,2.403289321,55,181.6522411,2.251483408,55,157.6136012,2.487304041,55,28.12158681,2.444184174,55,28.50695518,2.154378729,55,44.7825863,2.213695396,55,54.94178259,2.905689617,55,143.3405461,4.284451646,55,173.2380216,2.954112998,55,3.558412521,2.453556361,55,3.598658468,2.481043711,55,3.197316937,2.446753247,55,3.230296255,2.504502476,55,3.283874292
1.908968408,56,81.08500773,2.171403197,56,112.3019062,4.308757457,56,221.3853684,2.459125055,56,170.0046368,2.222057625,56,152.550747,2.461199907,56,183.8243174,2.361365468,56,162.2874807,2.541399868,56,30.58062854,2.47163458,56,29.87686759,2.210724019,56,49.80783101,2.26903778,56,59.7176713,2.962143015,56,147.1942298,4.337482507,56,177.0236991,3.011197307,56,3.66685299,2.509066686,56,3.494689771,2.512265834,56,3.201229737,2.475695733,56,3.214086082,2.560783431,56,3.262751159
1.968483306,57,86.95105616,2.226909414,57,117.5146832,4.365102747,57,221.9850592,2.486743261,57,171.1679547,2.277609066,57,156.3395157,2.519110493,57,185.1159196,2.416306498,57,165.2472952,2.598807684,57,33.58784132,2.501281019,57,31.22565688,2.239449068,57,52.32972694,2.297815821,57,61.97269449,3.016382555,57,147.3838228,4.392722987,57,171.0844925,3.039739461,57,3.613191727,2.564577011,57,3.494689771,2.564674398,57,3.161542761,2.530241187,57,3.226942426,2.617064385,57,3.39052035
2.023506513,58,92.71664091,2.311278863,58,124.8505925,4.392722987,58,222.5888717,2.569597879,58,176.2282329,2.333160507,58,159.6373004,2.578179291,58,186.306543,2.444875833,58,165.922205,2.654007507,58,36.72230809,2.555083815,58,34.41061309,2.265964499,58,54.05873261,2.324380165,58,64.3750644,3.071729024,58,150.6764554,4.420343228,58,175.3652756,3.093530445,58,3.60313024,2.59344238,58,3.565120179,2.592551293,58,3.1235327,2.585899814,58,3.174958077,2.67334534,58,3.441524987
2.0527025,59,95.07779495,2.340142096,59,127.0958269,4.447963468,59,221.8768676,2.597216085,59,177.9139619,2.388711947,59,163.2601752,2.692842252,59,188.8995363,2.498718043,59,168.2375064,2.681607419,59,38.25502318,2.611082644,59,37.65275631,2.321204979,59,58.24111283,2.37972255,59,68.28954147,3.127075493,59,151.9026275,4.475583708,59,178.0427615,3.1220726,59,3.589714925,2.621197543,59,3.487982113,2.648305085,59,3.243152599,2.669387755,59,3.166014533,2.730751914,59,3.476558475
2.080775565,60,98.3446677,2.395648313,60,132.0535806,4.476688517,60,223.3807316,2.625939019,60,179.0891293,2.417598696,60,164.7624936,2.750752838,60,190.3436373,2.526188558,60,169.0319423,2.737911239,60,42.18238022,2.63853305,60,39.61257084,2.376445459,60,62.05770222,2.409607438,60,71.38279238,3.155855656,60,154.4245234,4.530824188,60,175.2102009,3.178059133,60,3.56567915,2.677818074,60,3.444382337,2.704058876,60,3.20234768,2.725046382,60,3.21352711,2.757766772,60,3.482740855
2.138044617,61,103.9711489,2.453374778,61,136.4126739,4.530824188,61,222.7346728,2.680070703,61,181.9866048,2.472039108,61,167.8928387,2.779708131,61,191.3127254,2.581129588,61,170.1890778,2.82181497,61,47.62751159,2.665983457,61,41.20762494,2.432790749,61,68.41421947,2.435064935,61,73.4688305,3.210095196,61,155.7372488,4.587169478,61,177.2761463,3.232947892,61,3.356623812,2.734438606,61,3.494689771,2.759812667,61,3.17216322,2.780705009,61,3.207378424,2.814047726,61,3.5625966
2.166117682,62,106.6331788,2.481127886,62,139.1303452,4.558444428,62,223.0592478,2.736411843,62,183.9263266,2.499814829,62,169.2715095,2.838776928,62,191.8686244,2.636070618,62,172.3096342,2.849414882,62,49.38485317,2.721982285,62,44.75734158,2.460410989,62,69.79752705,2.49040732,62,77.77949511,3.266548594,62,157.4878928,4.668925389,62,176.5502318,3.290032201,62,3.712688653,2.789948931,62,3.478479598,2.787689563,62,3.120737842,2.808534323,62,3.143655674,2.870328681,62,3.672849047
2.194190747,63,109.4265842,2.536634103,63,143.077795,4.613684908,63,224.807831,2.76292532,63,186.002576,2.555366269,63,172.0551262,2.895529303,63,193.4059763,2.663541133,63,172.5976301,2.904614705,63,53.187017,2.750530708,63,46.29005667,2.51344185,63,73.17722823,2.518078512,63,79.74085523,3.348461368,63,159.6032973,4.725270678,63,178.7243689,3.34492096,63,3.681945221,2.819924506,63,3.474007826,2.843443354,63,3.255449972,2.892022263,63,3.18334265,2.898469158,63,3.834621329
2.223386735,64,112.2581144,2.565497336,64,145.0721278,4.668925389,64,224.3173622,2.818161732,64,187.9386914,2.583141989,64,173.384338,2.924484596,64,193.4157651,2.718482162,64,175.0695518,2.960918525,64,57.02679031,2.77907913,64,48.75167439,2.56868233,64,79.18959299,2.573420897,64,85.77640392,3.376134603,64,160.737764,4.779406349,64,179.6347244,3.37456089,64,3.664058133,2.875434831,64,3.541643376,2.872435326,64,3.2470654,2.919851577,64,3.112912241,2.954750113,64,3.996393612
2.280655787,65,117.3863988,2.593250444,65,147.0355487,4.724165869,65,224.8681092,2.873398144,65,190.1159196,2.63869343,65,176.2488408,2.982395182,65,194.5342607,2.747051498,65,175.0231839,2.988518437,65,58.98196806,2.862528365,65,54.05100464,2.62502762,65,82.92787223,2.60109209,65,86.83616692,3.431481072,65,163.3405461,4.834646829,65,178.3338485,3.430547424,65,3.608719955,2.933165569,65,3.588596982,2.927074041,65,3.107881498,2.976623377,65,3.221911683,3.011031067,65,4.395672334
2.308728852,66,119.748068,2.649866785,66,150.9474498,4.751786109,66,224.2266873,2.90101635,66,191.6172076,2.66646915,66,177.5244719,3.011350475,66,195.0118496,2.800893707,66,176.7197321,3.045926253,66,62.65275631,2.916331162,66,57.48480165,2.651543051,66,84.95054096,2.62987013,66,90.80319423,3.48793447,66,163.942813,4.889887309,66,180.0510046,3.484338407,66,3.664617105,2.959810525,66,3.512017887,2.954950937,66,3.280603689,3.003339518,66,3.190609279,3.067312022,66,4.849046883
2.365997904,67,124.6625451,2.70759325,67,154.7903143,4.807026589,67,226.010304,2.956252762,67,193.2112313,2.722020591,67,179.9108707,3.069261061,67,195.6027821,2.828364222,67,177.1715611,3.101126076,67,66.83101494,2.973428007,67,61.62287481,2.707888341,67,90.11695003,2.684105667,67,93.82483256,3.569847244,67,167.2112313,4.97274803,67,180.6177228,3.568867096,67,3.632196758,3.016431056,67,3.411403018,3.010704728,67,3.190609279,3.060111317,67,3.328116266,3.096578118,67,5.045852653
2.394070969,68,127.2642968,2.735346359,68,156.4811953,4.863371879,68,224.7825863,2.983870968,68,194.3426069,2.75090734,68,181.1561051,3.099374566,68,196.5718702,2.883305252,68,178.7290057,3.1563259,68,71.06903658,2.999780397,68,63.00309119,2.762024011,68,94.40185471,2.739448052,68,97.77022154,3.598627408,68,167.5899021,5.02798851,68,180.8887172,3.623755855,68,3.523756288,3.073051588,68,3.544997205,3.038581624,68,3.125768586,3.087940631,68,3.182224707,3.151733453,68,5.754250386
2.423266956,69,129.8469861,2.790852575,69,160.007728,4.91750755,69,226.2199897,3.03910738,69,196.1236476,2.805347752,69,183.2328697,3.15612694,69,196.8279238,2.938246282,69,179.7305513,3.21262972,69,74.65018032,3.055779226,69,67.36733642,2.790749061,69,95.8449253,2.767119244,69,100.2297785,3.652866947,69,168.8438949,5.05560875,69,181.319423,3.680840164,69,3.74175517,3.101916957,69,3.514253773,3.094335415,69,3.153158189,3.143599258,69,3.238121856,3.209140027,69,6.364760433
2.452462944,70,132.2895415,2.818605684,70,161.5641422,4.94512779,70,225.9155075,3.066725586,70,196.9572385,2.833123472,70,184.1772282,3.214037526,70,197.7150953,2.966815618,70,180.0030912,3.240229631,70,77.01287996,3.084327648,70,68.82998454,2.847094351,70,100.3884596,2.794790437,70,103.9000515,3.708213416,70,168.9129315,5.13846947,70,181.4724369,3.735728923,70,3.603689212,3.157427281,70,3.465623253,3.12221231,70,3.245388485,3.199257885,70,3.237562884,3.236154885,70,6.916022669
2.479413086,71,134.0839773,2.875222025,71,165.2354456,4.973852839,71,225.5430191,3.121961997,71,199.2385368,2.888674913,71,186.194745,3.271948112,71,198.4028851,3.020657827,71,181.5311695,3.295429455,71,81.12004122,3.140326477,71,72.5007728,2.900125212,71,104.7645544,2.822461629,71,103.1957754,3.73588665,71,170.4966512,5.221330191,71,181.0911901,3.792813232,71,3.632755729,3.214047813,71,3.478479598,3.150089206,71,3.167691448,3.254916512,71,3.240357742,3.322827555,71,8.301906234
2.536682138,72,138.7578568,2.904085258,72,166.5074704,5.02798851,72,227.2771767,3.177198409,72,201.0592478,2.973113103,72,189.1071613,3.329858698,72,199.1112828,3.048128342,72,182.2426584,3.324133363,72,82.79237506,3.166678867,72,74.54198867,2.956470502,72,108.0463679,2.851239669,72,105.3297269,3.791233119,72,171.940237,5.248950431,72,181.8263782,3.819159836,72,3.596422582,3.242913182,72,3.548351034,3.177966102,72,3.2470654,3.283858998,72,3.281721632,3.348716794,72,8.831014941
2.565878125,73,140.9036579,2.934058615,73,167.9793921,5.08322899,73,226.1421947,3.232434821,73,202.1442555,2.999777794,73,189.9417826,3.387769284,73,199.638846,3.104168193,73,182.1937146,3.379333186,73,87.45749614,3.222677696,73,78.23596084,3.010606172,73,111.5301391,2.905475207,73,109.9644513,3.874252823,73,171.1854714,5.304190911,73,182.2421432,3.874048595,73,3.697596423,3.299533713,73,3.483510341,3.206958073,73,3.189491336,3.33729128,73,3.202906652,3.404997749,73,10.29314786
2.59395119,74,142.7537352,2.988454707,74,171.3312725,5.16719452,74,226.8191654,3.287671233,74,203.6692427,3.055329235,74,192.303967,3.416724577,74,200.1865018,3.158010402,74,183.9809377,3.409141091,74,89.68469861,3.250128102,74,80.07161257,3.068056272,74,116.2586296,2.934253247,74,111.6651211,3.930706221,74,173.7078825,5.388156441,74,181.0607934,3.903688525,74,3.664617105,3.326178669,74,3.401341532,3.29058876,74,3.294577977,3.395176252,74,3.380659586,3.434263845,74,10.80267903
2.651220243,75,146.9021123,3.016207815,75,172.4976816,5.221330191,75,227.5497166,3.315289439,75,204.5059248,3.084215984,75,193.0432767,3.474635163,75,200.1865018,3.185480917,75,183.8165894,3.435637006,75,91.63266358,3.306126931,75,83.57135497,3.094571702,75,116.9185987,2.988488784,75,115.9191139,3.957272526,75,174.5430191,5.442292112,75,182.9567233,3.958577283,75,3.627724986,3.382799201,75,3.52822806,3.345227475,75,3.206260481,3.448608534,75,3.285634433,3.518685277,75,12.95414735
2.681539153,76,149.0860381,3.072824156,76,175.7104585,5.25005524,76,227.7439464,3.370525851,76,206.0319423,3.138656396,76,194.1628027,3.532545749,76,201.4394642,3.240421947,76,185.0479134,3.491940826,76,96.29469346,3.361027743,76,87.70273055,3.149812182,76,120.236476,3.017266824,76,118.3693972,4.012618995,76,175.5131376,5.471017161,76,183.0072128,4.014563817,76,3.645612074,3.439419732,76,3.533258804,3.373104371,76,3.210173281,3.478664193,76,3.234209055,3.546825754,76,13.85935085
2.707366372,77,151.0891293,3.101687389,77,177.1597115,5.331811151,77,227.7820711,3.398144057,77,206.2081401,3.195318865,77,195.5899021,3.590456335,77,201.1607419,3.295362977,77,185.6223596,3.520644734,77,98.48222566,3.444476978,77,94.07212777,3.205052663,77,124.4703761,3.071502361,77,121.8418341,4.095638698,77,176.309119,5.552773072,77,184.7903143,4.069452576,77,3.647288988,3.49715047,77,3.574622694,3.429973238,77,3.198993851,3.532096475,77,3.324203466,3.60198109,77,15.49356002
2.737685282,78,152.862442,3.129440497,78,178.2333849,5.360536201,78,228.1009789,3.453380468,78,207.88305,3.221983557,78,196.8196806,3.649525133,78,202.2112313,3.350304007,78,186.6532715,3.575844557,78,101.4214323,3.471927385,78,95.86862442,3.231568093,78,125.7970118,3.100280401,78,122.4451314,4.178658402,78,177.1473467,5.608013552,78,183.4971664,4.097994731,78,3.613750699,3.551550588,78,3.493012856,3.456735058,78,3.160424818,3.559925789,78,3.329793181,3.659387663,78,17.63214838
2.793831412,79,156.3884596,3.186056838,79,180.7408552,5.414671872,79,226.9319938,3.50861688,79,209.0443071,3.277534997,79,198.3189078,3.706277508,79,202.0386399,3.378873343,79,187.4028851,3.632148377,79,105.5935085,3.52902423,79,99.19010819,3.260293143,79,127.6403916,3.154515939,79,125.6151468,4.289351339,79,176.7357032,5.664358842,79,185.6558475,4.152883489,79,3.671883734,3.609281326,79,3.514812745,3.541480821,79,3.264393516,3.615584416,79,3.388485187,3.715668618,79,19.56671819
2.821904477,80,158.4698609,3.270426288,80,184.4744977,5.442292112,80,228.0999485,3.536235086,80,209.5486862,3.306421747,80,198.8985059,3.736391012,80,202.4827409,3.406343858,80,187.2720247,3.6873482,80,108.9860896,3.55537662,80,100.2606904,3.314428813,80,129.825863,3.182187131,80,128.1679547,4.345804738,80,178.049459,5.718494513,80,178.3323029,4.182523419,80,3.595863611,3.664791651,80,3.510340973,3.569357716,80,3.328116266,3.671243043,80,3.522079374,3.742683476,80,20.52704791
2.849977542,81,160.0144256,3.298179396,81,185.3482741,5.525152832,81,227.6378156,3.592576226,81,210.9489954,3.360862158,81,200.0118496,3.793143387,81,202.2431736,3.460186067,81,187.485832,3.744756017,81,113.3647604,3.611375448,81,104.2035033,3.370774103,81,133.6038125,3.237529516,81,131.1962906,4.456497675,81,177.7578568,5.774839803,81,183.8531685,4.237412178,81,3.653996646,3.721412183,81,3.544997205,3.625111508,81,3.294577977,3.728014842,81,3.5019564,3.79896443,81,22.937661
2.879173529,82,161.7109737,3.357015986,82,187.6615147,5.552773072,82,228.7619784,3.64670791,82,212.0577022,3.388637879,82,200.7120041,3.851053973,82,203.254508,3.488755403,82,188.244204,3.798851844,82,116.6810922,3.667374277,82,107.1267388,3.398394343,82,135.0984029,3.265200708,82,131.553323,4.510737215,82,180.6429675,5.856595713,82,182.872746,4.293398712,82,3.725544997,3.750277552,82,3.548351034,3.651873327,82,3.367244271,3.755844156,82,3.617104528,3.829356146,82,24.29984544
2.936442581,83,164.7676455,3.382548845,83,188.8768676,5.608013552,83,227.6615147,3.701944322,83,212.4724369,3.444189319,83,201.6331788,3.908964559,83,203.7666151,3.515127097,83,188.7326121,3.826451755,83,118.867594,3.72227509,83,110.4188563,3.453634824,83,136.7970118,3.292871901,83,133.1617723,4.566083684,83,183.7424008,5.885320763,83,187.3797012,4.321940867,83,3.658468418,3.863518614,83,3.409167132,3.708742194,83,3.432643935,3.838218924,83,3.77529346,3.883385862,83,26.74497682
2.964515646,84,166.187017,3.439165187,84,190.9510562,5.663254033,84,228.7573416,3.757180734,84,213.5955693,3.49974076,84,203.0613086,3.966875145,84,203.9139619,3.570068127,84,189.3750644,3.882755575,84,122.8062854,3.778273918,84,113.5734158,3.508875304,84,141.0942813,3.320543093,84,134.8583205,4.649103387,84,181.6249356,5.968181483,84,179.7460072,4.40537178,84,3.570150922,3.919028939,84,3.477920626,3.73661909,84,3.480156512,3.86716141,84,4.007266629,3.943043674,84,29.11488923
2.993711633,85,168.1978362,3.495781528,85,193.0525502,5.718494513,85,228.1159196,3.812417145,85,214.7279753,3.583067921,85,204.4611025,3.995830438,85,203.6816074,3.597538642,85,189.7243689,3.966659307,85,129.1901082,3.833174731,85,116.3755796,3.564115784,85,141.9562081,3.375885478,85,137.7300361,4.705556785,85,185.0484286,6.049937394,85,183.4044307,4.433913934,85,3.65902739,3.976759677,85,3.508664058,3.791257806,85,3.601453326,3.894990724,85,4.088876467,3.995947771,85,31.97681607
3.050980686,86,170.9876352,3.52464476,86,193.5332303,5.773734993,86,228.9562081,3.842244808,86,215.4734673,3.610843641,86,205.2272025,4.024785731,86,203.9562081,3.625009157,86,189.3889748,4.07816295,86,134.6331788,3.890271576,86,119.5749614,3.620461074,86,144.7223081,3.431227863,86,140.1494075,4.732123091,86,184.0267903,6.132798114,86,184.3668212,4.487704918,86,3.692006708,4.058914958,86,3.496925657,3.819134701,86,3.679709335,3.978478664,86,4.537730576,4.025213868,86,33.43019062
3.079053751,87,172.6713035,3.580150977,87,195.9984544,5.802460043,87,228.8943843,3.895271763,87,216.2591448,3.666395082,87,206.3235446,4.082696317,87,204.2076249,3.679950187,87,189.8794436,4.105762862,87,136.2112313,3.944074372,87,123.2205049,3.674596744,87,148.2823287,3.458899055,87,140.763524,4.787469559,87,182.5641422,6.188038595,87,184.5754766,4.544789227,87,3.683063164,4.088890534,87,3.514253773,3.876003568,87,3.801006149,4.034137291,87,4.806595864,4.080369203,87,35.91035549
3.13519988,88,175.4281298,3.60901421,88,196.8222566,5.884215953,88,229.8552293,3.950508175,88,215.7769191,3.694170802,88,207.0252447,4.140606903,88,205.0690366,3.734891217,88,190.6342092,4.162066681,88,139.4683153,3.971524779,88,123.2153529,3.729837225,88,147.4142195,3.51424144,88,143.8933539,4.816249723,88,183.0159711,6.383589895,88,183.6877898,4.572233607,88,3.705422023,4.144400859,88,3.534935718,3.903880464,88,3.89882616,4.060853432,88,5.129681386,4.136650158,88,38.98248326
3.164395868,89,176.6759402,3.665630551,89,198.3312725,5.911836194,89,228.5265327,4.005744587,89,216.4502834,3.749722243,89,207.5950541,4.198517489,89,205.2910871,3.762361732,89,190.6970634,4.219474498,89,142.6099948,4.027523607,89,128.0195775,3.757457465,89,150.0267903,3.541912633,89,145.4817105,4.870489263,89,183.3642452,6.494070855,89,184.9495106,4.627122365,89,3.630519843,4.20102139,89,3.541643376,3.987511151,89,4.218557854,4.118738404,89,5.591391839,4.165916254,89,40.59763009
3.22166492,90,179.3400309,3.693383659,90,199.244204,5.967076674,90,229.2256569,4.033362793,90,217.306543,3.777497963,90,207.750644,4.343293954,90,204.745492,3.817302762,90,190.8073158,4.245970413,90,143.825863,4.084620452,90,129.8588357,3.812697945,90,151.1674395,3.598361865,90,147.6862442,4.926942661,90,183.4193715,6.547101716,90,183.3735188,4.684206674,90,3.713247624,4.229886759,90,3.57685858,4.043264942,90,4.569591951,4.172170686,90,6.199552823,4.222197208,90,43.66563627
3.27781105,91,181.8578053,3.75,91,201.0690366,6.022317154,91,228.7279753,4.088599205,91,217.7279753,3.860825124,91,209.1931994,4.431318045,91,205.3317877,3.844773277,91,190.8294693,4.301170236,91,146.8387429,4.139521265,91,132.5852653,3.895558665,91,154.6666667,3.652597403,91,149.9763009,4.981182201,91,183.3008758,6.603447006,91,183.7630088,4.739095433,91,3.664058133,4.285397084,91,3.560648407,4.097903657,91,4.912241476,4.228942486,91,6.912241476,4.277352544,91,46.33178774
3.30812996,92,182.9062339,3.805506217,92,202.6429675,6.049937394,92,229.072643,4.117322139,92,218.1056157,3.888600844,92,209.698609,4.517025712,92,205.5965997,3.899714307,92,191.5672334,4.357474056,92,149.6002061,4.194422077,92,135.2658423,3.923178906,92,155.9015971,3.707939787,92,151.7882535,5.036528669,92,183.8109222,6.686307726,92,185.0195775,4.766539813,92,3.72275014,4.343127822,92,3.505869201,4.153657449,92,5.380659586,4.283487941,92,7.701509223,4.334759118,92,49.36218444
3.337325947,93,184.327151,3.834369449,93,203.2199897,6.105177874,93,229.2086553,4.171453822,93,218.5873261,3.944152285,93,210.0422463,4.57609451,93,205.800103,3.954655337,93,192.1458011,4.413777876,93,152.2787223,4.224068516,93,136.264812,3.978419386,93,158.7671303,3.73561098,93,153.2349304,5.119548373,93,183.1004637,7.128231568,93,183.5842349,4.796179742,93,3.789267747,4.39752794,93,3.616545556,4.181534344,93,5.650642817,4.339146568,93,8.759642258,4.361773976,93,50.91859866
3.392349154,94,186.4137043,3.89098579,94,204.7372488,6.160418355,94,229.5177743,4.199072028,94,219.4291602,3.971928005,94,210.423493,4.603891591,94,205.8619268,3.982125852,94,192.4842865,4.468977699,94,154.9556929,4.277871312,94,138.5105616,4.004934816,94,160.4224626,3.790953365,94,153.9572385,5.174894842,94,184.6146316,7.238712529,94,183.4157651,4.851068501,94,3.698714366,4.426393309,94,3.514812745,4.238403211,94,6.313583007,4.394805195,94,9.761878144,4.389914453,94,52.38382277
3.421545141,95,187.2699639,3.918738899,95,205.8047398,6.188038595,95,229.748068,4.255413168,95,219.0561566,3.999703726,95,210.8979907,4.691915682,95,206.3276662,4.064537397,95,192.566203,4.498785604,95,156.548171,4.333870141,95,141.0329727,4.033659866,95,158.4822257,3.847402597,95,157.7310665,5.259021474,95,183.5625966,7.320468439,95,187.3992787,4.879610656,95,3.7490218,4.483013841,95,3.622694243,4.29750223,95,6.975964226,4.424860853,95,10.26551146,4.446195407,95,55.73055126
3.449618206,96,188.1715611,3.97535524,96,206.7666151,6.243279075,96,229.4482226,4.283031374,96,220.1952602,4.055255166,96,211.6532715,4.748668057,96,206.1442555,4.119478426,96,193.2539928,4.525281519,96,155.9675425,4.388770954,96,143.2436888,4.088900346,96,160.4095827,3.901638135,96,157.1463163,5.313261014,96,185.0381247,7.40332916,96,180.4095827,4.93559719,96,3.684181107,4.538524165,96,3.576299609,4.348795718,96,7.826159866,4.479406308,96,11.09726104,4.503601981,96,57.8438949
3.506887259,97,190.3518805,4.003108348,97,207.615662,6.298519555,97,230.4590417,4.337163058,97,221.0149408,4.138582327,97,212.7779495,4.806578643,97,206.2694487,4.174419456,97,192.8351365,4.609185251,97,160.9783617,4.445867799,97,145.7861927,4.144140826,97,161.1329212,3.929309327,97,158.0180319,5.342041178,97,184.6862442,7.48618988,97,183.7253993,4.990485948,97,3.742314142,4.595144697,97,3.54667412,4.376672614,97,8.133594187,4.536178108,97,12.67411962,4.586897794,97,62.74446162
3.534960323,98,191.628542,4.060834813,98,208.2323545,6.354864845,98,229.2354456,4.364781264,98,220.6862442,4.221909488,98,212.862442,4.835533936,98,206.7274601,4.201889971,98,193.4997424,4.636785162,98,161.5904173,4.499670595,98,148.1638331,4.199381307,98,162.1761978,3.98575856,98,161.50644,5.423953952,98,183.8469861,7.54253517,98,184.1803194,5.019028103,98,3.66685299,4.679520391,98,3.538848519,4.460303301,98,9.853549469,4.562894249,98,13.4784796,4.643178748,98,64.39515714
3.592229376,99,193.4992272,4.088587922,99,209.2168985,6.381380275,99,230.127254,4.420017676,99,221.4750129,4.277460929,99,214.0381247,4.893444522,99,205.9520866,4.256831001,99,193.4075219,4.691984986,99,164.5193199,4.55676744,99,149.5595054,4.227001547,99,164.2771767,4.042207792,99,161.3359093,5.479300421,99,184.3286965,7.65301613,99,182.7053065,5.101361241,99,3.720514254,4.737251129,99,3.579653438,4.543933988,99,11.65567356,4.618552876,99,15.00335383,4.701710941,99,67.10716126
3.649498428,100,195.5517774,4.11634103,100,210.0690366,6.436620756,100,229.5692942,4.447635882,100,221.1442555,4.333012369,100,214.2725399,4.922399815,100,206.6975786,4.313969673,100,194.2107161,4.749392802,100,165.9902112,4.584217846,100,150.7042761,4.282242027,100,165.2225657,4.067665289,100,163.249356,5.53464689,100,185.6774858,7.735876851,100,183.9448738,5.129903396,100,3.735606484,4.792761454,100,3.589714925,4.65544157,100,14.54443823,4.647495362,100,15.95081051,4.755740657,100,68.28541989
3.678694415,101,196.4183411,4.172957371,101,211.1622875,6.491861236,101,230.1586811,4.503977022,101,222.2112313,4.36078809,101,214.381762,4.951355108,101,206.6749098,4.477693942,101,194.4332818,4.804592625,101,168.8031942,4.639118659,101,152.6264812,4.309862267,101,164.631118,4.123007674,101,164.0927357,5.591100288,101,184.0901597,7.817632761,101,182.9912416,5.184792155,101,3.733370598,4.820516616,101,3.581889324,4.768064228,101,17.53158189,4.728756957,101,18.30128563,4.813147231,101,71.22977846
3.70676748,102,197.0947965,4.20071048,102,211.929933,6.547101716,102,229.820711,4.530490499,102,222.4106131,4.41633953,102,215.0525502,5.039379199,102,206.7882535,4.668888726,102,194.859866,4.832192537,102,168.6713035,4.666569065,102,154.6950026,4.365102747,102,166.4698609,4.178350059,102,167.7166409,5.674119991,102,185.6537867,7.873978051,102,184.12983,5.213334309,102,3.827277809,4.907112723,102,3.586920067,4.82381802,102,19.3666853,4.756586271,102,19.21408608,4.868302566,102,73.14786193
3.76291361,103,199.124678,4.228463588,103,212.1710459,6.575826766,103,229.4549201,4.585726911,103,222.693457,4.471890971,103,214.9587841,5.068334492,103,207.0262751,4.779869607,103,195.2498712,4.888496357,103,170.9000515,4.722567894,103,155.2405976,4.447963468,103,169.0030912,4.233692444,103,166.7150953,5.756032765,103,185.441525,7.928113722,103,184.0793405,5.240778689,103,3.782001118,4.933757679,103,3.563443264,4.879571811,103,21.16825042,4.784415584,103,20.04695361,4.92570914,103,75.70324575
3.79323252,104,199.2787223,4.285079929,104,213.3049974,6.629962436,104,230.6697579,4.614449845,104,222.9526018,4.527442412,104,215.5486862,5.125086866,104,206.5136528,4.833711816,104,195.7552808,4.918304261,104,171.8145286,4.777468707,104,157.1020093,4.503203948,104,168.7630088,4.289034829,104,170.3312725,5.812486163,104,185.1282844,7.983354202,104,183.7475528,5.324209602,104,3.963107881,4.991488417,104,3.654555618,4.934210526,104,22.96254891,4.840074212,104,21.94466182,4.980864475,104,78.17207625
3.821305585,105,200.5528078,4.34169627,105,214.4224626,6.657582677,105,229.3833076,4.640963323,105,223.1664091,4.555218132,105,216.1983514,5.155200371,105,206.9263266,4.890850487,105,195.4811953,5,105,172.3518805,4.833467535,105,159.4291602,4.558444428,105,169.87017,4.316706021,105,170.7418856,5.866725703,105,183.5023184,8.066214922,105,183.8614116,5.353849532,105,3.906092789,5.046998742,105,3.616545556,4.989964318,105,25.09167132,4.869016698,105,23.01229737,5.038271049,105,80.94848016
3.877451714,106,202.0855229,4.370559503,106,214.6816074,6.685202917,106,229.4605873,4.696199735,106,223.4770737,4.610769573,106,216.4487378,5.211952745,106,206.62339,4.943593876,106,195.8572901,5.028703908,106,174.9201443,4.889466364,106,159.9891808,4.613684908,106,172.1081917,4.372048406,106,168.7295209,5.894398937,106,185.5682638,8.121455403,106,182.4281298,5.407640515,106,3.942984908,5.102509067,106,3.68921185,5.045718109,106,27.41643376,4.924675325,106,24.93348239,5.093426385,106,83.51622875
3.905524779,107,202.6053581,4.426065719,107,215.6063885,6.768063637,107,229.5899021,4.781263809,107,223.4781041,4.638545293,107,216.5378671,5.240908038,107,206.8021638,5.026005421,107,195.6306028,5.111503643,107,178.3044822,4.918014787,107,161.0664606,4.696545629,107,172.2967543,4.428497639,107,170.7949511,5.977418641,107,184.8263782,8.176695883,107,182.5358063,5.464724824,107,4.173281163,5.159129598,107,3.724427054,5.1014719,107,29.14589156,4.980333952,107,26.93795416,5.149707339,107,85.63936115
3.934720767,108,203.5316847,4.48268206,108,216.859866,6.795683877,108,229.6939722,4.834290764,108,224.0293663,4.695207762,108,217.3209686,5.299976836,108,206.8361669,5.082045271,108,195.6553323,5.141311548,108,179.0654302,4.971817583,108,162.1612571,4.751786109,108,173.4368882,4.483840024,108,171.3446677,6.033872039,108,186.381762,8.231936363,108,183.5919629,5.494364754,108,4.185578535,5.186884761,108,3.600335383,5.129348796,108,30.4097261,5.007050093,108,28.19675797,5.205988294,108,89.0927357
3.962793831,109,204.5497166,4.511545293,109,217.1607419,6.850924357,109,229.7624936,4.890631905,109,224.3750644,4.777423895,109,217.3920659,5.35672921,109,206.5785677,5.108416966,109,195.8268934,5.195407375,109,179.9556929,4.999267989,109,163.0015456,4.807026589,109,174.1432251,4.539182408,109,172.6651211,6.088111578,109,186.0984029,8.287176843,109,184.0906749,5.519613583,109,4.365567356,5.21575013,109,3.68529905,5.187332739,109,32.94186696,5.06270872,109,30.6411403,5.262269248,109,91.21380732
4.049258871,110,206.2266873,4.56705151,110,217.8500773,6.878544597,110,229.3518805,4.944763588,110,224.701185,4.805199615,110,217.8959299,5.414639796,110,206.7954663,5.163357996,110,195.7315817,5.252815191,110,182.0293663,5.055266818,110,165.0772798,4.862267069,110,174.9587841,4.566853601,110,173.2421432,6.116891742,110,185.7897991,8.314797083,110,181.9258114,5.604142272,110,4.57685858,5.272370661,110,3.79765232,5.240856378,110,34.74846283,5.120593692,110,32.8490777,5.318550203,110,93.55641422
4.105405001,111,207.7094281,4.623667851,111,219.0875837,6.933785078,111,230.2709943,5.027618206,111,224.6058733,4.860751055,111,217.9881504,5.472550382,111,206.6048429,5.193026152,111,195.8196806,5.279311106,111,181.6919114,5.111265647,111,167.2869655,4.889887309,111,175.0829469,4.621089138,111,174.0814013,6.198804516,111,181.6594539,8.397657804,111,184.0298815,5.65903103,111,4.773616546,5.300125823,111,3.774175517,5.296610169,111,37.42984908,5.174025974,111,35.19899385,5.374831157,111,96.64193715
4.162674053,112,208.6269964,4.680284192,112,219.9520866,6.962510127,112,229.9927872,5.082854618,112,225.2488408,4.944078216,112,218.2802679,5.530460968,112,207.3838228,5.246868361,112,195.2879959,5.33451093,112,183.0365791,5.138716053,112,167.3750644,4.94512779,112,176.5270479,4.677538371,112,174.1061309,6.22758468,112,185.5378671,8.480518524,112,184.7537352,5.71611534,112,5.05254332,5.328991192,112,3.896590274,5.352363961,112,39.83454444,5.230797774,112,37.90832868,5.402971634,112,98.16692427
4.190747118,113,209.3101494,4.764653641,113,220.812983,7.044266038,113,230.015456,5.13809103,113,225.4399794,5.028516406,113,218.6470891,5.589529766,113,206.6944874,5.273240056,113,196.3997939,5.391918746,113,185.5615662,5.195812898,113,168.4255538,5.00036827,113,176.3848532,4.731773908,113,174.4775889,6.28182422,113,184.984544,8.565588864,113,183.1674395,5.771004098,113,5.473448854,5.413366886,113,3.995528228,5.380240856,113,41.33370598,5.285343228,113,39.86305198,5.459252589,113,100.9216899
4.24801617,114,210.6826378,4.821269982,114,222.0149408,7.099506518,114,229.1107676,5.193327441,114,225.7666151,5.082956818,114,219.5492014,5.675237433,114,206.4533745,5.328181086,114,195.7918599,5.418414661,114,186.0654302,5.249615694,114,169.4193715,5.05560875,114,179.0602782,4.78822314,114,176.5275631,6.367057782,114,186.5502318,8.730205495,114,182.929933,5.826990632,114,5.879821129,5.471097624,114,4.167691448,5.437109723,114,43.37115707,5.315398887,114,41.16936836,5.516659163,114,103.3797012
4.277212158,115,210.7614632,4.849023091,115,221.6099948,7.154746999,115,230.4343122,5.249668582,115,225.9010819,5.110732538,115,219.1339516,5.762103312,115,206.7758887,5.438063146,115,196.0072128,5.502318393,115,187.0886141,5.306712539,115,170.0618238,5.11084923,115,179.0015456,4.842458678,115,177.3910355,6.392517157,115,186.6553323,8.811961405,115,181.8335909,5.881879391,115,6.323085523,5.525497743,115,4.258803801,5.521855486,115,46.92789268,5.369944341,115,44.10955841,5.571814498,115,106.6836682
4.333358287,116,212.4291602,4.905639432,116,222.1875322,7.182367239,116,229.3086038,5.276182059,116,226.1664091,5.166283979,116,219.0293663,5.82117211,116,206.5327151,5.493004176,116,196.1962906,5.531022301,116,187.877898,5.333064929,116,170.9361154,5.166089711,116,180.5347759,4.900014758,116,176.8588357,6.47664379,116,185.0458527,8.868306695,116,183.1102524,5.9389637,116,6.934041364,5.609873436,116,4.608160984,5.575379126,116,49.15818893,5.397773655,116,45.59921744,5.599954975,116,107.8480165
4.363677197,117,212.8238022,4.962255773,117,223.4554353,7.237607719,117,229.9392066,5.331418471,117,226.5842349,5.194059699,117,219.3281813,5.877924485,117,206.9979392,5.547945205,117,196.2679031,5.586222124,117,188.3276662,5.416514164,117,173.0123648,5.221330191,117,178.5574446,4.955357143,117,178.8742916,6.503210095,117,185.2658423,8.922442366,117,179.2807831,5.993852459,117,7.420905534,5.666493968,117,4.840134153,5.603256021,117,50.87702627,5.454545455,117,47.59865847,5.684376407,117,112.2143225
4.419823327,118,213.8320453,4.991119005,118,223.5528078,7.292848199,118,229.1689851,5.386654883,118,226.3585781,5.24961114,118,220.194745,5.906879778,118,206.4848016,5.603985056,118,195.9598145,5.613822036,118,189.9448738,5.472512993,118,173.9675425,5.276570671,118,179.6074189,5.037263872,118,178.5847501,6.558556564,118,186.6218444,9.005303086,118,181.5600206,6.049838993,118,8.10844047,5.724224706,118,5.182224707,5.660124888,118,53.20346562,5.509090909,118,50.76131917,5.796938316,118,117.5595054
4.447896392,119,214.807831,5.046625222,119,224.2431736,7.348088679,119,230.3771252,5.441891295,119,226.4100979,5.305162581,119,219.7305513,5.964790364,119,206.8294693,5.658926086,119,196.3137558,5.670125856,119,191.0164863,5.502159432,119,173.6671819,5.332915961,119,177.3523957,5.092606257,119,179.4198867,6.613903033,119,186.1880474,9.060543566,119,182.5234415,6.077283372,119,8.529346003,5.779735031,119,5.639463387,5.71587868,119,56.1078815,5.565862709,119,53.31190609,5.85434489,119,119.8665636
4.475969457,120,214.8748068,5.104351687,120,224.9185987,7.375708919,120,230.0489438,5.524745913,120,226.7794951,5.332938301,120,219.7398248,6.02270095,120,206.6836682,5.686396601,120,196.2931479,5.698829764,120,191.550747,5.555962228,120,175.1952602,5.359431391,120,179.9469346,5.119170602,120,180.1798042,6.699136595,120,186.4296754,9.115784047,120,182.4327666,6.133269906,120,9.43432085,5.8086004,120,5.734488541,5.771632471,120,57.66629402,5.648237477,120,56.37730576,5.909500225,120,124.3060278
4.534361431,121,215.5100464,5.130994671,121,224.9747553,7.40332916,121,229.0185471,5.552364118,121,226.7547656,5.388489741,121,220.3596084,6.080611536,121,206.7372488,5.741337631,121,195.7253993,5.783837492,121,191.7511592,5.583412635,121,175.2354456,5.414671872,121,181.5440495,5.174512987,121,180.5471406,6.752269205,121,186.2565688,9.171024527,121,182.5414735,6.18925644,121,10.36053661,5.864110725,121,6.258803801,5.855263158,121,61.41866965,5.731725417,121,60.55841252,5.938766321,121,123.8979907
4.562434496,122,215.9902112,5.187611012,122,225.4152499,7.45856964,122,230.0613086,5.60760053,122,227.2086553,5.417376491,122,220.2261721,6.110725041,122,206.1164348,5.796278661,122,196.4214323,5.837933319,122,193.488408,5.639411463,122,177.0736734,5.442292112,122,180.3049974,5.23096222,122,180.8511077,6.77994244,122,186.5146832,9.254990057,122,182.503864,6.21670082,122,10.77138066,5.892976094,122,6.517048631,5.883140054,122,61.65958636,5.759554731,122,61.91280045,5.993921657,122,127.1952602
4.590507561,123,216.7485832,5.215364121,123,226.0298815,7.51381012,123,229.8608964,5.635218736,123,226.7156105,5.471816902,123,220.2977846,6.169793838,123,206.8248326,5.851219691,123,196.0350335,5.894237138,123,193.9793921,5.721762682,123,178.1715611,5.497532592,123,181.7398248,5.285197757,123,182.6244204,6.973655081,123,185.5388975,9.336745967,123,180.9422978,6.302327283,123,12.30072666,5.950706831,123,7.081609838,5.938893845,123,64.53884852,5.787384045,123,63.04415875,6.022062134,123,128.0587326
4.647776613,124,217.6445131,5.271980462,124,226.0947965,7.54143036,124,229.7150953,5.690455148,124,226.7449768,5.528479372,124,220.8248326,6.225388001,124,206.5543534,5.906160721,124,195.9232354,5.949436962,124,194.9829985,5.777761511,124,178.2297785,5.553877882,124,181.6378156,5.342753837,124,181.9237506,7.057781714,124,185.8397733,9.419606688,124,182.0829469,6.383562646,124,14.05366126,6.00510695,124,7.83510341,5.96677074,124,65.24874231,5.843042672,124,65.72778088,6.078343089,124,131.4399794
4.703922743,125,218.1318908,5.328596803,125,226.7496136,7.59667084,125,229.1993818,5.718073354,125,226.8428645,5.666246945,125,220.7022154,6.254343294,125,206.3549717,5.961101751,125,195.7717671,5.977036873,125,195.3111798,5.806309933,125,179.2612056,5.608013552,125,181.8717156,5.395882527,125,182.2174137,7.113128182,125,185.9670273,9.475951978,125,182.2369912,6.440646956,125,15.30296255,6.062837688,125,8.528787032,6.022524532,125,67.25209614,5.870871985,125,66.28787032,6.106483566,125,130.7501288
4.73311873,126,218.4538897,5.385213144,126,227.1787738,7.651911321,126,229.5569294,5.774414494,126,227.3905204,5.749574106,126,220.6790314,6.31225388,126,206.6707883,5.988572266,126,195.8042246,6.033340693,126,195.8413189,5.861210746,126,179.4162803,5.663254033,126,182.9108707,5.423553719,126,183.3523957,7.167367722,126,184.4765585,9.530087648,126,180.3915507,6.495535714,126,16.74063723,6.09059285,126,8.937954164,6.079393399,126,69.53884852,5.926530612,126,69.02683063,6.16276452,126,135.8670788
4.761191795,127,218.8737764,5.412966252,127,227.7794951,7.68063637,127,229.7887687,5.828546178,127,227,5.832901267,127,221.0685214,6.341209173,127,205.8578053,6.06988499,127,195.7604328,6.060940605,127,196.4322514,5.916111558,127,176.0082432,5.690874273,127,183.2900567,5.480002952,127,182.3879444,7.27806066,127,186.0041216,9.587537748,127,182.1782586,6.578966628,127,18.76131917,6.146103175,127,9.791503633,6.134032114,127,71.41475685,5.982189239,127,70.59250978,6.190904998,127,136.8969603
4.81958377,128,220.1679547,5.440719361,128,227.8284389,7.734772041,128,229.6640907,5.856164384,128,227.3874292,5.888452707,128,221.1009789,6.399119759,128,206.877898,6.12482602,128,195.6058733,6.117244425,128,196.9634209,5.945757997,128,177.4044307,5.773734993,128,183.1081917,5.561909681,128,183.1679547,7.362187292,128,187.3853684,9.640568609,128,181.7496136,6.663495316,128,20.82448295,6.202723707,128,10.91112353,6.189785905,128,72.88652879,6.037847866,128,73.98602571,6.247185952,128,142.2235961
4.847656835,129,220.1715611,5.470692718,129,228.0736734,7.762392281,129,229.5852653,5.911400795,129,227.4791345,5.944004148,129,221.298815,6.457030345,129,206.0273055,6.181964691,129,195.6975786,6.172444248,129,198.3292117,5.972110387,129,180.7660999,5.828975473,129,184.1756826,5.647136954,129,184.0200927,7.445206996,129,185.4693457,9.695809089,129,180.6512107,6.690939696,129,21.76746786,6.230478869,129,11.35718278,6.245539697,129,75.37898267,6.093506494,129,75.76299609,6.27532643,129,138.6522411
4.903802965,130,221.1293148,5.553952043,130,228.2823287,7.791117331,130,229.4374034,5.967741935,130,227.3503349,5.999555588,130,220.807831,6.48714385,130,206.0927357,6.23470808,130,195.9742401,6.201148156,130,199.3709428,6.028109216,130,182.36373,5.857700523,130,184.2740855,5.700265643,130,184.0370943,7.47288023,130,184.5857805,9.806290049,130,181.2065945,6.801814988,130,24.63107881,6.2870994,130,12.29737283,6.274531668,130,76.27501397,6.12244898,130,76.94801565,6.359747861,130,146.0211231
4.934121875,131,221.11695,5.610568384,131,228.431221,7.872873242,131,228.9057187,6.021873619,131,227.5167439,6.056218058,131,221.1736218,6.543896224,131,206.298815,6.318218446,131,195.2653272,6.25634798,131,198.8495621,6.056657639,131,181.9160227,5.911836194,131,183.6800618,5.755608028,131,187.3858836,7.52711977,131,188.1458011,9.86153053,131,179.672849,6.830357143,131,25.57350475,6.343719932,131,13.56120738,6.329170384,131,78.14533259,6.176994434,131,80.04471772,6.444169293,131,148.6460587
4.990268004,132,221.3508501,5.668294849,132,228.9933024,7.901598291,132,229.2225657,6.077110031,132,227.8346213,6.111769499,132,221.0808861,6.60180681,132,206.2550232,6.40062999,132,195.8964451,6.285051888,132,197.760948,6.222458092,132,183.6136012,5.968181483,132,183.3755796,5.785492916,132,184.1622875,7.557006863,132,188.6573931,9.91677101,132,181.4770737,6.887441452,132,27.26998323,6.429205832,132,15.6411403,6.386039251,132,79.85858021,6.20593692,132,79.79597541,6.502701486,132,150.8171046
5.019463992,133,222.6702731,5.722690941,133,229.7542504,7.955733962,133,229.1200412,6.104728237,133,227.7022154,6.16620991,133,221.6048429,6.631920315,133,206.5579598,6.45557102,133,195.9629057,6.340251711,133,199.4018547,6.305907327,133,183.6573931,6.022317154,133,185.3730036,5.838621606,133,185.7774343,7.610139473,133,185.5842349,9.97201149,133,178.9577537,6.941232436,133,28.93236445,6.455850788,133,16.01453326,6.468554862,133,83.85578535,6.288311688,133,83.61095584,6.557856821,133,152.438949
5.075610121,134,222.7176713,5.751554174,134,229.8212262,8.010974442,134,229.2333849,6.159964649,134,228.1710459,6.221761351,134,221.9701185,6.688672689,134,205.6929418,6.511610871,134,195.2040185,6.396555531,134,200.555899,6.36080814,134,185.6378156,6.049937394,134,184.2488408,5.896177686,134,185.1128284,7.695373035,134,188.0757342,10.05597702,134,180.7161257,7.025761124,134,31.49972051,6.51247132,134,17.39239799,6.526538805,134,85.19508105,6.317254174,134,84.43655674,6.613012157,134,155.4507986
5.103683186,135,223.3745492,5.835923623,135,229.8547141,8.038594682,135,229.239052,6.187582855,135,227.3055126,6.277312792,135,221.6172076,6.718786194,135,205.9237506,6.537982565,135,195.054611,6.452859351,135,201.0448223,6.444257375,135,186.1937146,6.132798114,135,185.1257084,5.949306375,135,185.197321,7.748505645,135,185.2735703,10.13883774,135,181.2241113,7.053205504,135,32.62996087,6.570202058,135,18.92621576,6.552185549,135,85.87926216,6.371799629,135,86.72330911,6.669293111,135,157.9093251
5.160952238,136,223.7614632,5.892539964,136,230.431221,8.093835162,136,228.5919629,6.242819266,136,227.7903143,6.305088512,136,221.6790314,6.746583275,136,206.2823287,6.591824775,136,195.1540443,6.480459263,136,201.0860381,6.556255033,136,187.5785677,6.188038595,136,185.8196806,6.005755608,136,186.4003091,7.804959044,136,185.1179804,10.22169846,136,182.3910355,7.109192037,136,34.48910006,6.599067427,136,19.43096702,6.60793934,136,88.93180548,6.399628942,136,88.23979877,6.697433588,136,158.6769706
5.189025303,137,223.7681607,5.95026643,137,230.3930963,8.149075643,137,229.423493,6.325673884,137,228.0180319,6.361750981,137,221.7928903,6.805652073,137,205.9866048,6.647864625,137,195.4739825,6.564362994,137,202.7207625,6.639704268,137,189.3359093,6.215658835,137,185.8284389,6.0334268,137,186.9938176,7.832632278,137,185.3657908,10.30345437,137,178.7815559,7.165178571,137,36.66573505,6.653467545,137,20.86249301,6.636931311,137,89.79318055,6.428571429,137,89.55002795,6.78185502,137,160.7460072
5.246294355,138,224.7187017,5.976909414,138,231.1164348,8.176695883,138,228.3678516,6.380910296,138,227.9144771,6.416191393,138,221.6393612,6.863562659,138,206.2421432,6.67533514,138,195.5085008,6.591962906,138,202.4569809,6.86150355,138,190.810407,6.270899315,138,185.2771767,6.088769185,138,185.7990726,7.887978747,138,185.3147862,10.3874199,138,183.1669243,7.192622951,138,37.45444382,6.711198283,138,22.31134712,6.691570027,138,91.84684181,6.483116883,138,91.37227501,6.922557407,138,165.4595569
5.275490343,139,224.6177228,6.033525755,139,231.1679547,8.204316123,139,228.9175683,6.408528502,139,227.8784132,6.443967114,139,221.7320969,6.950428538,139,205.7712519,6.73027617,139,195.0149408,6.648266726,139,202.7913447,6.917502379,139,190.3225142,6.298519555,139,185.8320453,6.14411157,139,187.0360639,7.942218286,139,184.88305,10.44376519,139,180.6841834,7.24970726,139,39.35271101,6.766708608,139,23.98099497,6.747323818,139,94.31190609,6.510946197,139,92.66964785,7.120666367,139,171.1890778
5.303563408,140,225.0267903,6.090142096,140,231.6872746,8.259556603,140,229.5564142,6.464869642,140,227.7027306,6.527294274,140,221.4878928,6.97822562,140,205.3992787,6.7852172,140,195.3523957,6.704570545,140,205.179289,6.972403192,140,189.9963936,6.409000516,140,185.514168,6.200560803,140,187.0273055,8.026344919,140,183.4502834,10.47138543,140,180.558475,7.303498244,140,41.32699832,6.824439346,140,25.83174958,6.803077609,140,96.24482951,6.651205937,140,99.14197876,7.485366952,140,179.7934055
5.36083246,141,225.3683668,6.145648313,141,231.6656363,8.287176843,141,228.7831015,6.519001326,141,228.1035549,6.638397156,141,222.005152,7.007180913,141,205.5311695,6.812687715,141,195.0170015,6.759770369,141,204.1380732,6.999853598,141,190.1499227,6.464240996,141,187.2797527,6.25479634,141,186.241628,8.080584459,141,184.0144256,10.55314134,141,179.0525502,7.388026932,141,44.68026831,6.878839464,141,27.38345444,6.858831401,141,98.92286193,6.705751391,141,100.8641699,7.597928861,141,181.8402885
5.419224435,142,225.8634724,6.202264654,142,231.800103,8.342417323,142,229.3147862,6.54772426,142,227.7315817,6.693948596,142,221.6996394,7.036136206,142,205.6713035,6.867628745,142,195.1566203,6.817178185,142,206.002576,7.139301662,142,190.6331788,6.519481476,142,186.573931,6.311245573,142,187.758372,8.138144786,142,185.1931994,10.60838182,142,178.9562081,7.415471311,142,45.30855226,6.935459996,142,29.31246506,6.914585192,142,100.2509782,6.762523191,142,103.7009503,7.626069338,142,177.7511592
5.474247642,143,226.3673364,6.258880995,143,231.6996394,8.397657804,143,228.2359608,6.630578878,143,227.7444616,6.749500037,143,221.8268934,7.095205003,143,205.5476558,6.89509926,143,194.9799073,6.8436741,143,205.7413704,7.334748554,143,193.5347759,6.547101716,143,186.9752705,6.448494687,143,186.6584235,8.191277396,143,184.8907779,10.6636223,143,179.7269449,7.472555621,143,47.50810509,6.992080527,143,31.21743991,7.026092774,143,104.4622694,6.817068646,143,105.7820011,7.683475912,143,183.2668727
5.503443629,144,226.5079856,6.315497336,144,232.3961875,8.454003093,144,229.4358578,6.657092355,144,227.6573931,6.806162506,144,222.132406,7.180912671,144,205.3905204,6.977510805,144,195.0499742,6.927577832,144,205.3431221,7.417099773,144,191.9598145,6.574721956,144,186.4657393,6.503837072,144,187.8165894,8.248837724,144,183.5883565,10.71886278,144,178.4461618,7.498902225,144,48.43935159,7.048701058,144,33.15818893,7.05396967,144,105.9066518,6.872727273,144,107.7473449,7.738631247,144,180.4100979
5.560712682,145,227.2864503,6.372113677,145,232.7521896,8.480518524,145,228.2529624,6.712328767,145,227.5971149,6.860602918,145,221.7655848,7.238823257,145,204.615662,7.003882499,145,194.7372488,7.011481563,145,205.2885111,7.527999414,145,192.7243689,6.631067246,145,188.4059763,6.558072609,145,188.2642968,8.275404029,145,184.6048429,10.77299845,145,178.7939207,7.557084309,145,50.65064282,7.10532159,145,34.92901062,7.109723461,145,107.9463387,6.9283859,145,110.2252655,7.794912202,145,185.6007213
5.588785746,146,226.935085,6.427619893,146,232.9309634,8.508138764,146,228.3348789,6.767565179,146,228.5919629,6.918376417,146,221.7181865,7.326847348,146,205.5028336,7.061021171,146,195.1607419,7.039081475,146,205.5059248,7.861796355,146,194.1452859,6.685202917,146,187.1236476,6.587957497,146,187.0412159,8.330750498,146,184.2740855,10.82934374,146,179.7676455,7.611973068,146,52.44661822,7.160831915,146,36.93292342,7.165477252,146,109.8026831,6.984044527,146,111.9832309,7.851193156,146,185.5600206
5.646054799,147,227.563627,6.484236234,147,232.9912416,8.564484054,147,229.0061824,6.796288113,147,227.6481195,6.9717058,147,221.7058217,7.412555015,147,205.0437919,7.11486338,147,194.3003606,7.094281298,147,205.6110252,7.916697167,147,194.4358578,6.740443397,147,187.2447192,6.641086187,147,187.2627512,8.384990038,147,183.2720247,10.91220446,147,178.7109737,7.666861827,147,54.49357183,7.189697284,147,37.75069871,7.221231044,147,113.7154835,7.01187384,147,112.6959195,7.880459253,147,182.9891808
5.674127863,148,227.6512107,6.513099467,148,233.1798042,8.618619725,148,228.2905719,6.851524525,148,227.9675425,7.02725724,148,221.3225142,7.441510308,148,205.2086553,7.170903231,148,194.9654817,7.151689115,148,206.0030912,8.332845326,148,197.3343637,6.769168447,148,187.4111283,6.698642267,148,188.1514683,8.441443436,148,183.1865018,10.96634013,148,179.6295724,7.722848361,148,56.42593628,7.246317815,148,39.62493013,7.304861731,148,116.4052543,7.20890538,148,123.2537731,7.963755065,148,186.306543
5.732519838,149,228.2802679,6.568605684,149,232.8928387,8.674965014,149,228.449253,6.933274414,149,227.5146832,7.110584401,149,221.4652241,7.499420894,149,204.5151984,7.22474544,149,193.7970118,7.206888938,149,208.7320969,8.418490594,149,196.6836682,6.823304117,149,187.6470891,6.725206612,149,188.3436373,8.496789905,149,184.6512107,11.02158061,149,179.7789799,7.778834895,149,58.22526551,7.274072978,149,40.77417552,7.360615522,149,117.6042482,7.290166976,149,126.4684181,8.021161639,149,186.937661
5.759469981,150,228.3575477,6.626332149,150,233.6136012,8.729100685,150,228.4374034,6.961997349,150,227.3369397,7.166135842,150,221.5399279,7.558489692,150,204.8480165,7.27968647,150,194.6424523,7.263192758,150,207.7243689,8.500841812,150,195.5275631,6.878544597,150,187.5744462,6.808220189,150,189.5007728,8.552136374,150,181.4580113,11.07682109,150,178.5162287,7.807377049,150,59.41866965,7.358448671,150,43.60368921,7.388492417,150,120.8915595,7.346938776,150,128.3756288,8.077442593,150,188.7959815
5.788665968,151,228.0360639,6.654085258,151,233.5471406,8.757825735,151,228.3982483,7.016129032,151,227.6630603,7.221687282,151,221.4482226,7.587444985,151,204.1164348,7.3346275,151,193.9057187,7.318392581,151,207.550747,8.610643438,151,196.1494075,6.933785078,151,189.758372,6.835891381,151,188.119526,8.634049148,151,183.7753735,11.13316638,151,178.2395672,7.862265808,151,61.7138066,7.415069203,151,45.67859139,7.472123104,151,123.1520402,7.373654917,151,130.8552264,8.132597929,151,187.8722308
5.847057943,152,228.8516229,6.850577265,152,234.4853168,8.811961405,152,228.1865018,7.043747238,152,227.9062339,7.306125472,152,221.2323545,7.645355571,152,204.6213292,7.417039045,152,194.2684183,7.374696401,152,208.0133952,8.640289876,152,195.5486862,6.989025558,152,187.1396188,6.863562574,152,188.9366306,8.662829311,152,184.1643483,11.24364734,152,179.3745492,7.919350117,152,63.62045836,7.471689734,152,47.89547233,7.5,152,124.0262717,7.430426716,152,132.1704863,8.191130122,152,188.5461103
5.874008085,153,228.7758887,6.879440497,153,233.7934055,8.868306695,153,228.9634209,7.09898365,153,227.6944874,7.388341604,153,221.5069552,7.674310864,153,204.3199382,7.50054941,153,194.3292117,7.429896224,153,209.6872746,8.695190689,153,195.628542,7.016645798,153,187.2339001,6.945469303,153,189.8897476,8.717068851,153,183.3776404,11.29888782,153,178.4353426,7.946794496,153,64.02515372,7.529420472,153,49.84684181,7.555753791,153,125.4974846,7.45825603,153,131.392957,8.245159838,153,189.9263266
5.959350202,154,229.0314271,6.936056838,154,234.244204,8.922442366,154,228.1875322,7.126601856,154,227.5502318,7.471668765,154,221.436373,7.849200834,154,204.7831015,7.55439162,154,194.0170015,7.457496136,154,208.3601236,8.778639924,154,196.2086553,7.071886278,154,187.9788769,7.001918536,154,188.3812468,8.774629179,154,184.0432767,11.40936879,154,177.438949,8.00058548,154,65.8451649,7.556065428,154,50.95528228,7.639384478,154,129.5125769,7.512801484,154,135.8585802,8.302566412,154,190.9242658
6.016619254,155,229.374034,6.964920071,155,234.0288511,8.977682846,155,228.6702731,7.184047724,155,227.8938691,7.499444486,155,221.1679547,7.966180218,155,204.1736218,7.691744195,155,193.9850592,7.513799956,155,207.9356002,8.833540736,155,197.8974755,7.099506518,155,187.1679547,7.029589728,155,188.3523957,8.827761789,155,180.8526533,11.46571408,155,179.0293663,8.058767564,155,68.05086641,7.641551329,155,54.05086641,7.667261374,155,130.569033,7.568460111,155,137.5209614,8.358847366,155,189.7449768
6.044692319,156,229.3086038,7.021536412,156,234.111798,9.032923326,156,227.8310149,7.264692886,156,227.2921175,7.556106955,156,221.4734673,8.049571462,156,204.1154044,7.72031353,156,193.6980938,7.541399868,156,208.0298815,8.860991143,156,196.1952602,7.154746999,156,186.935085,7.086038961,156,187.5105616,8.855435023,156,183.5033488,11.57619504,156,179.0273055,8.112558548,156,69.54835103,7.668196285,156,54.99441029,7.723015165,156,132.2023477,7.679777365,156,142.6959195,8.414002701,156,191.5455951
6.103084294,157,230.4013395,7.077042629,157,234.3482741,9.060543566,157,228.438949,7.29341582,157,227.7851623,7.611658396,157,220.7660999,8.108640259,157,204.0030912,7.829096769,157,193.3153014,7.570103776,157,208.2035033,8.918087988,157,197.4327666,7.237607719,157,188.2050489,7.167945691,157,187.8433797,8.911888422,157,182.6027821,11.6292259,157,177.4276146,8.197087237,157,72.61934041,7.724816816,157,56.95360537,7.778768956,157,133.9167132,8.208534323,157,162.3801006,8.470283656,157,191.7681607
6.131157359,158,229.5780526,7.104795737,158,234.3462133,9.115784047,158,228.2277177,7.348652232,158,227.9608449,7.638323087,158,220.9680577,8.137595552,158,203.4878928,7.856567284,158,193.2457496,7.626407595,158,208.6424523,8.944440378,158,196.9860896,7.295057818,158,187.0123648,7.223288076,158,185.8212262,8.994908125,158,182.8681092,11.76953672,158,177.6161772,8.251975995,158,74.10620458,7.78365776,158,58.63275573,7.862399643,158,138.6031302,8.486827458,158,171.8882057,8.528815849,158,190.9536321
6.188426411,159,230.4368882,7.13365897,159,234.0551262,9.143404287,159,227.6177228,7.375165709,159,227.6269964,7.693874528,159,221.0844925,8.195506139,159,203.675425,7.911508314,159,193.7903143,7.652903511,159,208.6342092,9.000439207,159,196.0396703,7.375708919,159,188.4332818,7.306301653,159,187.9902112,9.076820899,159,182.6228748,11.88001768,159,176.4796497,8.28051815,159,74.89435439,7.810302716,159,60.52040246,7.918153434,159,139.7328116,8.765120594,159,177.4421465,8.555830707,159,191.5224111
6.244572541,160,230.3565173,7.189165186,160,234.1524987,9.172129336,160,228.368882,7.431506849,160,227.2426584,7.749425968,160,221.0226687,8.253416725,160,203.8722308,7.966449344,160,193.2766615,7.709207331,160,208.6043277,9.083888442,160,196.3673364,7.40332916,160,188.4044307,7.361644038,160,189.0767646,9.134381226,160,182.1452859,11.96177359,160,177.3539413,8.363949063,160,77.67020682,7.866923248,160,62.0117384,7.94603033,160,141.803801,8.821892393,160,178.4980436,8.610986042,160,192.8706852
6.273768528,161,230.8263782,7.218028419,161,234.558475,9.226265007,161,228.2591448,7.459125055,161,227.7006698,7.778312718,161,221.2792375,8.312485522,161,203.8356517,8.021390374,161,193.4188563,7.737911239,161,209.2509016,9.13988727,161,196.2555384,7.45856964,161,187.0772798,7.38931523,161,188.8835652,9.187513837,161,183.124678,12.04463431,161,178.4708913,8.392491218,161,78.65343767,7.922433573,161,64.26551146,8.001784121,161,142.9161543,8.876437848,161,179.7506987,8.640252139,161,192.7990726
6.301841593,162,231.2179289,7.273534636,162,234.5213807,9.309125727,162,228.3745492,7.514361467,162,227.6476043,7.832753129,162,220.9629057,8.340282604,162,203.862442,8.048860889,162,192.6687275,7.793111062,162,210.3760948,9.222238489,162,196.0540958,7.51381012,162,187.5151984,7.472328808,162,188.7032457,9.216294,162,183.321999,12.1009796,162,178.1772282,8.447379977,162,80.60424818,7.951298942,162,64.83398547,8.057537913,162,145.0821688,8.933209647,162,181.5148127,8.696533093,162,193.1205564
6.359110645,163,230.9582689,7.303507993,163,234.6620299,9.336745967,163,228.2498712,7.569597879,163,227.6439979,7.861639879,163,221.1638331,8.397034978,163,203.6563627,8.103801919,163,193.8665636,7.877014794,163,209.5605358,9.278237318,163,196.4317362,7.5690506,163,188.3163318,7.527671192,163,189.0159711,9.299313704,163,181.6280268,12.32194152,163,176.0896445,8.531908665,163,83.57350475,8.00902968,163,66.47344885,8.086529884,163,145.1632197,8.987755102,163,181.5192845,8.780954525,163,193.6326636
6.389429555,164,231.3884596,7.35901421,164,234.5754766,9.393091257,164,227.5347759,7.624834291,164,227.6022669,7.943856011,164,220.9474498,8.428306694,164,203.4054611,8.158742949,164,192.8851108,7.932214617,164,209.4322514,9.334236147,164,196.685729,7.651911321,164,187.2617208,7.555342385,164,189.3513653,9.354660173,164,183.2931479,12.37607719,164,178.0216383,8.586797424,164,85.36500838,8.063429798,164,69.05589715,8.141168599,164,146.5517049,9.044526902,164,182.4980436,8.83723548,164,193.7831015
6.444452762,165,231.368882,7.414520426,165,234.379186,9.447226928,165,227.6816074,7.678965974,165,227.3601236,8.054958892,165,220.6161772,8.485059069,165,203.386914,8.186213464,165,193.2941783,7.962022522,165,209.7805255,9.417685382,165,196.2344152,7.679531561,165,187.4775889,7.61068477,165,188.3080886,9.408899712,165,177.5466255,12.40369743,165,177.6640907,8.643881733,165,87.42705422,8.121160536,165,70.59306875,8.198037467,165,148.0994969,9.099072356,165,183.8949134,8.892390815,165,196.1004637
6.472525827,166,231.3508501,7.443383659,166,234.7223081,9.475951978,166,226.9185987,7.76292532,166,227.5862957,8.111621361,166,220.2040185,8.514014362,166,202.8346213,8.241154494,166,192.9082947,8.016118348,166,209.553323,9.472586194,166,196.6306028,7.734772041,166,188.3379701,7.693698347,166,188.3338485,9.46535311,166,181.2586296,12.46004272,166,176.5151984,8.697672717,166,89.38010061,8.176670861,166,72.75237563,8.252676182,166,150.1011738,9.154730983,166,185.3113471,8.949797389,166,191.1725914
6.529794879,167,231.1885626,7.472246892,167,235.1081917,9.530087648,167,227.8505925,7.789438798,167,226.8768676,8.166061773,167,220.4945904,8.571924948,167,203.2153529,8.296095524,167,192.6785162,8.04371826,167,210.5260175,9.527487007,167,195.561051,7.762392281,167,186.0484286,7.749040732,167,189.0901597,9.51959265,167,182.7964967,12.54290344,167,177.2421432,8.754757026,167,91.35941867,8.233291392,167,74.51593069,8.310660125,167,150.6948016,9.21038961,167,185.3856903,9.004952724,167,191.8454405
6.560113789,168,232.0314271,7.527753108,168,234.9835137,9.612948369,168,227.7238537,7.845779938,168,226.9716641,8.221613214,168,220.371458,8.600880241,168,203.1617723,8.32466486,168,193.5342607,8.10002208,168,210.0257599,9.556035429,168,197.1937146,7.791117331,168,188.3137558,7.804383117,168,189.8371973,9.548372814,168,183.0061824,12.56941887,168,177.4734673,8.809645785,168,93.15651202,8.262156761,168,75.45220794,8.364183765,168,153.1112353,9.293877551,168,186.3504751,9.062359298,168,196.1257084
6.587063932,169,231.4554353,7.556616341,169,234.6321484,9.669293658,169,227.070067,7.899911622,169,227.0942813,8.277164654,169,219.9031427,8.658790827,169,203.0463679,8.405977584,169,193.0314271,8.1563259,169,210.2174137,9.613132274,169,196.8876868,7.845253001,169,187.563627,7.859725502,169,188.2952087,9.603719283,169,181.4121587,12.65227959,169,176.5177743,8.866730094,169,95.61319173,8.317667086,169,77.06931247,8.421052632,169,154.0899944,9.321706865,169,186.1648966,9.090499775,169,195.1406491
6.644332984,170,231.9860896,7.612122558,170,234.8304997,9.723429329,170,227.1458011,7.927529828,170,226.8789284,8.332716095,170,220.5425039,8.68774612,170,203.132406,8.460918614,170,192.4064915,8.183925811,170,210.5033488,9.639484664,170,196.2174137,7.872873242,170,187.5126224,7.916174734,170,188.7990726,9.659065752,170,182.5847501,12.67989983,170,179.0195775,8.921618852,170,97.2783678,8.373177411,170,79.48127446,8.475691347,170,155.373393,9.378478664,170,187.2006708,9.173795588,170,195.1427099
6.674651894,171,231.9809377,7.64098579,171,235.1380732,9.778669809,171,226.511592,7.982766239,171,226.8871716,8.388267536,171,220.6398764,8.745656706,171,203.3956723,8.515859644,171,192.9969088,8.239125635,171,211.0211231,9.694385477,171,196.7197321,7.928113722,171,186.7908295,7.970410272,171,188.1813498,9.742085455,171,182.7867079,12.7340355,171,177.3405461,8.976507611,171,99.38401342,8.429797942,171,81.3940749,8.532560214,171,155.4656233,9.601113173,171,190.5969816,9.201936065,171,195.2328697
6.729675101,172,232.0798557,7.696492007,172,235.1916538,9.806290049,172,227.6419371,8.038002651,172,226.9629057,8.444930005,172,219.8335909,8.774611999,172,203.1334364,8.570800674,172,192.0036064,8.296533451,172,210.3554869,9.777834712,172,196.7970118,7.955733962,172,185.7197321,8.025752656,172,189.0108192,9.797431924,172,181.2462648,12.79038079,172,177.2395672,9.005049766,172,101.0027949,8.458663311,172,82.42817216,8.58719893,172,161.3292342,9.655658627,172,190.5477921,9.259342638,172,198.4461618
6.786944153,173,232.2287481,7.72535524,173,234.9891808,9.862635339,173,226.8119526,8.09544852,173,226.9680577,8.499370417,173,219.8912931,8.831364373,173,202.6543019,8.598271189,173,192.5528078,8.323029366,173,212.1174652,9.833833541,173,197.4889232,8.010974442,173,188.2658423,8.081095041,173,187.1653787,9.851671463,173,182.0736734,12.84562127,173,178.4183411,9.0610363,173,103.0162102,8.515283843,173,84.08160984,8.642952721,173,164.1145892,9.712430427,173,191.589156,9.287483116,173,184.7666151
6.815017218,174,232.5182895,7.781971581,174,234.8021638,9.91677101,174,227.1942298,8.120857269,174,226.9752705,8.527146137,174,220.4368882,8.86263609,174,202.7058217,8.654311039,174,192.2143225,8.351733274,174,209.937661,9.890930386,174,194.2529624,8.038594682,174,190.5316847,8.164108619,174,187.9489954,9.909231791,174,182.0978877,12.87434632,174,176.6774858,9.115925059,174,105.0553382,8.570794168,174,86.73225266,8.726583408,174,169.6517608,9.766975881,174,192.5651202,9.344889689,174,191.3884596
6.844213206,175,231.7691911,7.837477798,175,235.4106131,9.94439125,175,226.9340546,8.176093681,175,226.5574446,8.582697578,175,220.1952602,8.919388464,175,202.8825348,8.680682734,175,192.0273055,8.435637006,175,210.7516744,9.944733182,175,196.8897476,8.121455403,175,188.9031427,8.247122196,175,188.2797527,9.962364401,175,182.1962906,12.92848199,175,176.7171561,9.201551522,175,107.8446059,8.627414699,175,88.3862493,8.782337199,175,170.1587479,9.823747681,175,188.3817775,9.398919406,175,199.3678516
6.900359335,176,232.5935085,7.894094139,176,235.5615662,10.02835678,176,227.327151,8.204816615,176,226.6053581,8.638249019,176,220.1957754,8.948343757,176,202.5358063,8.790564794,176,191.9381762,8.519540737,176,210.924781,10.02818242,176,198.181865,8.204316123,176,189.361154,8.302464581,176,189.1236476,9.992251494,176,180.5651726,12.98372247,176,176.9757857,9.256440281,176,109.4276132,8.684035231,176,90.71883734,8.83809099,176,173.0447177,9.850463822,176,192.3359419,9.456325979,176,195.9046883
6.930678245,177,232.5358063,7.95071048,177,235.1025245,10.08249245,177,226.6872746,8.286566505,177,226.3127254,8.693800459,177,219.8979907,9.005096132,177,202.7841319,8.845505824,177,192.2029882,8.547140649,177,211.0370943,10.14018007,177,197.5347759,8.259556603,177,186.3395157,8.330135773,177,188.0566718,10.07305734,177,182.2885111,13.01134271,177,177.0999485,9.339871194,177,112.724986,8.740655762,177,92.87926216,8.893844781,177,174.5528228,9.906122449,177,192.8418111,9.511481315,177,196.0577022
6.95875131,178,232.7279753,8.035079929,178,235.3256054,10.13773293,178,226.7805255,8.341802916,178,226.4070067,8.77712762,178,219.5461103,9.064164929,178,202.3019062,9.038898249,178,191.8809892,8.603444469,178,211.3920659,10.16653246,178,196.5363215,8.342417323,178,187.7697063,8.413149351,178,187.072643,10.1018375,178,181.6254508,13.06658319,178,175.0164863,9.367315574,178,114.0329793,8.796166087,178,95.01676914,8.949598573,178,175.3683622,9.961781076,178,191.5589715,9.568887888,178,194.8691396
7.01489744,179,232.989696,8.09169627,179,235.6079341,10.19297341,179,226.4976816,8.370525851,179,226.503864,8.83379009,179,219.6604843,9.122075515,179,202.4616177,9.120210974,179,191.953117,8.631044381,179,211.6877898,10.22253129,179,196.6944874,8.397657804,179,185.4379186,8.468491736,179,188.5198351,10.15718397,179,183.2936631,13.12182367,179,176.5837197,9.423302108,179,115.5366126,8.826141662,179,95.70653997,9.005352364,179,177.0676356,9.98961039,179,192.8725545,9.654434939,179,196.6331788
7.073289415,180,232.5383823,8.148312611,180,235.1313756,10.24821389,180,226.6373004,8.426866991,180,226.6017517,8.862676839,180,219.8789284,9.207783183,180,201.9464194,9.202622518,180,191.2184441,8.686244204,180,211.6063885,10.27743211,180,197.075219,8.454003093,180,188.1983514,8.551505313,180,188.9201443,10.21363737,180,178.7640392,13.20468439,180,175.6846986,9.506733021,180,118.2800447,8.881651987,180,98.41475685,9.088983051,180,179.9686976,10.04638219,180,194.5170486,9.709590275,180,196.5960845
7.128312622,181,233.111798,8.23268206,181,235.5193199,10.27583413,181,226.0267903,8.480998674,181,226.7460072,8.916006222,181,219.7295209,9.266851981,181,202.0309119,9.258662369,181,191.5352911,8.714948112,181,211.3647604,10.33343093,181,196.2627512,8.508138764,181,186.992272,8.607954545,181,188.7769191,10.26787691,181,178.8279238,13.28754511,181,176.3997939,9.562719555,181,120.5382895,8.939382725,181,100.1537172,9.116859946,181,180.3247624,10.10092764,181,192.9519285,9.736605133,181,195.052035
7.157508609,182,233.0401855,8.289298401,182,235.2725399,10.30345437,182,226.1777434,8.50861688,182,226.0855229,8.972668691,182,219.633694,9.295807274,182,201.865018,9.478426489,182,190.9706337,8.770147936,182,211.5821741,10.38942976,182,196.5193199,8.535759004,182,186.9778465,8.689861275,182,189.4863472,10.35200354,182,180.5785677,13.34278559,182,179.5698094,9.618706089,182,121.8306316,8.993782844,182,102.4656233,9.201605709,182,181.0318614,10.15658627,182,195.2873113,9.794011706,182,195.0314271
7.214777661,183,233.5327151,8.318161634,183,235.4693457,10.35869485,183,226.2823287,8.59036677,183,226.4152499,9.054884823,183,219.3075734,9.35371786,183,201.8438949,9.559739213,183,191.1226172,8.797747847,183,212.0633694,10.41688017,183,197.3503349,8.590999484,183,188.0896445,8.772874852,183,188.7727975,10.40513615,183,181.2782071,13.42675112,183,176.2292633,9.674692623,183,123.8798211,9.051513582,183,104.6959195,9.285236396,183,183.3158189,10.18441558,183,195.1145892,9.850292661,183,196.8825348
7.270923791,184,233.137558,8.373667851,184,235.3884596,10.41393533,184,226.7990726,8.619089704,184,225.7104585,9.111547293,184,219.5337455,9.382673153,184,201.9526018,9.588308549,184,190.696033,8.855155664,184,211.9103555,10.472879,184,197.2313241,8.646239965,184,188.0113344,8.801652893,184,188.6269964,10.46269648,184,181.5832045,13.48088679,184,175.9793921,9.702137002,184,124.4751258,9.107023906,184,106.960313,9.313113292,184,183.0575741,10.24007421,184,198.2476244,9.905447996,184,196.3580629
7.300119778,185,232.9938176,8.430284192,185,235.1931994,10.44266038,185,226.2967543,8.674326116,185,225.9773313,9.165987705,185,219.0736734,9.440583739,185,201.7089129,9.642150758,185,190.7604328,8.881651579,185,213.6486347,10.5003294,185,198.2045337,8.701480445,185,186.6197836,8.883559622,185,187.7944359,10.54460925,185,178.5723854,13.53723208,185,174.8449253,9.758123536,185,127.0598099,9.134779069,185,106.4952487,9.367752007,185,183.3627725,10.29573284,185,192.6517608,9.934714093,185,195.6991242
7.385461895,186,233.2679031,8.4580373,186,235.4296754,10.49790086,186,226.5821741,8.701944322,186,226.6269964,9.222650174,186,219.4162803,9.499652536,186,201.6846986,9.698190609,186,190.2941783,8.910355487,186,214.1669243,10.55742625,186,197.2313241,8.786550784,186,188.6476043,8.938902007,186,188.6393612,10.59995572,186,178.3333333,13.59136775,186,176.1931994,9.84155445,186,128.941308,9.192509807,186,109.7506987,9.451382694,186,185.7098938,10.32356215,186,196.2845165,9.992120666,186,196.8320453
7.470804013,187,233.5656878,8.515763766,187,235.2699639,10.52441629,187,226.6141164,8.757180734,187,225.8387429,9.278201615,187,219.5641422,9.527449618,187,201.6166924,9.752032818,187,190.3874292,8.967763303,187,211.0082432,10.63867945,187,196.2426584,8.839581645,187,186.9742401,8.994244392,187,188.8876868,10.65530219,187,182.7573416,13.67533328,187,174.9536321,9.897540984,187,130.9390721,9.220264969,187,110.9429849,9.507136485,187,185.5863611,10.40816327,187,198.078815,10.047276,187,197.0530654
7.529195987,188,233.3178774,8.54240675,188,234.8608964,10.57965677,188,225.9989696,8.812417145,188,226.2462648,9.304866306,188,219.0880989,9.555246699,188,201.6125708,9.806973848,188,190.5651726,8.994259218,188,211.9613601,10.66832589,188,197.1488923,8.895926935,188,187.2261721,9.021915584,188,187.6785162,10.68297543,188,179.6646059,13.73057376,188,174.5471406,9.953527518,188,132.1676914,9.275775294,188,113.5338178,9.535013381,188,186.5204025,10.46270872,188,196.156512,10.10468258,188,195.6774858
7.55614613,189,233.4631633,8.599023091,189,235.194745,10.60838182,189,226.4034003,8.867653557,189,225.698609,9.361528776,189,219.4420402,9.615473709,189,201.4889232,9.834444363,189,190.0005152,9.050563038,189,211.3786708,10.72212869,189,197.5126224,8.950062606,189,188.0365791,9.077257969,189,187.5667182,10.76599513,189,180.8608964,13.78470944,189,175.8799588,10.00841628,189,133.7814421,9.332395826,189,114.5818893,9.619759144,189,188.3493572,10.49165121,189,197.1084405,10.15983791,189,195.7645544
7.614538105,190,233.7697063,8.626776199,190,234.8469861,10.66472711,190,226.0139104,8.921785241,190,225.8062854,9.444855937,190,219.2560536,9.672226083,190,201.6017517,9.889385393,190,189.8248326,9.105762862,190,211.9515714,10.77922553,190,196.6903658,8.977682846,190,188.1025245,9.132600354,190,188.5790829,10.8213416,190,179.4198867,13.83994992,190,176.1354972,10.03695843,190,134.9686976,9.389016357,190,117.0340973,9.674397859,190,188.3119061,10.54619666,190,196.1839016,10.18797839,190,197.4204019
7.643734092,191,233.5899021,8.655639432,191,235.4296754,10.71775797,191,225.8531685,8.950508175,191,225.9665121,9.500407377,191,219.2060793,9.730136669,191,201.496136,9.916855908,191,190.3132406,9.13446677,191,211.6568779,10.83302833,191,197.1674395,9.088163806,191,186.922205,9.160271547,191,188.5100464,10.87668807,191,180.8603812,13.8951904,191,175.7928903,10.09184719,191,136.294578,9.416771519,191,117.9921744,9.702274755,191,190.4840693,10.60408163,191,197.8535495,10.24425934,191,197.1782586
7.698757299,192,233.4533745,8.712255773,192,235.1293148,10.77410326,192,225.7331273,9.005744587,192,225.5280783,9.555958818,192,218.5940237,9.788047255,192,201.4574961,9.999267453,192,190.1756826,9.19077059,192,212.2560536,10.91647756,192,196.75322,9.116888856,192,187.750644,9.244391972,192,187.6110252,10.93203454,192,180.6331788,13.95043088,192,175.6409067,10.1489315,192,138.6260481,9.473392051,192,119.6987144,9.785905442,192,189.7803242,10.6296846,192,195.9340414,10.27239982,192,195.4894384
7.727953286,193,233.7861927,8.796625222,193,234.9206595,10.82934374,193,226.1190108,9.060980999,193,225.25966,9.61039923,193,218.3833076,9.845957841,193,201.6321484,10.02783679,193,190.1540443,9.217266505,193,211.7217929,11.13937486,193,196.1087069,9.171024527,193,188.015456,9.298627509,193,188.558475,10.95970777,193,180.2797527,14.00567136,193,175.4904688,10.23126464,193,140.5522638,9.501147213,193,120.4052543,9.842774309,193,192.7534936,10.68534323,193,197.4482951,10.32868077,193,195.8588357
7.785222339,194,233.0829469,8.853241563,194,235.140134,10.88458422,194,225.6893354,9.117322139,194,225.7187017,9.667061699,194,218.935085,9.874913134,194,201.4827409,10.081679,194,189.7542504,9.273570325,194,211.5002576,11.52917063,194,197.8912931,9.226265007,194,188.3704276,9.353969894,194,187.5409583,11.01505424,194,178.7985574,14.11615232,194,175.5960845,10.28834895,194,142.1442146,9.558877951,194,122.6998323,9.897413024,194,190.9765232,10.76883117,194,197.373393,10.38496173,194,197.6084493
7.813295404,195,233.6821226,8.90874778,195,234.8820196,10.93871989,195,226.077795,9.171453822,195,225.5208655,9.721502111,195,218.5667182,9.93282372,195,201.2153529,10.10914951,195,189.8413189,9.328770148,195,211.1890778,11.66752068,195,196.132406,9.253885247,195,187.6409067,9.409312279,195,187.4497682,11.07040071,195,180.202473,14.1713928,195,172.379186,10.3432377,195,144.2431526,9.614388276,195,123.5740637,9.954281891,195,192.7501397,10.82560297,195,198.784796,10.41310221,195,194.0875837
7.871687378,196,233.6110252,8.965364121,196,235.3781556,10.99506518,196,225.2431736,9.199072028,196,225.6774858,9.832604992,196,218.6378156,9.961779013,196,201.0072128,10.16409054,196,190.052035,9.357474056,196,212.9526018,11.72351951,196,196.2926327,9.282610297,196,187.4374034,9.464654664,196,188.7125193,11.12685411,196,180.6455435,14.22663328,196,174.4796497,10.37177986,196,144.8121856,9.672119014,196,126.4471772,10.00892061,196,191.8160984,10.88014842,196,197.8446059,10.46938316,196,198.7501288
7.898637521,197,233.6300876,9.050843694,197,235.0340031,11.04920085,197,225.9958784,9.25430844,197,224.8042246,9.861491741,197,218.3281813,10.04864489,197,200.7408552,10.19265988,197,189.7645544,9.412673879,197,213.6110252,11.77842032,197,196.4652241,9.364366208,197,187.6496651,9.519997048,197,188.2096857,11.18109365,197,178.7568264,14.28187376,197,175.241628,10.42666862,197,146.6171045,9.69876397,197,127.3951928,10.09366637,197,193.4617105,10.96474954,197,199.2319732,10.49752364,197,197.0803709
7.955906573,198,233.7197321,9.136323268,198,234.8109222,11.07682109,198,225.5790829,9.281926646,198,224.8408037,9.917043182,198,218.2086553,10.10771369,198,200.8825348,10.2739726,198,189.7125193,9.440273791,198,212.0314271,11.83332113,198,195.9824833,9.419606688,198,186.8098918,9.575339433,198,188.0880989,11.23754704,198,180.1926842,14.36583929,198,174.7094281,10.48265515,198,148.0888765,9.755384502,198,128.7998882,10.17618198,198,196.5081051,11.01929499,198,199.2828396,10.55493021,198,193.8346213
8.013175625,199,233.5059248,9.162966252,199,235.2071097,11.13316638,199,225.5445647,9.337163058,199,224.7836167,9.972594623,199,218.1834106,10.13551077,199,200.3874292,10.30254194,199,189.3266358,9.496577611,199,207.8758372,11.88931996,199,197.0803709,9.474847168,199,187.6604843,9.630681818,199,187.9582689,11.29178658,199,179.9129315,14.39235472,199,173.6743946,10.53864169,199,150.4376747,9.812005033,199,131.0290665,10.23193577,199,194.3577418,11.04823748,199,198.7031861,10.58194507,199,197.0164863
8.099640665,200,233.6254508,9.219582593,200,234.7573416,11.18730205,200,225.254508,9.393504198,200,225.0221535,10.11147322,200,218.0602782,10.19342136,200,200.7511592,10.32891363,200,189.5471406,9.552881431,200,212.1988666,11.94531879,200,196.8186502,9.530087648,200,187.1076765,9.686024203,200,188.3328181,11.37480629,200,178.8068006,14.47632025,200,173.7202473,10.59462822,200,153.2873113,9.897490933,200,133.4566797,10.25981267,200,194.1788709,11.15844156,200,199.8557854,10.63822602,200,195.7784647
8.126590807,201,233.9618753,9.276198934,201,235.1725914,11.24364734,201,225.3493045,9.447635882,201,225.2400824,10.19480039,201,217.4080371,10.22237665,201,200.6455435,10.38385466,201,189.3967027,9.608081254,201,211.9670273,12.0002196,201,198.3003606,9.585328128,201,187.5878413,9.713695396,201,187.4054611,11.43015276,201,179.8758372,14.55807616,201,174.9474498,10.62426815,201,153.8569033,9.953001258,201,134.9698155,10.31668153,201,195.7674679,11.21410019,201,199.8613751,10.69450698,201,196.3601236
8.183859859,202,233.7717671,9.332815275,202,234.7176713,11.29778302,202,225.4142195,9.474149359,202,225.1231324,10.2492408,202,217.7959815,10.28028724,202,200.0484286,10.43879569,202,188.950541,9.637889159,202,211.8114374,12.08476685,202,197.6749098,9.640568609,202,187.3137558,9.76903778,202,187.7424008,11.48549923,202,180.1133436,14.66966193,202,174.7851623,10.67805913,202,154.2576859,10.010732,202,136.6249301,10.37132025,202,197.9564002,11.27087199,202,199.1844606,10.75078793,202,193.119526
8.213055847,203,233.7192169,9.388321492,203,235.0231839,11.32540326,203,225.124678,9.502872293,203,224.9783617,10.30590327,203,217.7867079,10.4250637,203,200.0540958,10.46626621,203,189.3797012,9.66548907,203,211.9526018,12.11221726,203,198.2663575,9.695809089,203,189.4348274,9.796708973,203,187.4724369,11.56851893,203,178.2967543,14.7237976,203,173.4626481,10.73514344,203,156.7216322,10.06624232,203,139.0491895,10.42707404,203,196.4963667,11.29758813,203,199.1749581,10.77892841,203,196.9335394
8.269201976,204,234.0113344,9.444937833,204,234.9356002,11.38064374,204,225.4703761,9.559213433,204,225.0242143,10.33367899,204,217.7691911,10.48297429,204,200.062339,10.52340488,204,189.1638331,9.691984986,204,211.8876868,12.16711807,204,195.5497166,9.723429329,204,188.8505925,9.852051358,204,184.867594,11.6238654,204,179.064915,14.78014289,204,174.8562597,10.78893443,204,157.8747904,10.09399748,204,140.0961431,10.48282783,204,197.4443823,11.35324675,204,200.3851314,10.83520937,204,200.3441525
8.299520886,205,233.9551777,9.501554174,205,234.9567233,11.40826398,205,224.9469346,9.585726911,205,224.7145801,10.38923043,205,217.4023699,10.51192958,205,199.9855744,10.54867775,205,189.3493045,9.748288805,205,212.6692427,12.1956665,205,196.0139104,9.780879428,205,186.3281813,9.87972255,205,188.2411128,11.7068851,205,179.8356517,14.88951904,205,172.9237506,10.84601874,205,160.2084964,10.15172822,205,142.2588038,10.5396967,205,196.901621,11.40890538,205,199.5382895,10.86334984,205,196.4348274
8.326471029,206,233.8933539,9.558170515,206,235.1231324,11.46460927,206,224.8583205,9.668581529,206,224.9216899,10.41700615,206,217.550747,10.57099838,206,200.3441525,10.60361878,206,189.140134,9.832192537,206,212.3183926,12.25056731,206,195.984544,9.835015099,206,186.8784132,9.935064935,206,186.6872746,11.76223157,206,178.685729,14.94475952,206,173.3446677,10.90090749,206,161.9368362,10.20612834,206,144.5338178,10.59433541,206,197.0620458,11.43673469,206,201.7579653,10.9196308,206,197.5121072
8.383740081,207,234.239052,9.61589698,207,234.7856775,11.51984975,207,224.9742401,9.696199735,207,224.7588872,10.47255759,207,216.8670788,10.62775075,207,200.2926327,10.65855981,207,189.1524987,9.88739236,207,211.7789799,12.30546812,207,195.6759402,9.890255579,207,189.693457,9.99040732,207,187.4229778,11.81757804,207,179.0932509,15,207,174.4997424,10.9579918,207,163.9832309,10.26496928,207,145.4209055,10.62332739,207,198.6595864,11.52022263,207,200.1598658,10.94777127,207,196.877898
8.412936068,208,233.5656878,9.755772647,208,234.6975786,11.57398542,208,224.8274086,9.750331418,208,224.5595054,10.55588475,208,217.0190623,10.65670605,208,199.9840289,10.68603033,208,188.7573416,9.944800177,208,212.2828439,12.33401654,208,196.3652756,9.91677101,208,186.4507986,10.0457497,208,186.4430706,11.87292451,208,178.4744977,,,,11.01178279,208,164.8216881,10.3193694,208,148.9424259,10.6779661,208,198.2453885,11.60371058,208,200.8937954,11.00405223,208,195.8809892
8.441009133,209,233.8552293,9.84125222,209,234.5703246,11.60271047,209,224.8938691,9.779054353,209,224.3482741,10.58366047,209,217.5497166,10.71461663,209,199.9057187,10.71350084,209,188.3915507,10,209,212.1360124,12.36146695,209,195.6496651,9.97201149,209,187.1617723,10.10109209,209,186.9263266,11.92827098,209,180.3961875,,,,11.06776932,209,166.2906652,10.34823477,209,148.7126887,10.73483497,209,198.155953,11.6593692,209,200.510341,11.03219271,209,195.4853168
8.498278185,210,233.8325605,9.924511545,210,234.7037609,11.65795095,210,224.4142195,9.834290764,210,224.2653272,10.63921191,210,217.4945904,10.74357192,210,199.7336425,10.76844187,210,189.0731582,10.05630382,210,212.550747,12.41746578,210,195.2272025,10.02835678,210,186.9737249,10.12987013,210,187.0530654,11.98361745,210,177.690881,,,,11.09740925,210,167.528787,10.4037451,210,151.294019,10.78947368,210,198.5366126,11.716141,210,199.7506987,11.08847366,210,197.3982483
8.52635125,211,233.5455951,9.981127886,211,234.6342092,11.71208662,211,224.7923751,9.889527176,211,224.0453375,10.66698763,211,216.7650696,10.77252722,211,199.7841319,10.82448172,211,188.244204,10.11150364,211,211.1952602,12.47236659,211,196.5996909,10.08359726,211,186.0170015,10.21177686,211,188.2503864,12.04007084,211,178.2575992,,,,11.15229801,211,169.5394075,10.46147583,211,152.8926775,10.87310437,211,199.882616,11.79851577,211,200.3672443,11.14475462,211,195.9015971
8.611693367,212,234.0309119,10.00888099,212,234.4482226,11.7673271,212,224.6089645,9.945868316,212,224.298815,10.72253907,212,217.306543,10.8304378,212,199.5790829,10.87832393,212,188.7769191,10.16670347,212,212.0453375,12.50091501,212,196.2163833,10.13773293,212,187.1344668,10.2405549,212,187.6450283,12.12198362,212,176.6867594,,,,11.20938232,212,170.8060369,10.51698616,212,153.8317496,10.92885816,212,199.8988262,11.85528757,212,200.5790945,11.20216119,212,195.5868109
8.66896242,213,234.1674395,10.03885435,213,234.9232354,11.79494734,213,224.7202473,9.972381794,213,224.1112828,10.77809051,213,217.0412159,10.88834839,213,199.3106646,10.96073548,213,188.8825348,10.19540737,213,211.6846986,12.52836542,213,195.9979392,10.19297341,213,186.7624936,10.29479044,213,186.3173622,12.23267656,213,177.4018547,,,,11.2631733,213,172.3840134,10.60247206,213,157.9686976,10.98461195,213,200.3012856,11.93877551,213,203.1883734,11.23030167,213,196.9778465
8.754304537,214,233.9489954,10.12211368,214,234.3657908,11.87780806,214,224.5832045,10.05634114,214,223.7176713,10.83364195,214,216.9886656,10.94741719,214,199.4574961,11.04424584,214,188.2957239,10.22300729,214,211.6099948,12.58326623,214,197.1416795,10.24821389,214,185.693457,10.35013282,214,187.4028851,12.34336949,214,178.4162803,,,,11.34879977,214,174.5220794,10.63022722,214,158.5992174,11.01248885,214,200.5131358,11.96660482,214,199.9580771,11.34173796,214,195.5471406
8.782377601,215,233.8634724,10.14986679,215,234.4317362,11.90653311,215,224.8985059,10.08285462,215,223.8521381,10.88919339,215,217.0381247,11.00416956,215,199.2071097,11.15302908,215,188.1561051,10.2506072,215,212.1051005,12.61291267,215,195.111798,10.27693894,215,186.1159196,10.40658205,215,186.1478619,12.39982289,215,177.0896445,,,,11.40259075,215,177.5785355,10.65798238,215,159.8412521,11.06935772,215,200.3057574,12.02115028,215,201.70654,11.39914453,215,196.7547656
8.839646654,216,233.8526533,10.20648313,216,234.3451829,11.93415335,216,223.8330757,10.13809103,216,223.8330757,10.94474483,216,216.6228748,11.06208015,216,199.2266873,11.23544063,216,187.5754766,10.30691102,216,212.9206595,12.66671547,216,195.384338,10.33107461,216,186.3281813,10.46081759,216,187.5321999,12.45406243,216,178.5203503,,,,11.45967506,216,177.9262158,10.71571312,216,160.451649,11.12399643,216,201.1252096,12.05009276,216,200.7993292,11.45429986,216,196.9675425
8.868842641,217,234.311695,10.26309947,217,234.0798557,11.98939383,217,224.3044822,10.16570924,217,223.379186,11.0014073,217,217.134982,11.11999073,217,199.3209686,11.26291114,217,187.8124678,10.36321484,217,212.0417311,12.77761511,217,196.2735703,10.38631509,217,186.6244204,10.51615998,217,187.4693457,12.48284259,217,178.6213292,,,,11.48602166,217,178.9659027,10.74346829,217,161.3051984,11.20762712,217,199.5064282,12.10463822,217,201.0553382,11.51170644,217,195.5682638
8.924988771,218,233.625966,10.31860568,218,234.0566718,12.04463431,218,223.9850592,10.24856385,218,223.50644,11.02807199,218,216.5146832,11.20801483,218,199.0896445,11.29038166,218,188.4538897,10.39081475,218,212.0757342,12.80616353,218,195.1458011,10.47028062,218,185.5492014,10.57150236,218,186.2102009,12.62010184,218,178.1808346,,,,11.54420375,218,179.7920626,10.79897861,218,162.7965344,11.23550401,218,201.3588597,12.18923933,218,201.412521,11.56686177,218,195.0381247
8.954184758,219,233.5342607,10.37633215,219,234.057187,12.07225455,219,223.8114374,10.30380027,219,223.7496136,11.08362344,219,216.3101494,11.23581191,219,199.2673879,11.34532269,219,187.5842349,10.44601457,219,213.0927357,12.86106434,219,194.8521381,10.49679605,219,186.4811953,10.62795159,219,186.0005152,12.70422847,219,178.0551262,,,,11.62543911,219,182.1989939,10.93997484,219,167.0156512,11.29348796,219,201.0122974,12.2716141,219,199.9100056,11.65128321,219,196.7516744
9.01145381,220,233.7794951,10.43183837,220,234.4322514,12.15401046,220,223.3606388,10.38665488,220,223.4028851,11.1402859,220,216.6393612,11.29372249,220,198.4971664,11.3727932,220,187.9608449,10.50231839,220,212.2272025,12.88961277,220,195.6620299,10.55203653,220,186.4894384,10.65451594,220,186.3261206,12.75846801,220,176.8634724,,,,11.70887002,220,183.6757965,11.02435053,220,169.7132476,11.34812667,220,200.7177194,12.3283859,220,200.4164338,11.70756416,220,196.9412674
9.039526875,221,233.2699639,10.48956483,221,234.0159711,12.20925094,221,224.1715611,10.44189129,221,223.3735188,11.25027776,221,216.1628027,11.38058837,221,198.3477589,11.40246136,221,188.2879959,10.5310223,221,213.361154,12.9456116,221,195.1385884,10.60727701,221,185.3601236,10.70985832,221,187.2854199,12.81602834,221,178.0535806,,,,11.76485656,221,185.7305757,11.08208127,221,172.979877,11.40499554,221,201.9189491,12.3851577,221,200.9675797,11.84939217,221,196.7382792
9.068722863,222,233.8686244,10.51620782,222,234.0056672,12.26449142,222,223.3657908,10.49712771,222,223.7130345,11.33360492,222,216.3436373,11.49640954,222,198.8449253,11.48267526,222,188.0592478,10.58622212,222,212.6058733,12.973062,222,194.5759918,10.63600206,222,185.3802164,10.76520071,222,186.805255,12.86916095,222,177.9046883,,,,11.82084309,222,186.9698155,11.16534675,222,173.155953,11.45851918,222,203.843488,12.41076067,222,201.6154276,11.93268798,222,198.7980422
9.127114838,223,233.6239052,10.57282416,223,233.5899021,12.29321647,223,224.241628,10.55236412,223,223.0865533,11.41693208,223,216.3601236,11.52536484,223,197.9639361,11.53761629,223,186.9252962,10.61492603,223,213.4204019,13.02796281,223,195.327151,10.69013773,223,185.9422978,10.82054309,223,186.0072128,12.92561435,223,178.1658939,,,,11.87682963,223,188.8496367,11.22196729,223,175.7328116,11.51538805,223,198.8585802,12.46753247,223,200.2621576,12.01710941,223,193.6506955
9.182138045,224,233.6125708,10.60168739,224,233.9263266,12.34845695,224,223.4126739,10.57998232,224,223.1020093,11.47248352,224,215.6991242,11.58327542,224,198.6084493,11.59255732,224,187.8634724,10.67012586,224,213.0839773,13.05541322,224,195.2199897,10.74537821,224,186.550747,10.87588548,224,186.8294693,13.00752712,224,177.5224111,,,,11.93281616,224,189.6897708,11.30745319,224,177.5433203,11.59790366,224,203.5399665,12.54990724,224,201.9133594,12.07451598,224,197.9108707
9.210211109,225,233.4796497,10.65719361,225,233.8449253,12.40369743,225,223.8304997,10.66283694,225,223.0345183,11.52803496,225,215.9361154,11.61223072,225,198.3333333,11.62002784,225,187.2612056,10.72532568,225,212.8268934,13.08396164,225,193.4028851,10.80061869,225,184.6867594,10.93122786,225,185.8449253,13.09054682,225,173.8016486,,,,11.98880269,225,190.3409726,11.36296351,225,179.4443823,11.65365745,225,202.823365,12.60667904,225,201.5382895,12.18707789,225,193.9701185
9.267480162,226,233.4837713,10.71380995,226,233.3292117,12.45893791,226,223.2138073,10.71807335,226,223.122102,11.61136212,226,216.0747038,11.67129951,226,198.3776404,11.67496887,226,187.3307573,10.75513358,226,211.8196806,13.13996047,226,194.992272,10.85696398,226,186.2916023,10.95889906,226,185.7964967,13.14700022,226,177.74034,,,,12.01624707,226,191.861934,11.41958404,226,180.1123533,11.68153434,226,197.8792622,12.66233766,226,200.4466182,12.55177848,226,195.8588357
9.297799072,227,233.4848016,10.85479574,227,233.4121587,12.48655815,227,223.5981453,10.77330977,227,222.7315817,11.64024887,227,215.5239567,11.69909659,227,197.9103555,11.70243938,227,187.7017002,10.7827335,227,212.1483771,13.16741088,227,194.3565173,10.88347941,227,185.0788253,11.04191263,227,183.9850592,13.20123976,227,177.2740855,,,,12.07333138,227,192.7031861,11.47620457,227,182.1783119,11.73728814,227,203.7411962,12.71688312,227,201.3219676,12.60918505,227,195.7774343
9.352822279,228,233.6166924,10.96802842,228,233.5553838,12.54069382,228,223.5595054,10.80092797,228,223.2349304,11.69468928,228,216.0705822,11.75700718,228,198.114374,11.75738041,228,186.9819681,10.83793332,228,212.1463163,13.22340971,228,196.1226172,10.96634013,228,185.0355487,11.06958383,228,186.6409067,13.25769316,228,178.9309634,,,,12.15566452,228,194.1844606,11.55947006,228,184.4348798,11.79304193,228,202.1934041,12.77365492,228,201.372834,12.69248086,228,195.4966512
9.439287318,229,233.563627,11.02464476,229,233.1916538,12.57052368,229,223.3585781,10.85616438,229,222.2957239,11.75024072,229,215.8469861,11.81491777,229,197.8902628,11.78485093,229,187.2514168,10.89313314,229,211.680577,13.30576093,229,194.6115404,11.02268542,229,184.872746,11.12492621,229,186.9278722,13.28425946,229,177.9464194,,,,12.3510685,229,197.6299609,11.61609059,229,184.9793181,11.84879572,229,203.9139184,12.80037106,229,200.3320291,12.74988744,229,194.2653272
9.467360383,230,233.4631633,11.08015098,230,233.4307058,12.62465935,230,223.6424523,10.88378259,230,222.7331273,11.80579216,230,215.1926842,11.84387306,230,198.2539928,11.84089078,230,187.2792375,10.94943696,230,212.0587326,13.36175975,230,195.4131891,11.07682109,230,185.2771767,11.18248229,230,185.3544565,13.33960593,230,177.1530139,,,,12.43559719,230,199.7685858,11.67382133,230,186.0050307,11.90454951,230,203.7752935,12.82820037,230,200.1906093,12.80504277,230,194.2055641
9.524629436,231,233.8933539,11.13676732,231,233.6166924,12.68100464,231,223.5543534,10.96663721,231,222.566203,11.8613436,231,215.1602267,11.90178365,231,197.75322,11.86726247,231,186.8428645,11.00574078,231,212.7367336,13.38921016,231,194.6666667,11.10554614,231,185.2890263,11.23561098,231,186.3462133,13.3683861,231,177.3075734,,,,12.49048595,231,200.3750699,11.70157649,231,186.6109558,11.9603033,231,203.0961431,12.91280148,231,201.3370598,12.83430887,231,195.5105616
9.581898488,232,233.184441,11.19338366,232,233.88305,12.73514031,232,223.6929418,11.02187362,232,222.5172591,11.94467077,232,214.9958784,11.96085244,232,197.8475013,11.9222035,232,187.002576,11.0609406,232,211.9175683,13.44520899,232,195.4384338,11.15968181,232,188.1391036,11.26328217,232,185.6697579,13.45029887,232,175.9927872,,,,12.54757026,232,201.5757406,11.75708682,232,188.3767468,12.01605709,232,203.1676914,12.96846011,232,200.8250419,12.88946421,232,195.573931
9.611094475,233,233.503864,11.22113677,233,233.5904173,12.79038079,233,223.3317877,11.05059655,233,222.37661,11.97244649,233,215.4775889,12.01760482,233,197.4461618,12.00461505,233,187.070067,11.08854052,233,213.1885626,13.47375741,233,194.6099948,11.18730205,233,187.8413189,11.29206021,233,185.25966,13.50564534,233,176.758372,,,,12.60245902,233,202.0167691,11.78595219,233,187.1866965,12.04393399,233,204.2889883,13.02523191,233,203.000559,12.94687078,233,193.940237
9.638044617,234,233.558475,11.27886323,234,233.0932509,12.84451646,234,223.002576,11.13234644,234,221.6635755,12.05577365,234,215.1607419,12.04771832,234,197.7053065,12.0606549,234,186.8567749,11.14484434,234,211.5260175,13.52865822,234,194.7212777,11.21713191,234,185.3544565,11.37507379,234,184.0850077,13.64401151,234,175.6192684,,,,12.6869877,234,202.2671884,11.87032788,234,189.7070989,12.09968778,234,204.0564561,13.07977737,234,199.5131358,13.00202611,234,195.262236
9.69531367,235,233.4070067,11.33547957,235,233.428645,12.87324151,235,223.1123132,11.15996465,235,221.7341577,12.11243612,235,214.7042761,12.1044707,235,197.4106131,12.08702659,235,186.9345698,11.20004416,235,211.8346213,13.55610863,235,194.7094281,11.29888782,235,184.3776404,11.40274498,235,185.8887172,13.72703122,235,177.122102,,,,12.74077869,235,203.6003354,11.89808304,235,191.8367803,12.15544157,235,202.9776411,13.16437848,235,201.1101174,13.05943269,235,195.4008243
9.752582722,236,233.2117465,11.39098579,236,233.1190108,12.92848199,236,222.3596084,11.21520106,236,222.1452859,12.16687653,236,215.2498712,12.19133658,236,197.4827409,12.14196762,236,187.0659454,11.25745198,236,212.5996909,13.61100944,236,194.1798042,11.35412831,236,183.4111283,11.45808737,236,188.4507986,13.81005092,236,176.8773828,,,,12.76932084,236,204.0933482,11.92694841,236,191.1050866,12.18443354,236,203.5153717,13.21892393,236,203.8882057,13.11458802,236,193.7444616
9.809851774,237,233.2411128,11.41984902,237,233.2555384,12.98372247,237,223.1901082,11.27043747,237,222.3961875,12.223539,237,214.7594024,12.22029187,237,197.3343637,12.17053696,237,186.3147862,11.28394789,237,211.2771767,13.63955787,237,194.3029366,11.40826398,237,185.8382277,11.5123229,237,185.0963421,13.86539739,237,176.384338,,,,12.82530738,237,205.5069871,11.98356894,237,192.5992174,12.26694915,237,204.8160984,13.41372913,237,200.8809391,13.1427285,237,194.005152
9.839047762,238,233.179289,11.47535524,238,232.8361669,13.03896295,238,223.0556414,11.29805568,238,222.1107676,12.27797941,238,215.010304,12.25040537,238,197.4920144,12.22437917,238,186.5965997,11.34025171,238,211.3616692,13.69445868,238,196.1370428,11.43809384,238,184.3178774,11.56877214,238,186.0283359,13.92185079,238,176.8021638,,,,12.88239169,238,205.8060369,12.01243431,238,192.5243153,12.35057984,238,204.0145333,13.4961039,238,200.0838457,13.20013507,238,195.1880474
9.895193891,239,232.797527,11.50310835,239,233.1628027,13.09420343,239,222.7578568,11.35329209,239,221.9556929,12.33353085,239,215.1622875,12.30715775,239,197.2297785,12.2793202,239,186.1370428,11.39545153,239,211.0618238,13.75045751,239,195.4446162,11.4911247,239,184.6481195,11.62300767,239,184.8011334,13.97609033,239,175.4744977,,,,12.90873829,239,204.8641699,12.06794464,239,193.6724427,12.37845674,239,203.6970375,13.5528757,239,200.1822247,13.22714993,239,195.244204
9.980536008,240,233.2246265,11.56083481,240,232.5682638,13.17706415,240,223.1710459,11.4085285,240,221.6924266,12.39019332,240,214.6888202,12.33611304,240,196.8809892,12.33426123,240,186.7537352,11.42525944,240,212.3683668,13.77790791,240,195.6280268,11.57509023,240,185.3771252,11.65067887,240,185.8351365,14.00376356,240,175.3946419,,,,12.96472482,240,199.8172163,12.0956998,240,193.8770263,12.43421053,240,204.2984908,13.60742115,240,200.5947457,13.28343089,240,194.0005152
10.009732,241,233.2627512,11.5874778,241,232.9639361,13.20357958,241,222.6161772,11.46376491,241,221.5909325,12.44463373,241,214.74034,12.42297892,241,197.0180319,12.36173174,241,186.3204534,11.47935527,241,211.1550747,13.83390674,241,194.6697579,11.6292259,241,185.5991757,11.7071281,241,186.1200412,14.05911003,241,176.2045337,,,,13.13268443,241,208.2699832,12.20894086,241,196.1006149,12.48996432,241,203.8787032,13.63525046,241,201.4080492,13.39711842,241,194.3683668
10.06587813,242,233.3827924,11.72846359,242,232.7825863,13.25992487,242,222.2205049,11.51900133,242,221.9438434,12.50018517,242,214.3750644,12.48204772,242,197.1081917,12.38920226,242,185.9278722,11.53565909,242,211.8660484,13.88990557,242,194.3781556,11.65795095,242,183.8140134,11.78903483,242,185.01288,14.1144565,242,175.8541989,,,,13.21501756,242,208.6880939,12.2666716,242,197.4577977,12.54571811,242,203.6623812,13.66419295,242,200.0961431,13.48041423,242,196.1303452
10.09507411,243,232.7800103,11.78619005,243,232.4853168,13.34278559,243,222.0010304,11.57423774,243,221.800103,12.58351233,243,214.7398248,12.56775539,243,196.548171,12.44414329,243,186.4636785,11.563259,243,211.4353426,13.94480638,243,194.9010819,11.73970686,243,185.3920659,11.81670602,243,179.0535806,14.16980297,243,174.9330242,,,,13.2710041,243,210.9815539,12.34993709,243,198.333147,12.6014719,243,205.275014,13.7187384,243,200.4779206,13.56483566,243,191.5048944
10.12314718,244,233.0180319,11.84169627,244,232.553323,13.39802607,244,222.3987635,11.60185594,244,221.5816589,12.69461521,244,214.2704791,12.62566597,244,197.067491,12.49908432,244,186.0303967,11.64826673,244,211.4945904,14.00080521,244,194.7655848,11.79605215,244,183.997424,11.87204841,244,184.5991757,14.22514944,244,176.5095312,,,,13.32699063,244,210.0726663,12.40655762,244,198.8256009,12.65722569,244,205.607602,13.77662338,244,201.3460034,13.62111661,244,194.3827924
10.18041623,245,232.6810922,11.89942274,245,232.3544565,13.45326655,245,221.9793921,11.62947415,245,221.7243689,12.83460484,245,214.3508501,12.65462126,245,196.2534776,12.58149586,245,186.0973725,11.75866637,245,211.2838743,14.02825562,245,194.3884596,11.90653311,245,184.7326121,11.8997196,245,185.7934055,14.2539296,245,176.1705307,,,,13.38187939,245,210.3594187,12.46317815,245,199.2459475,12.71297948,245,204.157071,13.83116883,245,201.0933482,13.67739757,245,196.6661515
10.20848929,246,232.9526018,11.95381883,246,232.6275116,13.4819916,246,222.1442555,11.68471056,246,221.5203503,12.91682098,246,213.5033488,12.71369006,246,197.2328697,12.66500623,246,186.0659454,11.81497019,246,211.4049459,14.05570602,246,194.1458011,11.96177359,246,183.8124678,11.95616883,246,185.4502834,14.30816914,246,175.0978877,,,,13.52239461,246,212.0234768,12.51868848,246,200.9463387,12.74308653,246,205.2604807,13.85899814,246,200.2895472,13.76294462,246,192.2447192
10.26688127,247,232.374034,12.01043517,247,232.431221,13.53612727,247,222.1602267,11.71232877,247,221.3683668,12.97237242,247,213.4631633,12.74148714,247,196.7970118,12.69137792,247,185.9062339,11.87127401,247,211.192169,14.11170485,247,194.0984029,12.01590926,247,183.8433797,12.01040437,247,184.1885626,14.33584237,247,174.9989696,,,,13.63326991,247,213.9938513,12.57530901,247,200.7982113,12.79661017,247,205.8518726,13.9135436,247,200.588597,13.84736605,247,197.4240082
10.29495433,248,232.7944359,12.06705151,248,232.0607934,13.56374751,248,222.1968058,11.76756518,248,221.4822257,13.02792386,248,213.381762,12.79939773,248,196.5244719,12.74631895,248,185.7604328,11.92757783,248,210.6862442,14.16770368,248,193.6579083,12.04463431,248,183.6970634,12.06574675,248,185.1648635,14.39229577,248,175.9082947,,,,13.80013173,248,214.7434321,12.60306417,248,201.3448854,12.82560214,248,206.8177753,13.9703154,248,201.4958077,13.90252139,248,191.1561051
10.35222339,249,233.0262751,12.12366785,249,232.3735188,13.61898799,249,221.8748068,11.79518338,249,221.1293148,13.05569958,249,213.4837713,12.82835302,249,196.620814,12.77488829,249,185.7418856,11.98277766,249,212.1416795,14.22260449,249,193.4631633,12.09876998,249,184.309119,12.09341795,249,185.1720762,14.50188178,249,174.5842349,,,,13.9121048,249,214.6562325,12.6596847,249,200.5405254,12.85459411,249,204.569033,13.99814471,249,201.7596423,13.95992796,249,194.3426069
10.38029645,250,232.5358063,12.18028419,250,232.01288,13.67422847,250,221.867594,11.8504198,250,221.4956208,13.11125102,250,213.2168985,12.85730832,250,196.6733642,12.8287305,250,185.2565688,12.03908147,250,211.9582689,14.27860332,250,195.0942813,12.12639022,250,184.5224111,12.14986718,250,184.0092736,14.58490148,250,175.9556929,,,,14.05262002,250,216.3778647,12.68743986,250,202.0916713,12.93599465,250,205.3085523,14.05269017,250,199.8278368,13.98919406,250,192.8243174
10.4375655,251,232.2478104,12.29240675,251,231.4358578,13.70184871,251,221.6867594,11.878038,251,220.8799588,13.16791349,251,213.5172591,12.9152189,251,196.4976816,12.88477035,251,185.862442,12.0942813,251,213.2436888,14.33350414,251,193.7764039,12.15511527,251,183.5151984,12.20410272,251,184.3523957,14.64135488,251,174.7934055,,,,14.10750878,251,215.5902739,12.7440604,251,202.6031302,13.01962533,251,204.9904975,14.10946197,251,200.078256,14.04322377,251,192.5260175
10.46563857,252,232.3874292,12.35013321,252,232.202473,13.75708919,252,222.1911386,11.93437914,252,221.1164348,13.2223539,252,213.3833076,12.97312949,252,196.6038125,12.93861256,252,185.262236,12.12298521,252,213.5301391,14.36205256,252,193.7243689,12.21035575,252,184.503864,12.2594451,252,185.2040185,14.72326766,252,166.2679031,,,,14.19203747,252,215.8250419,12.82843609,252,203.5964226,13.0764942,252,204.8714366,14.13840445,252,201.0363331,14.07248987,252,193.6913962
10.52290762,253,232.4209171,12.40563943,253,231.6063885,13.78470944,253,222.1179804,11.96089262,253,220.6331788,13.27901637,253,213.1684699,13.05999537,253,196.4791345,12.96828071,253,185.8031942,12.20578494,253,211.9386914,14.41695337,253,193.9495106,12.23797599,253,184.3183926,12.31478749,253,183.9860896,14.77861412,253,175.3111798,,,,14.24692623,253,216.4058133,12.88616683,253,204.25545,13.13224799,253,204.0508664,14.19406308,253,201.1101174,14.1276452,253,194.002576
10.55210361,254,232.3585781,12.46225577,254,231.5218959,13.83994992,254,221.514168,11.98851083,254,220.8948995,13.33345678,254,212.9155075,13.11906416,254,195.688305,13.0210241,254,185.4600721,12.23338485,254,210.5589902,14.44440378,254,193.9309634,12.29432128,254,184.5188047,12.37012987,254,183.9448738,14.80739429,254,175.3189078,,,,14.30291276,254,216.9362772,12.94167715,254,203.6679709,13.21587868,254,204.1453326,14.24749536,254,199.980995,14.21319226,254,192.4343122
10.58017667,255,232.1051005,12.49000888,255,232.0139104,13.8951904,255,221.6656363,12.04485197,255,220.7073673,13.38900822,255,212.9592993,13.14686125,255,196.3338485,13.04849462,255,185.4178259,12.28968867,255,210.7980422,14.52785301,255,194.2117465,12.32194152,255,185.7717671,12.39890791,255,184.0041216,14.86163383,255,177.924781,,,,14.3588993,255,215.0335383,12.99829768,255,206.2219117,13.2705174,255,205.7870319,14.33209647,255,197.2655115,14.26947321,255,193.6166924
10.63744573,256,232.7779495,12.54662522,256,231.8346213,13.95043088,256,221.7398248,12.09898365,256,220.9165379,13.41678394,256,213.1107676,13.20477183,256,195.7382792,13.10343565,256,185.4265842,12.34599249,256,210.4678001,14.58385184,256,193.9969088,12.43021286,256,184.3972179,12.45535714,256,184.6512107,14.91808723,256,0.10303967,,,,14.38634368,256,217.2314142,13.05491821,256,205.1414198,13.32738626,256,204.8669648,14.3877551,256,199.607602,14.29648807,256,193.5935085
10.66551879,257,232.1607419,12.57437833,257,231.5862957,13.97805112,257,222.005152,12.18183827,257,220.7264297,13.47233538,257,212.4811953,13.26268242,257,196.0195775,13.15837668,257,185.2575992,12.40119232,257,210.2369912,14.61130225,257,193.5126224,12.48655815,257,183.2102009,12.50848583,257,186.0968573,14.97232677,257,0.101494075,,,,14.44233021,257,216.9122415,13.11042854,257,206.8188932,13.41213202,257,204.430408,14.44341373,257,201.0888765,14.38316074,257,192.046883
10.72166492,258,232.5342607,12.6321048,258,231.6136012,14.0332916,258,220.6738794,12.23707468,258,220.4678001,13.52788682,258,212.498712,13.29163771,258,196.1396188,13.18584719,258,185.6800618,12.45749614,258,210.7923751,14.66730108,258,193.6146316,12.54179863,258,182.7444616,12.56493506,258,183.7707367,15,258,0.117980422,,,,14.52576112,258,217.3242035,13.13929391,258,206.3946339,13.43889384,258,205.8054779,14.52801484,258,201.3029625,14.40904998,258,193.8655332
10.75198383,259,231.8871716,12.68872114,259,231.4641937,14.08853208,259,221.8433797,12.29231109,259,219.9026275,13.58343826,259,212.9433282,13.3495483,259,195.8562597,13.24078822,259,184.8413189,12.51379996,259,210.5615662,14.6958495,259,194.638846,12.59703911,259,183.324575,12.6191706,259,184.9582689,,,,,,,14.58174766,259,217.9301286,13.22477981,259,207.2045836,13.49353256,259,205.5433203,14.5825603,259,202.1934041,14.43719045,259,193.620814
10.80812996,260,232.3178774,12.74422735,260,231.3621844,14.14377256,260,220.690881,12.32103403,260,220.3590933,13.6389897,260,212.8536837,13.43641418,260,195.3797012,13.37923962,260,185.01288,12.56899978,260,212.0056672,14.75075031,260,193.8222566,12.65227959,260,186.3431221,12.64684179,260,186.0819165,,,,,,,14.60919204,260,217.5947457,13.28029013,260,205.5382895,13.54928635,260,204.4393516,14.6393321,260,199.9167132,14.49572265,260,193.4116435
10.83732595,261,232.1669243,12.80084369,261,231.0798557,14.19901304,261,221.5909325,12.43040212,261,220.2143225,13.66787645,261,212.9793921,13.46536947,261,195.8505925,13.43308183,261,184.4322514,12.6253036,261,213.0958269,14.83419955,261,0.159711489,12.7340355,261,182.8449253,12.70218418,261,183.4214323,,,,,,,14.69372073,261,219.7557295,13.33691067,261,209.5651202,13.60504014,261,205.7126887,14.69387755,261,197.5455562,14.52161189,261,192.4085523
10.89347208,262,231.9309634,12.8285968,262,231.3214838,14.25425352,262,220.8990211,12.45802033,262,220.6749098,13.72231687,262,212.5981453,13.49432476,262,195.6888202,13.48802286,262,185.1772282,12.65290351,262,210.0978877,14.91764878,262,0.145285935,12.79038079,262,184.1746522,12.75752656,262,183.9196291,,,,,,,14.74860948,262,218.5349357,13.39242099,262,208.411962,13.66190901,262,205.9474567,14.74953618,262,203.1436557,14.57789284,262,192.3256054
10.92154514,263,232.1798042,12.88521314,263,231.3400309,14.309494,263,221.1087069,12.51325674,263,220.3101494,13.77786831,263,212.5466255,13.55339356,263,195.5059248,13.54296389,263,184.5806285,12.70920733,263,211.6841834,14.97364761,263,0.154559505,12.81800103,263,183.6280268,12.78519776,263,182.989696,,,,,,,14.80459602,263,218.0307434,13.45126193,263,208.8384572,13.68978591,263,204.4253773,14.80519481,263,199.8764673,14.60828456,263,193.5188047
10.95074113,264,232.3178774,12.94182948,264,231.3024214,14.36473448,264,220.8717156,12.56849315,264,219.9500258,13.83341975,264,212.696033,13.61014593,264,195.6192684,13.5704344,264,184.6671819,12.76440715,264,209.1746522,15,264,0.148892324,12.87324151,264,182.9510562,12.86821133,264,183.5347759,,,,,,,14.86058255,264,218.451649,13.53452742,264,209.5349357,13.7455397,264,204.490777,14.83191095,264,198.6489659,14.6341738,264,193.4842865
11.00801018,265,231.8330757,12.96958259,265,230.7089129,14.47632025,265,221.0360639,12.59611136,265,220.3833076,13.88897119,265,212.8227718,13.66805652,265,195.6249356,13.62537543,265,184.3956723,12.79200707,265,210.8145286,,,,12.90086175,265,182.7413704,12.92355372,265,183.0566718,,,,,,,14.91547131,265,183.2179989,13.59003775,265,209.764114,13.85816236,265,205.2526551,14.91651206,265,201.4264952,14.69158037,265,193.7326121
11.03608325,266,231.7341577,13.02619893,266,230.5785677,14.53045592,266,220.5564142,12.65134777,266,220.1442555,13.94563366,266,212.5873261,13.78387769,266,194.9015971,13.65284595,266,184.451829,12.82071097,266,210.0844925,,,,12.98261766,266,183.5821741,12.9788961,266,184.1411643,,,,,,,14.97145785,266,0.184460593,13.61890312,266,209.9066518,14.08006244,266,204.1598658,14.97217069,266,199.6897708,14.7467357,266,192.122102
11.0933523,267,231.9392066,13.08170515,267,231.0829469,14.55807616,267,220.4585265,12.70658418,267,219.4410098,13.97229835,267,212.3719732,13.8139912,267,195.3266358,13.70778698,267,184.7114889,12.90461471,267,210.2148377,,,,13.01134271,267,182.5672334,13.03534534,267,183.2091705,,,,,,,15,267,0.182224707,13.67663385,267,209.8160984,14.1926851,267,205.2247065,15,267,185.9714925,14.8052679,267,193.3503349
11.15174427,268,231.5358063,13.13943162,268,231.2194745,14.61442145,268,221.1081917,12.7894388,268,220.0963421,14.00007407,268,212.3426069,13.87074357,268,195.8037094,13.76272801,268,184.1112828,12.93221462,268,210.5862957,,,,13.06658319,268,182.3158166,13.08958087,268,182.9721793,,,,,,,,,,13.73103397,268,210.3018446,14.27408564,268,206.2906652,,,,14.85929761,268,193.0618238
11.17869442,269,231.812983,13.16718472,269,230.8021638,14.66855712,269,220.2184441,12.817057,269,220.0066976,14.05562551,269,212.1138588,13.89969886,269,194.9211747,13.79129734,269,184.5208655,12.98851844,269,209.8892324,,,,13.12182367,269,183.9685729,13.17259445,269,183.3230294,,,,,,,,,,13.78876471,269,211.3381778,14.38559322,269,205.0111794,,,,14.91557857,269,193.4976816
11.20676748,270,231.5296239,13.22380107,270,230.8325605,14.7237976,270,220.0283359,12.87229342,270,219.7805255,14.16672839,270,212.0592478,13.98656474,270,195.4420402,13.84513955,270,184.3900052,13.01611835,270,209.6682123,,,,13.14944391,270,183.5847501,13.22904368,270,183.1545595,,,,,,,,,,13.84427504,270,212.0480715,14.46922391,270,207.1475685,,,,14.94484466,270,193.742916
11.23596347,271,231.2060793,13.2526643,271,230.428645,14.75252265,271,219.9330242,12.92863456,271,219.859866,14.22227983,271,212.1138588,14.04563354,271,194.8712004,13.87261007,271,184.3786708,13.07242217,271,210.0443071,,,,13.20468439,271,182.1798042,13.28327922,271,184.0221535,,,,,,,,,,13.90089557,271,211.3851314,14.52609277,271,204.881498,,,,15,271,193.0056672
11.32130558,272,232.264812,13.30817052,272,230.1354972,14.80665832,272,220.7496136,12.98276624,272,219.3359093,14.2789423,272,212.1112828,14.07343062,272,195.4992272,13.92864992,272,184.2318393,13.12762199,272,210.2550232,,,,13.23230463,272,181.8979907,13.33972845,272,183.9077795,,,,,,,,,,13.93087114,272,211.1989939,14.58184657,272,208.077697,,,,,,
11.37857464,273,231.5811437,13.33592362,273,230.3570325,14.8618988,273,220.3225142,13.06562086,273,219.4183411,14.33338271,273,211.8619268,14.10238592,273,194.7614632,13.98359095,273,184.0288511,13.18392581,273,210.1102524,,,,13.28754511,273,183.2673879,13.39396399,273,182.818135,,,,,,,,,,13.98527126,273,211.4348798,14.69335415,273,205.5612074,,,,,,
11.4066477,274,231.61051,13.39253996,274,231.1061309,14.91713928,274,0.066975786,13.09434379,274,219.0391551,14.39004518,274,211.3518805,14.1602965,274,194.8799588,14.01106146,274,183.7238537,13.24133363,274,209.2601752,,,,13.34278559,274,183.3863988,13.42163518,274,183.5321999,,,,,,,,,,14.04189179,274,212.1693684,14.77698483,274,204.2191168,,,,,,
11.46391675,275,231.6218444,13.47690941,275,229.8645028,14.97237976,275,0.100463679,13.14847548,275,219.2060793,14.44448559,275,211.6398764,14.1892518,275,194.859866,14.06490367,275,184.0819165,13.29542945,275,209.3575477,,,,13.39802607,275,182.8464709,13.47808442,275,183.3596084,,,,,,,,,,14.12626749,275,214.2012297,14.88849242,275,205.0642817,,,,,,
11.55038179,276,231.1782586,13.50688277,276,230.4708913,15,276,0.097372488,13.17609368,276,219.0669758,14.50114806,276,211.303967,14.24716238,276,194.6620299,14.09457183,276,183.8799588,13.35283727,276,209.4945904,,,,13.45326655,276,183.1576507,13.53231995,276,182.374034,,,,,,,,,,14.60587669,276,213.9748463,14.97323818,276,204.0139743,,,,,,
11.57957778,277,231.4023699,13.56127886,277,230.6836682,,,,13.23133009,277,218.8876868,14.55558847,277,211.2916023,14.30507297,277,195.2065945,14.14841404,277,183.5842349,13.37933319,277,210.2972694,,,,13.53612727,277,181.8294693,13.58876919,277,182.2673879,,,,,,,,,,14.74687292,277,214.9966462,15,277,204.5019564,,,,,,
11.63572391,278,231.327151,13.64564831,278,230.2735703,,,,13.2865665,278,219.0448223,14.61225094,278,211.555899,14.36298355,278,194.9824833,14.20225624,278,183.3544565,13.43453301,278,209.4672849,,,,13.56374751,278,181.6326636,13.64300472,278,183.2818135,,,,,,,,,,14.80238324,278,214.4879821,,,,,,,,,
11.66379698,279,231.5079856,13.70226465,279,230.4430706,,,,13.34180292,279,218.5965997,14.63891564,279,211.4435858,14.39193885,279,194.7058217,14.25719727,279,183.8742916,13.54714065,279,209.1777434,,,,13.61898799,279,182.2637816,13.69945396,279,183.4611025,,,,,,,,,,14.86011398,279,214.1045277,,,,,,,,,
11.71994311,280,231.0262751,13.75888099,280,229.8160742,,,,13.39703933,280,219.1107676,14.69446708,280,211.2091705,14.42089414,280,194.5079856,14.3121383,280,183.6476043,13.60234047,280,209.1287996,,,,13.64660823,280,181.2704791,13.75368949,280,182.38949,,,,,,,,,,14.91562431,280,214.5930688,,,,,,,,,
11.75026202,281,230.5801133,13.7866341,281,229.872746,,,,13.42465753,281,218.8444101,14.72335383,281,211.441525,14.47880473,281,194.1937146,14.33960882,281,183.6599691,13.62994038,281,209.3493045,,,,13.70184871,281,182.6718187,13.81013872,281,183.2472952,,,,,,,,,,14.97335504,281,112.901062,,,,,,,,,
11.80640814,282,230.8047398,13.84325044,282,229.7738279,,,,13.45227574,282,218.922205,14.77779424,282,211.4992272,14.53671531,282,194.5837197,14.39454985,282,183.5888717,13.6862442,282,207.236476,,,,13.72946895,282,182.12983,13.86437426,282,183.0350335,,,,,,,,,,15,282,0.178311906,,,,,,,,,
11.83448121,283,230.7444616,13.90097691,283,229.6022669,,,,13.50751215,283,218.6239052,14.83334568,283,211.321999,14.56682882,283,194.5497166,14.42311919,283,183.5002576,13.74254802,283,209.2977846,,,,13.78470944,283,181.3925811,13.91971665,283,182.2565688,,,,,,,,,,,,,,,,,,,,,
11.91982333,284,231.314271,13.95648313,284,229.6893354,,,,13.56274856,284,218.1540443,14.88889712,284,210.9979392,14.5946259,284,194.4765585,14.47806022,284,183.2184441,13.77014794,284,208.9783617,,,,13.83994992,284,182.8706852,13.97616588,284,184.0273055,,,,,,,,,,,,,,,,,,,,,
11.94901931,285,230.7413704,13.98423623,285,229.9994848,,,,13.59036677,285,218.5414735,14.94555959,285,211.8037094,14.65253648,285,194.2215353,14.53190242,285,183.3925811,13.82645176,285,211.1483771,,,,13.86757016,285,182.1421947,14.03040142,285,182.5579598,,,,,,,,,,,,,,,,,,,,,
11.97709238,286,230.4920144,14.04085258,286,229.5538382,,,,13.64560318,286,218.132406,15,286,0.095826893,14.68264999,286,193.8572901,14.58684345,286,182.8253478,13.88165158,286,209.9783617,,,,13.8951904,286,181.5631118,14.08685065,286,184.3570325,,,,,,,,,,,,,,,,,,,,,
12.03548435,287,230.49356,14.09857904,287,230.1468315,,,,13.67432612,287,218.6980938,,,,14.73940236,287,194.1092221,14.64178448,287,183.4245234,13.91035549,287,209.1432251,,,,13.95043088,287,184.9082947,14.14108619,287,182.1231324,,,,,,,,,,,,,,,,,,,,,
12.06355742,288,230.6836682,14.12522202,288,229.4641937,,,,13.7284578,288,218.9319938,,,,14.79731295,288,193.8402885,14.67035382,288,183.2040185,13.96555531,288,209.1591963,,,,14.00677617,288,182.3044822,14.19864227,288,182.4456466,,,,,,,,,,,,,,,,,,,,,
12.09163048,289,230.3513653,14.18183837,289,229.8031942,,,,13.75607601,289,218.4513138,,,,14.85522353,289,194.1210716,14.72419603,289,183.2405976,13.99315522,289,208.9953632,,,,14.0332916,289,181.8011334,14.36245573,289,180.7882535,,,,,,,,,,,,,,,,,,,,,
12.14777661,290,230.4178259,14.23845471,290,229.2210201,,,,13.94940345,290,218.0113344,,,,14.91313412,290,193.7769191,14.75166654,290,183.1051005,14.04945904,290,209.5888717,,,,14.06091184,290,181.6110252,14.4454693,290,183.8639876,,,,,,,,,,,,,,,,,,,,,
12.23536458,291,230.2050489,14.29507105,291,229.4008243,,,,14.03225806,291,218.0360639,,,,14.97220292,291,193.7794951,14.8077064,291,183.1030397,14.10686686,291,208.4636785,,,,14.11615232,291,182.5744462,14.4731405,291,181.1205564,,,,,,,,,,,,,,,,,,,,,
12.26231472,292,230.5698094,14.32393428,292,229,,,,14.08749448,292,218.049459,,,,15,292,194.2921175,14.91648963,292,0.079340546,14.16096268,292,208.7666151,,,,14.14377256,292,183.7501288,14.52958973,292,182.072643,,,,,,,,,,,,,,,,,,,,,
12.29151071,293,230.0175167,14.3794405,293,228.6321484,,,,14.14273089,293,218.0664606,,,,,,,14.97362831,293,0.08758372,14.18966659,293,208.5363215,,,,14.19901304,293,182.2184441,14.58493211,293,181.4121587,,,,,,,,,,,,,,,,,,,,,
12.34765683,294,230.6749098,14.40719361,294,229.5667182,,,,14.1979673,294,218.0479134,,,,,,,15,294,0.080886141,14.24486642,294,207.3436373,,,,14.25425352,294,181.2035033,14.6402745,294,181.3225142,,,,,,,,,,,,,,,,,,,,,
12.37685282,295,230.4533745,14.46492007,295,229.555899,,,,14.22558551,295,217.763524,,,,,,,,,,14.27357032,295,209.4111283,,,,14.309494,295,181.2977846,14.69561688,295,182.0587326,,,,,,,,,,,,,,,,,,,,,
12.43412187,296,230.3158166,14.49267318,296,229.1720762,,,,14.28082192,296,217.5275631,,,,,,,,,,14.32987414,296,210.805255,,,,14.36583929,296,181.7372488,14.74985242,296,181.1014941,,,,,,,,,,,,,,,,,,,,,
12.46219494,297,229.9422978,14.55039964,297,228.8742916,,,,14.39239947,297,217.4636785,,,,,,,,,,14.35637006,297,208.3049974,,,,14.4475952,297,180.9665121,14.80519481,297,180.9474498,,,,,,,,,,,,,,,,,,,,,
12.52058691,298,230.1303452,14.57704263,298,229.0097888,,,,14.47414936,298,217.3436373,,,,,,,,,,14.44137779,298,208.5857805,,,,14.50283568,298,181.8866564,14.86164404,298,181.9711489,,,,,,,,,,,,,,,,,,,,,
12.54753706,299,230.2323545,14.63254885,299,228.7357032,,,,14.5304905,299,216.9520866,,,,,,,,,,14.49657761,299,208.1839258,,,,14.5856964,299,181.8299845,14.91698642,299,0.126738794,,,,,,,,,,,,,,,,,,,,,
12.60480611,300,230.2277177,14.68916519,300,228.6862442,,,,14.58462218,300,217.4832561,,,,,,,,,,14.52417752,300,208.5734158,,,,14.64093688,300,180.7887687,14.97343566,300,0.095311695,,,,,,,,,,,,,,,,,,,,,
12.66207516,301,229.5033488,14.74578153,301,228.6692427,,,,14.61224039,301,217.2323545,,,,,,,,,,14.58048134,301,208.3508501,,,,14.69728217,301,176.9644513,15,301,0.111282844,,,,,,,,,,,,,,,,,,,,,
12.71934421,302,229.9644513,14.80239787,302,228.7980422,,,,14.69509501,302,217.3446677,,,,,,,,,,14.66438507,302,207.5121072,,,,14.7237976,302,176.8062854,,,,,,,,,,,,,,,,,,,,,,,,
12.77549034,303,229.2854199,14.86012433,303,228.3070582,,,,14.72271321,303,217.2447192,,,,,,,,,,14.7195849,303,208.1354972,,,,14.77903808,303,180.4626481,,,,,,,,,,,,,,,,,,,,,,,,
12.83500524,304,229.5904173,14.91452043,304,228.8717156,,,,14.75143615,304,216.6151468,,,,,,,,,,14.74828881,304,207.8954147,,,,14.83427856,304,180.3900052,,,,,,,,,,,,,,,,,,,,,,,,
12.89002845,305,229.5399279,14.97224689,305,228.9556929,,,,14.80556783,305,217.2849047,,,,,,,,,,14.77699271,305,208.0030912,,,,14.8618988,305,181.1612571,,,,,,,,,,,,,,,,,,,,,,,,
12.9472975,306,229.5775374,15,306,58.61978362,,,,14.86190897,306,216.4981968,,,,,,,,,,14.83219254,306,207.9551777,,,,14.91713928,306,0.119526018,,,,,,,,,,,,,,,,,,,,,,,,
13.00456655,307,229.1689851,,,,,,,14.91604065,307,188.9206595,,,,,,,,,,14.88849636,307,76.4059763,,,,14.97237976,307,0.112313241,,,,,,,,,,,,,,,,,,,,,,,,
13.11798173,308,229.4023699,,,,,,,14.97127707,308,0.089129315,,,,,,,,,,14.91720026,308,0.162802679,,,,15,308,0.090159711,,,,,,,,,,,,,,,,,,,,,,,,
13.17525079,309,229.6125708,,,,,,,15,309,0.100463679,,,,,,,,,,14.97240009,309,0.163317877,,,,,,,,,,,,,,,,,,,,,,,,,,,,,,
13.23364276,310,229.2699639,,,,,,,,,,,,,,,,,,,15,310,0.172076249,,,,,,,,,,,,,,,,,,,,,,,,,,,,,,
13.2605929,311,229.1458011,,,,,,,,,,,,,,,,,,,,,,,,,,,,,,,,,,,,,,,,,,,,,,,,,,,
13.31786196,312,229.2478104,,,,,,,,,,,,,,,,,,,,,,,,,,,,,,,,,,,,,,,,,,,,,,,,,,,
13.37513101,313,228.8011334,,,,,,,,,,,,,,,,,,,,,,,,,,,,,,,,,,,,,,,,,,,,,,,,,,,
13.43127714,314,229.0942813,,,,,,,,,,,,,,,,,,,,,,,,,,,,,,,,,,,,,,,,,,,,,,,,,,,
13.48854619,315,229.0463679,,,,,,,,,,,,,,,,,,,,,,,,,,,,,,,,,,,,,,,,,,,,,,,,,,,
13.51774218,316,229.0473982,,,,,,,,,,,,,,,,,,,,,,,,,,,,,,,,,,,,,,,,,,,,,,,,,,,
13.57501123,317,228.683153,,,,,,,,,,,,,,,,,,,,,,,,,,,,,,,,,,,,,,,,,,,,,,,,,,,
13.60308429,318,229.1210716,,,,,,,,,,,,,,,,,,,,,,,,,,,,,,,,,,,,,,,,,,,,,,,,,,,
13.66035335,319,229.1447707,,,,,,,,,,,,,,,,,,,,,,,,,,,,,,,,,,,,,,,,,,,,,,,,,,,
13.68842641,320,228.9773313,,,,,,,,,,,,,,,,,,,,,,,,,,,,,,,,,,,,,,,,,,,,,,,,,,,
13.74569546,321,228.5270479,,,,,,,,,,,,,,,,,,,,,,,,,,,,,,,,,,,,,,,,,,,,,,,,,,,
13.77489145,322,228.4657393,,,,,,,,,,,,,,,,,,,,,,,,,,,,,,,,,,,,,,,,,,,,,,,,,,,
13.83103758,323,227.8176198,,,,,,,,,,,,,,,,,,,,,,,,,,,,,,,,,,,,,,,,,,,,,,,,,,,
13.88830663,324,228.1736218,,,,,,,,,,,,,,,,,,,,,,,,,,,,,,,,,,,,,,,,,,,,,,,,,,,
13.97364875,325,228.2040185,,,,,,,,,,,,,,,,,,,,,,,,,,,,,,,,,,,,,,,,,,,,,,,,,,,
14.0309178,326,228.0206079,,,,,,,,,,,,,,,,,,,,,,,,,,,,,,,,,,,,,,,,,,,,,,,,,,,
14.05899087,327,228.6548171,,,,,,,,,,,,,,,,,,,,,,,,,,,,,,,,,,,,,,,,,,,,,,,,,,,
14.11625992,328,227.8057702,,,,,,,,,,,,,,,,,,,,,,,,,,,,,,,,,,,,,,,,,,,,,,,,,,,
14.14433298,329,228.174137,,,,,,,,,,,,,,,,,,,,,,,,,,,,,,,,,,,,,,,,,,,,,,,,,,,
14.20272496,330,227.2483256,,,,,,,,,,,,,,,,,,,,,,,,,,,,,,,,,,,,,,,,,,,,,,,,,,,
14.25999401,331,227.8835652,,,,,,,,,,,,,,,,,,,,,,,,,,,,,,,,,,,,,,,,,,,,,,,,,,,
14.31614014,332,227.7089129,,,,,,,,,,,,,,,,,,,,,,,,,,,,,,,,,,,,,,,,,,,,,,,,,,,
14.37340919,333,227.7346728,,,,,,,,,,,,,,,,,,,,,,,,,,,,,,,,,,,,,,,,,,,,,,,,,,,
14.43180117,334,227.5656878,,,,,,,,,,,,,,,,,,,,,,,,,,,,,,,,,,,,,,,,,,,,,,,,,,,
14.45875131,335,227.9438434,,,,,,,,,,,,,,,,,,,,,,,,,,,,,,,,,,,,,,,,,,,,,,,,,,,
14.51489744,336,227.7547656,,,,,,,,,,,,,,,,,,,,,,,,,,,,,,,,,,,,,,,,,,,,,,,,,,,
14.57216649,337,227.4744977,,,,,,,,,,,,,,,,,,,,,,,,,,,,,,,,,,,,,,,,,,,,,,,,,,,
14.62943554,338,227.1643483,,,,,,,,,,,,,,,,,,,,,,,,,,,,,,,,,,,,,,,,,,,,,,,,,,,
14.65975445,339,227.7336425,,,,,,,,,,,,,,,,,,,,,,,,,,,,,,,,,,,,,,,,,,,,,,,,,,,
14.71477766,340,226.9891808,,,,,,,,,,,,,,,,,,,,,,,,,,,,,,,,,,,,,,,,,,,,,,,,,,,
14.74509657,341,226.9881504,,,,,,,,,,,,,,,,,,,,,,,,,,,,,,,,,,,,,,,,,,,,,,,,,,,
14.80011978,342,226.8464709,,,,,,,,,,,,,,,,,,,,,,,,,,,,,,,,,,,,,,,,,,,,,,,,,,,
14.85851175,343,227.6738794,,,,,,,,,,,,,,,,,,,,,,,,,,,,,,,,,,,,,,,,,,,,,,,,,,,
14.91465788,344,227.2673879,,,,,,,,,,,,,,,,,,,,,,,,,,,,,,,,,,,,,,,,,,,,,,,,,,,
14.97192694,345,227.3833076,,,,,,,,,,,,,,,,,,,,,,,,,,,,,,,,,,,,,,,,,,,,,,,,,,,
15,346,226.6944874,,,,,,,,,,,,,,,,,,,,,,,,,,,,,,,,,,,,,,,,,,,,,,,,,,,
